# Blender 4.5.2 LTS
# www.blender.org
mtllib сфера.mtl
o Sphere
v 0.000000 0.995185 -0.098017
v 0.000000 0.980785 -0.195090
v 0.000000 0.956940 -0.290285
v 0.000000 0.881921 -0.471397
v 0.000000 0.471397 -0.881921
v 0.000000 0.382683 -0.923880
v 0.000000 0.290285 -0.956940
v 0.000000 0.098017 -0.995185
v 0.000000 0.000000 -1.000000
v 0.000000 -0.098017 -0.995185
v 0.000000 -0.290285 -0.956940
v 0.000000 -0.382683 -0.923880
v 0.000000 -0.471397 -0.881921
v 0.000000 -0.956940 -0.290285
v 0.000000 -0.995185 -0.098017
v 0.009607 0.995185 -0.097545
v 0.019122 0.980785 -0.194151
v 0.028453 0.956940 -0.288887
v 0.037510 0.923880 -0.380841
v 0.046205 0.881921 -0.469127
v 0.054455 0.831470 -0.552895
v 0.062181 0.773010 -0.631339
v 0.069309 0.707107 -0.703702
v 0.075768 0.634393 -0.769288
v 0.081498 0.555570 -0.827466
v 0.086443 0.471397 -0.877675
v 0.090556 0.382683 -0.919431
v 0.093797 0.290285 -0.952332
v 0.096134 0.195090 -0.976062
v 0.097545 0.098017 -0.990393
v 0.098017 0.000000 -0.995185
v 0.097545 -0.098017 -0.990393
v 0.096134 -0.195090 -0.976062
v 0.093797 -0.290285 -0.952332
v 0.090556 -0.382683 -0.919431
v 0.086443 -0.471397 -0.877675
v 0.081498 -0.555570 -0.827466
v 0.075768 -0.634393 -0.769288
v 0.069309 -0.707107 -0.703702
v 0.062181 -0.773010 -0.631339
v 0.054455 -0.831470 -0.552895
v 0.046205 -0.881921 -0.469127
v 0.037510 -0.923880 -0.380841
v 0.028453 -0.956940 -0.288887
v 0.019122 -0.980785 -0.194151
v 0.009607 -0.995185 -0.097545
v 0.019122 0.995185 -0.096134
v 0.038060 0.980785 -0.191342
v 0.056632 0.956940 -0.284707
v 0.074658 0.923880 -0.375330
v 0.091965 0.881921 -0.462339
v 0.108386 0.831470 -0.544895
v 0.123764 0.773010 -0.622204
v 0.137950 0.707107 -0.693520
v 0.150807 0.634393 -0.758157
v 0.162212 0.555570 -0.815493
v 0.172054 0.471397 -0.864975
v 0.180240 0.382683 -0.906127
v 0.186690 0.290285 -0.938553
v 0.191342 0.195090 -0.961940
v 0.194151 0.098017 -0.976062
v 0.195090 0.000000 -0.980785
v 0.194151 -0.098017 -0.976062
v 0.191342 -0.195090 -0.961940
v 0.186690 -0.290285 -0.938553
v 0.180240 -0.382683 -0.906127
v 0.172054 -0.471397 -0.864975
v 0.162212 -0.555570 -0.815493
v 0.150807 -0.634393 -0.758157
v 0.137950 -0.707107 -0.693520
v 0.123764 -0.773010 -0.622204
v 0.108386 -0.831470 -0.544895
v 0.091965 -0.881921 -0.462339
v 0.074658 -0.923880 -0.375330
v 0.056632 -0.956940 -0.284707
v 0.038060 -0.980785 -0.191342
v 0.019122 -0.995185 -0.096134
v 0.028453 0.995185 -0.093797
v 0.056632 0.980785 -0.186690
v 0.084265 0.956940 -0.277785
v 0.111087 0.923880 -0.366205
v 0.136839 0.881921 -0.451099
v 0.161274 0.831470 -0.531648
v 0.184155 0.773010 -0.607077
v 0.205262 0.707107 -0.676659
v 0.224393 0.634393 -0.739725
v 0.241363 0.555570 -0.795667
v 0.256008 0.471397 -0.843946
v 0.268188 0.382683 -0.884098
v 0.277785 0.290285 -0.915735
v 0.284707 0.195090 -0.938553
v 0.288887 0.098017 -0.952332
v 0.290285 0.000000 -0.956940
v 0.288887 -0.098017 -0.952332
v 0.284707 -0.195090 -0.938553
v 0.277785 -0.290285 -0.915735
v 0.268188 -0.382683 -0.884098
v 0.256008 -0.471397 -0.843946
v 0.241363 -0.555570 -0.795667
v 0.224393 -0.634393 -0.739725
v 0.205262 -0.707107 -0.676659
v 0.184155 -0.773010 -0.607077
v 0.161274 -0.831470 -0.531648
v 0.136839 -0.881921 -0.451099
v 0.111087 -0.923880 -0.366205
v 0.084265 -0.956940 -0.277785
v 0.056632 -0.980785 -0.186690
v 0.028453 -0.995185 -0.093797
v 0.037510 0.995185 -0.090556
v 0.074658 0.980785 -0.180240
v 0.111087 0.956940 -0.268188
v 0.146447 0.923880 -0.353553
v 0.180396 0.881921 -0.435514
v 0.212608 0.831470 -0.513280
v 0.242772 0.773010 -0.586103
v 0.270598 0.707107 -0.653281
v 0.295818 0.634393 -0.714169
v 0.318190 0.555570 -0.768178
v 0.337497 0.471397 -0.814789
v 0.353553 0.382683 -0.853553
v 0.366205 0.290285 -0.884098
v 0.375330 0.195090 -0.906127
v 0.380841 0.098017 -0.919431
v 0.382683 0.000000 -0.923880
v 0.380841 -0.098017 -0.919431
v 0.375330 -0.195090 -0.906127
v 0.366205 -0.290285 -0.884098
v 0.353553 -0.382683 -0.853553
v 0.337497 -0.471397 -0.814789
v 0.318190 -0.555570 -0.768178
v 0.295818 -0.634393 -0.714169
v 0.270598 -0.707107 -0.653281
v 0.242772 -0.773010 -0.586103
v 0.212608 -0.831470 -0.513280
v 0.180396 -0.881921 -0.435514
v 0.146447 -0.923880 -0.353553
v 0.111087 -0.956940 -0.268188
v 0.074658 -0.980785 -0.180240
v 0.037510 -0.995185 -0.090556
v 0.046205 0.995185 -0.086443
v 0.091965 0.980785 -0.172054
v 0.136839 0.956940 -0.256008
v 0.180396 0.923880 -0.337497
v 0.222215 0.881921 -0.415735
v 0.261894 0.831470 -0.489969
v 0.299051 0.773010 -0.559485
v 0.333328 0.707107 -0.623612
v 0.364395 0.634393 -0.681734
v 0.391952 0.555570 -0.733291
v 0.415735 0.471397 -0.777785
v 0.435514 0.382683 -0.814789
v 0.451099 0.290285 -0.843946
v 0.462339 0.195090 -0.864975
v 0.469127 0.098017 -0.877675
v 0.471397 0.000000 -0.881921
v 0.469127 -0.098017 -0.877675
v 0.462339 -0.195090 -0.864975
v 0.451099 -0.290285 -0.843946
v 0.435514 -0.382683 -0.814789
v 0.415735 -0.471397 -0.777785
v 0.391952 -0.555570 -0.733291
v 0.364395 -0.634393 -0.681734
v 0.333328 -0.707107 -0.623612
v 0.299051 -0.773010 -0.559485
v 0.261894 -0.831470 -0.489969
v 0.222215 -0.881921 -0.415735
v 0.180396 -0.923880 -0.337497
v 0.136839 -0.956940 -0.256008
v 0.091965 -0.980785 -0.172054
v 0.046205 -0.995185 -0.086443
v 0.054455 0.995185 -0.081498
v 0.108386 0.980785 -0.162212
v 0.161274 0.956940 -0.241363
v 0.212608 0.923880 -0.318190
v 0.261894 0.881921 -0.391952
v 0.308658 0.831470 -0.461940
v 0.352450 0.773010 -0.527479
v 0.392847 0.707107 -0.587938
v 0.429462 0.634393 -0.642735
v 0.461940 0.555570 -0.691342
v 0.489969 0.471397 -0.733291
v 0.513280 0.382683 -0.768178
v 0.531648 0.290285 -0.795667
v 0.544895 0.195090 -0.815493
v 0.552895 0.098017 -0.827466
v 0.555570 0.000000 -0.831470
v 0.552895 -0.098017 -0.827466
v 0.544895 -0.195090 -0.815493
v 0.531648 -0.290285 -0.795667
v 0.513280 -0.382683 -0.768178
v 0.489969 -0.471397 -0.733291
v 0.461940 -0.555570 -0.691342
v 0.429462 -0.634393 -0.642735
v 0.392847 -0.707107 -0.587938
v 0.352450 -0.773010 -0.527479
v 0.308658 -0.831470 -0.461940
v 0.261894 -0.881921 -0.391952
v 0.212608 -0.923880 -0.318190
v 0.161274 -0.956940 -0.241363
v 0.108386 -0.980785 -0.162212
v 0.054455 -0.995185 -0.081498
v 0.062181 0.995185 -0.075768
v 0.123764 0.980785 -0.150807
v 0.184155 0.956940 -0.224393
v 0.242772 0.923880 -0.295818
v 0.299051 0.881921 -0.364395
v 0.352450 0.831470 -0.429462
v 0.402455 0.773010 -0.490393
v 0.448584 0.707107 -0.546601
v 0.490393 0.634393 -0.597545
v 0.527479 0.555570 -0.642735
v 0.559485 0.471397 -0.681734
v 0.586103 0.382683 -0.714168
v 0.607077 0.290285 -0.739725
v 0.622204 0.195090 -0.758157
v 0.631338 0.098017 -0.769288
v 0.634393 0.000000 -0.773010
v 0.631338 -0.098017 -0.769288
v 0.622204 -0.195090 -0.758157
v 0.607077 -0.290285 -0.739725
v 0.586103 -0.382683 -0.714168
v 0.559485 -0.471397 -0.681734
v 0.527479 -0.555570 -0.642735
v 0.490393 -0.634393 -0.597545
v 0.448584 -0.707107 -0.546601
v 0.402455 -0.773010 -0.490393
v 0.352450 -0.831470 -0.429462
v 0.299051 -0.881921 -0.364395
v 0.242772 -0.923880 -0.295818
v 0.184155 -0.956940 -0.224393
v 0.123764 -0.980785 -0.150807
v 0.062181 -0.995185 -0.075768
v 0.069309 0.995185 -0.069309
v 0.137950 0.980785 -0.137950
v 0.205262 0.956940 -0.205262
v 0.270598 0.923880 -0.270598
v 0.333328 0.881921 -0.333328
v 0.392848 0.831470 -0.392848
v 0.448584 0.773010 -0.448584
v 0.500000 0.707107 -0.500000
v 0.546601 0.634393 -0.546601
v 0.587938 0.555570 -0.587938
v 0.623612 0.471397 -0.623612
v 0.653281 0.382683 -0.653281
v 0.676659 0.290285 -0.676659
v 0.693520 0.195090 -0.693520
v 0.703702 0.098017 -0.703702
v 0.707107 0.000000 -0.707107
v 0.703702 -0.098017 -0.703702
v 0.693520 -0.195090 -0.693520
v 0.676659 -0.290285 -0.676659
v 0.653281 -0.382683 -0.653281
v 0.623612 -0.471397 -0.623612
v 0.587938 -0.555570 -0.587938
v 0.546601 -0.634393 -0.546601
v 0.500000 -0.707107 -0.500000
v 0.448584 -0.773010 -0.448584
v 0.392848 -0.831470 -0.392848
v 0.333328 -0.881921 -0.333328
v 0.270598 -0.923880 -0.270598
v 0.205262 -0.956940 -0.205262
v 0.137950 -0.980785 -0.137950
v 0.069309 -0.995185 -0.069309
v 0.075768 0.995185 -0.062181
v 0.150807 0.980785 -0.123764
v 0.224393 0.956940 -0.184155
v 0.295818 0.923880 -0.242772
v 0.364395 0.881921 -0.299051
v 0.429462 0.831470 -0.352450
v 0.490393 0.773010 -0.402455
v 0.546601 0.707107 -0.448584
v 0.597545 0.634393 -0.490393
v 0.642735 0.555570 -0.527479
v 0.681734 0.471397 -0.559485
v 0.714168 0.382683 -0.586103
v 0.739725 0.290285 -0.607077
v 0.758157 0.195090 -0.622203
v 0.769288 0.098017 -0.631338
v 0.773010 0.000000 -0.634393
v 0.769288 -0.098017 -0.631338
v 0.758157 -0.195090 -0.622203
v 0.739725 -0.290285 -0.607077
v 0.714168 -0.382683 -0.586103
v 0.681734 -0.471397 -0.559485
v 0.642735 -0.555570 -0.527479
v 0.597545 -0.634393 -0.490393
v 0.546601 -0.707107 -0.448584
v 0.490393 -0.773010 -0.402455
v 0.429462 -0.831470 -0.352450
v 0.364395 -0.881921 -0.299051
v 0.295818 -0.923880 -0.242772
v 0.224393 -0.956940 -0.184155
v 0.150807 -0.980785 -0.123764
v 0.075768 -0.995185 -0.062181
v 0.081498 0.995185 -0.054455
v 0.162212 0.980785 -0.108386
v 0.241363 0.956940 -0.161274
v 0.318190 0.923880 -0.212607
v 0.391952 0.881921 -0.261894
v 0.461940 0.831470 -0.308658
v 0.527479 0.773010 -0.352450
v 0.587938 0.707107 -0.392847
v 0.642735 0.634393 -0.429462
v 0.691342 0.555570 -0.461940
v 0.733291 0.471397 -0.489969
v 0.768178 0.382683 -0.513280
v 0.795667 0.290285 -0.531648
v 0.815493 0.195090 -0.544895
v 0.827466 0.098017 -0.552895
v 0.831470 0.000000 -0.555570
v 0.827466 -0.098017 -0.552895
v 0.815493 -0.195090 -0.544895
v 0.795667 -0.290285 -0.531648
v 0.768178 -0.382683 -0.513280
v 0.733291 -0.471397 -0.489969
v 0.691342 -0.555570 -0.461940
v 0.642735 -0.634393 -0.429462
v 0.587938 -0.707107 -0.392847
v 0.527479 -0.773010 -0.352450
v 0.461940 -0.831470 -0.308658
v 0.391952 -0.881921 -0.261894
v 0.318190 -0.923880 -0.212607
v 0.241363 -0.956940 -0.161274
v 0.162212 -0.980785 -0.108386
v 0.081498 -0.995185 -0.054455
v 0.086443 0.995185 -0.046205
v 0.172054 0.980785 -0.091965
v 0.256008 0.956940 -0.136839
v 0.337497 0.923880 -0.180396
v 0.415735 0.881921 -0.222215
v 0.489969 0.831470 -0.261894
v 0.559485 0.773010 -0.299051
v 0.623613 0.707107 -0.333328
v 0.681734 0.634393 -0.364395
v 0.733291 0.555570 -0.391952
v 0.777785 0.471397 -0.415735
v 0.814789 0.382683 -0.435514
v 0.843946 0.290285 -0.451099
v 0.864975 0.195090 -0.462339
v 0.877675 0.098017 -0.469127
v 0.881921 0.000000 -0.471397
v 0.877675 -0.098017 -0.469127
v 0.864975 -0.195090 -0.462339
v 0.843946 -0.290285 -0.451099
v 0.814789 -0.382683 -0.435514
v 0.777785 -0.471397 -0.415735
v 0.733291 -0.555570 -0.391952
v 0.681734 -0.634393 -0.364395
v 0.623613 -0.707107 -0.333328
v 0.559485 -0.773010 -0.299051
v 0.489969 -0.831470 -0.261894
v 0.415735 -0.881921 -0.222215
v 0.337497 -0.923880 -0.180396
v 0.256008 -0.956940 -0.136839
v 0.172054 -0.980785 -0.091965
v 0.086443 -0.995185 -0.046205
v 0.090556 0.995185 -0.037510
v 0.180240 0.980785 -0.074658
v 0.268188 0.956940 -0.111087
v 0.353553 0.923880 -0.146447
v 0.435514 0.881921 -0.180396
v 0.513280 0.831470 -0.212608
v 0.586103 0.773010 -0.242772
v 0.653281 0.707107 -0.270598
v 0.714168 0.634393 -0.295818
v 0.768178 0.555570 -0.318190
v 0.814789 0.471397 -0.337497
v 0.853553 0.382683 -0.353553
v 0.884098 0.290285 -0.366205
v 0.906127 0.195090 -0.375330
v 0.919431 0.098017 -0.380841
v 0.923879 0.000000 -0.382683
v 0.919431 -0.098017 -0.380841
v 0.906127 -0.195090 -0.375330
v 0.884098 -0.290285 -0.366205
v 0.853553 -0.382683 -0.353553
v 0.814789 -0.471397 -0.337497
v 0.768178 -0.555570 -0.318190
v 0.714168 -0.634393 -0.295818
v 0.653281 -0.707107 -0.270598
v 0.586103 -0.773010 -0.242772
v 0.513280 -0.831470 -0.212608
v 0.435514 -0.881921 -0.180396
v 0.353553 -0.923880 -0.146447
v 0.268188 -0.956940 -0.111087
v 0.180240 -0.980785 -0.074658
v 0.090556 -0.995185 -0.037510
v 0.093797 0.995185 -0.028453
v 0.186690 0.980785 -0.056632
v 0.277785 0.956940 -0.084265
v 0.366205 0.923880 -0.111087
v 0.451099 0.881921 -0.136839
v 0.531648 0.831470 -0.161274
v 0.607076 0.773010 -0.184155
v 0.676659 0.707107 -0.205262
v 0.739725 0.634393 -0.224393
v 0.795667 0.555570 -0.241363
v 0.843946 0.471397 -0.256008
v 0.884098 0.382683 -0.268188
v 0.915735 0.290285 -0.277785
v 0.938553 0.195090 -0.284707
v 0.952332 0.098017 -0.288887
v 0.956940 0.000000 -0.290285
v 0.952332 -0.098017 -0.288887
v 0.938553 -0.195090 -0.284707
v 0.915735 -0.290285 -0.277785
v 0.884098 -0.382683 -0.268188
v 0.843946 -0.471397 -0.256008
v 0.795667 -0.555570 -0.241363
v 0.739725 -0.634393 -0.224393
v 0.676659 -0.707107 -0.205262
v 0.607076 -0.773010 -0.184155
v 0.531648 -0.831470 -0.161274
v 0.451099 -0.881921 -0.136839
v 0.366205 -0.923880 -0.111087
v 0.277785 -0.956940 -0.084265
v 0.186690 -0.980785 -0.056632
v 0.093797 -0.995185 -0.028453
v 0.096134 0.995185 -0.019122
v 0.191342 0.980785 -0.038060
v 0.284707 0.956940 -0.056632
v 0.375330 0.923880 -0.074658
v 0.462339 0.881921 -0.091965
v 0.544895 0.831470 -0.108386
v 0.622204 0.773010 -0.123764
v 0.693520 0.707107 -0.137950
v 0.758157 0.634393 -0.150807
v 0.815493 0.555570 -0.162212
v 0.864975 0.471397 -0.172054
v 0.906127 0.382683 -0.180240
v 0.938553 0.290285 -0.186690
v 0.961940 0.195090 -0.191342
v 0.976063 0.098017 -0.194151
v 0.980785 0.000000 -0.195090
v 0.976063 -0.098017 -0.194151
v 0.961940 -0.195090 -0.191342
v 0.938553 -0.290285 -0.186690
v 0.906127 -0.382683 -0.180240
v 0.864975 -0.471397 -0.172054
v 0.815493 -0.555570 -0.162212
v 0.758157 -0.634393 -0.150807
v 0.693520 -0.707107 -0.137950
v 0.622204 -0.773010 -0.123764
v 0.544895 -0.831470 -0.108386
v 0.462339 -0.881921 -0.091965
v 0.375330 -0.923880 -0.074658
v 0.284707 -0.956940 -0.056632
v 0.191342 -0.980785 -0.038060
v 0.096134 -0.995185 -0.019122
v 0.097545 0.995185 -0.009607
v 0.194151 0.980785 -0.019122
v 0.288887 0.956940 -0.028453
v 0.380841 0.923880 -0.037510
v 0.469127 0.881921 -0.046205
v 0.552895 0.831470 -0.054455
v 0.631338 0.773010 -0.062181
v 0.703702 0.707107 -0.069308
v 0.769288 0.634393 -0.075768
v 0.827466 0.555570 -0.081498
v 0.877674 0.471397 -0.086443
v 0.919431 0.382683 -0.090556
v 0.952332 0.290285 -0.093797
v 0.976062 0.195090 -0.096134
v 0.990393 0.098017 -0.097545
v 0.995185 0.000000 -0.098017
v 0.990393 -0.098017 -0.097545
v 0.976062 -0.195090 -0.096134
v 0.952332 -0.290285 -0.093797
v 0.919431 -0.382683 -0.090556
v 0.877674 -0.471397 -0.086443
v 0.827466 -0.555570 -0.081498
v 0.769288 -0.634393 -0.075768
v 0.703702 -0.707107 -0.069308
v 0.631338 -0.773010 -0.062181
v 0.552895 -0.831470 -0.054455
v 0.469127 -0.881921 -0.046205
v 0.380841 -0.923880 -0.037510
v 0.288887 -0.956940 -0.028453
v 0.194151 -0.980785 -0.019122
v 0.097545 -0.995185 -0.009607
v 0.098017 0.995185 0.000000
v 0.195090 0.980785 -0.000000
v 0.290285 0.956940 0.000000
v 0.382683 0.923880 0.000000
v 0.471397 0.881921 0.000000
v 0.555570 0.831470 -0.000000
v 0.634393 0.773010 -0.000000
v 0.707107 0.707107 0.000000
v 0.773010 0.634393 -0.000000
v 0.831470 0.555570 -0.000000
v 0.881921 0.471397 0.000000
v 0.923879 0.382683 0.000000
v 0.956940 0.290285 -0.000000
v 0.980785 0.195090 0.000000
v 0.995185 0.098017 0.000000
v 1.000000 0.000000 0.000000
v 0.995185 -0.098017 0.000000
v 0.980785 -0.195090 0.000000
v 0.956940 -0.290285 -0.000000
v 0.923879 -0.382683 0.000000
v 0.881921 -0.471397 0.000000
v 0.831470 -0.555570 -0.000000
v 0.773010 -0.634393 -0.000000
v 0.707107 -0.707107 0.000000
v 0.634393 -0.773010 -0.000000
v 0.555570 -0.831470 -0.000000
v 0.471397 -0.881921 0.000000
v 0.382683 -0.923880 0.000000
v 0.290285 -0.956940 0.000000
v 0.195090 -0.980785 -0.000000
v 0.098017 -0.995185 0.000000
v 0.097545 0.995185 0.009607
v 0.194151 0.980785 0.019122
v 0.288887 0.956940 0.028453
v 0.380841 0.923880 0.037510
v 0.469127 0.881921 0.046205
v 0.552895 0.831470 0.054455
v 0.631338 0.773010 0.062181
v 0.703702 0.707107 0.069309
v 0.769288 0.634393 0.075768
v 0.827466 0.555570 0.081498
v 0.877674 0.471397 0.086443
v 0.919431 0.382683 0.090556
v 0.952332 0.290285 0.093797
v 0.976062 0.195090 0.096134
v 0.990393 0.098017 0.097545
v 0.995185 0.000000 0.098017
v 0.990393 -0.098017 0.097545
v 0.976062 -0.195090 0.096134
v 0.952332 -0.290285 0.093797
v 0.919431 -0.382683 0.090556
v 0.877674 -0.471397 0.086443
v 0.827466 -0.555570 0.081498
v 0.769288 -0.634393 0.075768
v 0.703702 -0.707107 0.069309
v 0.631338 -0.773010 0.062181
v 0.552895 -0.831470 0.054455
v 0.469127 -0.881921 0.046205
v 0.380841 -0.923880 0.037510
v 0.288887 -0.956940 0.028453
v 0.194151 -0.980785 0.019122
v 0.097545 -0.995185 0.009607
v 0.096134 0.995185 0.019122
v 0.191342 0.980785 0.038060
v 0.284707 0.956940 0.056632
v 0.375330 0.923880 0.074658
v 0.462339 0.881921 0.091965
v 0.544895 0.831470 0.108386
v 0.622204 0.773010 0.123764
v 0.693520 0.707107 0.137950
v 0.758157 0.634393 0.150807
v 0.815493 0.555570 0.162212
v 0.864975 0.471397 0.172054
v 0.906127 0.382683 0.180240
v 0.938553 0.290285 0.186690
v 0.961940 0.195090 0.191342
v 0.976062 0.098017 0.194151
v 0.980785 0.000000 0.195090
v 0.976062 -0.098017 0.194151
v 0.961940 -0.195090 0.191342
v 0.938553 -0.290285 0.186690
v 0.906127 -0.382683 0.180240
v 0.864975 -0.471397 0.172054
v 0.815493 -0.555570 0.162212
v 0.758157 -0.634393 0.150807
v 0.693520 -0.707107 0.137950
v 0.622204 -0.773010 0.123764
v 0.544895 -0.831470 0.108386
v 0.462339 -0.881921 0.091965
v 0.375330 -0.923880 0.074658
v 0.284707 -0.956940 0.056632
v 0.191342 -0.980785 0.038060
v 0.096134 -0.995185 0.019122
v 0.093797 0.995185 0.028453
v 0.186690 0.980785 0.056632
v 0.277785 0.956940 0.084265
v 0.366205 0.923880 0.111087
v 0.451098 0.881921 0.136839
v 0.531648 0.831470 0.161274
v 0.607076 0.773010 0.184155
v 0.676659 0.707107 0.205262
v 0.739725 0.634393 0.224393
v 0.795667 0.555570 0.241363
v 0.843946 0.471397 0.256008
v 0.884097 0.382683 0.268188
v 0.915735 0.290285 0.277785
v 0.938553 0.195090 0.284707
v 0.952332 0.098017 0.288887
v 0.956940 0.000000 0.290285
v 0.952332 -0.098017 0.288887
v 0.938553 -0.195090 0.284707
v 0.915735 -0.290285 0.277785
v 0.884097 -0.382683 0.268188
v 0.843946 -0.471397 0.256008
v 0.795667 -0.555570 0.241363
v 0.739725 -0.634393 0.224393
v 0.676659 -0.707107 0.205262
v 0.607076 -0.773010 0.184155
v 0.531648 -0.831470 0.161274
v 0.451098 -0.881921 0.136839
v 0.366205 -0.923880 0.111087
v 0.277785 -0.956940 0.084265
v 0.186690 -0.980785 0.056632
v 0.093797 -0.995185 0.028453
v 0.090556 0.995185 0.037510
v 0.180240 0.980785 0.074658
v 0.268188 0.956940 0.111087
v 0.353553 0.923880 0.146447
v 0.435514 0.881921 0.180396
v 0.513280 0.831470 0.212608
v 0.586103 0.773010 0.242772
v 0.653281 0.707107 0.270598
v 0.714169 0.634393 0.295818
v 0.768178 0.555570 0.318190
v 0.814789 0.471397 0.337497
v 0.853553 0.382683 0.353553
v 0.884098 0.290285 0.366205
v 0.906127 0.195090 0.375330
v 0.919431 0.098017 0.380841
v 0.923879 0.000000 0.382683
v 0.919431 -0.098017 0.380841
v 0.906127 -0.195090 0.375330
v 0.884098 -0.290285 0.366205
v 0.853553 -0.382683 0.353553
v 0.814789 -0.471397 0.337497
v 0.768178 -0.555570 0.318190
v 0.714169 -0.634393 0.295818
v 0.653281 -0.707107 0.270598
v 0.586103 -0.773010 0.242772
v 0.513280 -0.831470 0.212608
v 0.435514 -0.881921 0.180396
v 0.353553 -0.923880 0.146447
v 0.268188 -0.956940 0.111087
v 0.180240 -0.980785 0.074658
v 0.090556 -0.995185 0.037510
v 0.086443 0.995185 0.046205
v 0.172054 0.980785 0.091965
v 0.256008 0.956940 0.136839
v 0.337497 0.923880 0.180396
v 0.415735 0.881921 0.222215
v 0.489969 0.831470 0.261894
v 0.559485 0.773010 0.299051
v 0.623612 0.707107 0.333328
v 0.681734 0.634393 0.364395
v 0.733291 0.555570 0.391952
v 0.777785 0.471397 0.415735
v 0.814789 0.382683 0.435514
v 0.843946 0.290285 0.451099
v 0.864975 0.195090 0.462339
v 0.877674 0.098017 0.469127
v 0.881921 0.000000 0.471397
v 0.877674 -0.098017 0.469127
v 0.864975 -0.195090 0.462339
v 0.843946 -0.290285 0.451099
v 0.814789 -0.382683 0.435514
v 0.777785 -0.471397 0.415735
v 0.733291 -0.555570 0.391952
v 0.681734 -0.634393 0.364395
v 0.623612 -0.707107 0.333328
v 0.559485 -0.773010 0.299051
v 0.489969 -0.831470 0.261894
v 0.415735 -0.881921 0.222215
v 0.337497 -0.923880 0.180396
v 0.256008 -0.956940 0.136839
v 0.172054 -0.980785 0.091965
v 0.086443 -0.995185 0.046205
v 0.081498 0.995185 0.054455
v 0.162212 0.980785 0.108386
v 0.241363 0.956940 0.161274
v 0.318190 0.923880 0.212607
v 0.391952 0.881921 0.261894
v 0.461940 0.831470 0.308658
v 0.527479 0.773010 0.352450
v 0.587938 0.707107 0.392848
v 0.642735 0.634393 0.429462
v 0.691342 0.555570 0.461940
v 0.733290 0.471397 0.489969
v 0.768178 0.382683 0.513280
v 0.795667 0.290285 0.531648
v 0.815493 0.195090 0.544895
v 0.827466 0.098017 0.552895
v 0.831469 0.000000 0.555570
v 0.827466 -0.098017 0.552895
v 0.815493 -0.195090 0.544895
v 0.795667 -0.290285 0.531648
v 0.768178 -0.382683 0.513280
v 0.733290 -0.471397 0.489969
v 0.691342 -0.555570 0.461940
v 0.642735 -0.634393 0.429462
v 0.587938 -0.707107 0.392848
v 0.527479 -0.773010 0.352450
v 0.461940 -0.831470 0.308658
v 0.391952 -0.881921 0.261894
v 0.318190 -0.923880 0.212607
v 0.241363 -0.956940 0.161274
v 0.162212 -0.980785 0.108386
v 0.081498 -0.995185 0.054455
v 0.075768 0.995185 0.062181
v 0.150807 0.980785 0.123764
v 0.224393 0.956940 0.184155
v 0.295818 0.923880 0.242772
v 0.364394 0.881921 0.299051
v 0.429462 0.831470 0.352450
v 0.490393 0.773010 0.402455
v 0.546601 0.707107 0.448584
v 0.597545 0.634393 0.490393
v 0.642735 0.555570 0.527479
v 0.681734 0.471397 0.559485
v 0.714168 0.382683 0.586103
v 0.739725 0.290285 0.607076
v 0.758157 0.195090 0.622204
v 0.769288 0.098017 0.631338
v 0.773010 0.000000 0.634393
v 0.769288 -0.098017 0.631338
v 0.758157 -0.195090 0.622204
v 0.739725 -0.290285 0.607076
v 0.714168 -0.382683 0.586103
v 0.681734 -0.471397 0.559485
v 0.642735 -0.555570 0.527479
v 0.597545 -0.634393 0.490393
v 0.546601 -0.707107 0.448584
v 0.490393 -0.773010 0.402455
v 0.429462 -0.831470 0.352450
v 0.364394 -0.881921 0.299051
v 0.295818 -0.923880 0.242772
v 0.224393 -0.956940 0.184155
v 0.150807 -0.980785 0.123764
v 0.075768 -0.995185 0.062181
v 0.069309 0.995185 0.069309
v 0.137950 0.980785 0.137950
v 0.205262 0.956940 0.205262
v 0.270598 0.923880 0.270598
v 0.333328 0.881921 0.333328
v 0.392848 0.831470 0.392848
v 0.448584 0.773010 0.448584
v 0.500000 0.707107 0.500000
v 0.546601 0.634393 0.546601
v 0.587938 0.555570 0.587938
v 0.623612 0.471397 0.623612
v 0.653281 0.382683 0.653281
v 0.676659 0.290285 0.676659
v 0.693520 0.195090 0.693520
v 0.703702 0.098017 0.703702
v 0.707107 0.000000 0.707107
v 0.703702 -0.098017 0.703702
v 0.693520 -0.195090 0.693520
v 0.676659 -0.290285 0.676659
v 0.653281 -0.382683 0.653281
v 0.623612 -0.471397 0.623612
v 0.587938 -0.555570 0.587938
v 0.546601 -0.634393 0.546601
v 0.500000 -0.707107 0.500000
v 0.448584 -0.773010 0.448584
v 0.392848 -0.831470 0.392848
v 0.333328 -0.881921 0.333328
v 0.270598 -0.923880 0.270598
v 0.205262 -0.956940 0.205262
v 0.137950 -0.980785 0.137950
v 0.069309 -0.995185 0.069309
v 0.062181 0.995185 0.075768
v 0.123764 0.980785 0.150807
v 0.184155 0.956940 0.224393
v 0.242772 0.923880 0.295818
v 0.299051 0.881921 0.364395
v 0.352450 0.831470 0.429462
v 0.402455 0.773010 0.490393
v 0.448584 0.707107 0.546601
v 0.490393 0.634393 0.597545
v 0.527479 0.555570 0.642735
v 0.559485 0.471397 0.681734
v 0.586103 0.382683 0.714168
v 0.607076 0.290285 0.739725
v 0.622203 0.195090 0.758157
v 0.631338 0.098017 0.769288
v 0.634393 0.000000 0.773010
v 0.631338 -0.098017 0.769288
v 0.622203 -0.195090 0.758157
v 0.607076 -0.290285 0.739725
v 0.586103 -0.382683 0.714168
v 0.559485 -0.471397 0.681734
v 0.527479 -0.555570 0.642735
v 0.490393 -0.634393 0.597545
v 0.448584 -0.707107 0.546601
v 0.402455 -0.773010 0.490393
v 0.352450 -0.831470 0.429462
v 0.299051 -0.881921 0.364395
v 0.242772 -0.923880 0.295818
v 0.184155 -0.956940 0.224393
v 0.123764 -0.980785 0.150807
v 0.062181 -0.995185 0.075768
v 0.054455 0.995185 0.081498
v 0.108386 0.980785 0.162212
v 0.161274 0.956940 0.241363
v 0.212607 0.923880 0.318190
v 0.261894 0.881921 0.391952
v 0.308658 0.831470 0.461940
v 0.352450 0.773010 0.527479
v 0.392847 0.707107 0.587938
v 0.429462 0.634393 0.642735
v 0.461940 0.555570 0.691342
v 0.489969 0.471397 0.733291
v 0.513280 0.382683 0.768178
v 0.531647 0.290285 0.795667
v 0.544895 0.195090 0.815493
v 0.552895 0.098017 0.827466
v 0.555570 0.000000 0.831470
v 0.552895 -0.098017 0.827466
v 0.544895 -0.195090 0.815493
v 0.531647 -0.290285 0.795667
v 0.513280 -0.382683 0.768178
v 0.489969 -0.471397 0.733291
v 0.461940 -0.555570 0.691342
v 0.429462 -0.634393 0.642735
v 0.392847 -0.707107 0.587938
v 0.352450 -0.773010 0.527479
v 0.308658 -0.831470 0.461940
v 0.261894 -0.881921 0.391952
v 0.212607 -0.923880 0.318190
v 0.161274 -0.956940 0.241363
v 0.108386 -0.980785 0.162212
v 0.054455 -0.995185 0.081498
v 0.046205 0.995185 0.086443
v 0.091965 0.980785 0.172054
v 0.136839 0.956940 0.256008
v 0.180396 0.923880 0.337497
v 0.222215 0.881921 0.415735
v 0.261894 0.831470 0.489969
v 0.299051 0.773010 0.559485
v 0.333328 0.707107 0.623612
v 0.364395 0.634393 0.681734
v 0.391952 0.555570 0.733291
v 0.415735 0.471397 0.777785
v 0.435514 0.382683 0.814789
v 0.451098 0.290285 0.843946
v 0.462339 0.195090 0.864975
v 0.469127 0.098017 0.877674
v 0.471397 0.000000 0.881921
v 0.469127 -0.098017 0.877674
v 0.462339 -0.195090 0.864975
v 0.451098 -0.290285 0.843946
v 0.435514 -0.382683 0.814789
v 0.415735 -0.471397 0.777785
v 0.391952 -0.555570 0.733291
v 0.364395 -0.634393 0.681734
v 0.333328 -0.707107 0.623612
v 0.299051 -0.773010 0.559485
v 0.261894 -0.831470 0.489969
v 0.222215 -0.881921 0.415735
v 0.180396 -0.923880 0.337497
v 0.136839 -0.956940 0.256008
v 0.091965 -0.980785 0.172054
v 0.046205 -0.995185 0.086443
v 0.037510 0.995185 0.090556
v 0.074658 0.980785 0.180240
v 0.111087 0.956940 0.268188
v 0.146447 0.923880 0.353553
v 0.180396 0.881921 0.435514
v 0.212608 0.831470 0.513280
v 0.242772 0.773010 0.586103
v 0.270598 0.707107 0.653281
v 0.295818 0.634393 0.714168
v 0.318190 0.555570 0.768178
v 0.337497 0.471397 0.814789
v 0.353553 0.382683 0.853553
v 0.366205 0.290285 0.884097
v 0.375330 0.195090 0.906127
v 0.380841 0.098017 0.919431
v 0.382683 0.000000 0.923879
v 0.380841 -0.098017 0.919431
v 0.375330 -0.195090 0.906127
v 0.366205 -0.290285 0.884097
v 0.353553 -0.382683 0.853553
v 0.337497 -0.471397 0.814789
v 0.318190 -0.555570 0.768178
v 0.295818 -0.634393 0.714168
v 0.270598 -0.707107 0.653281
v 0.242772 -0.773010 0.586103
v 0.212608 -0.831470 0.513280
v 0.180396 -0.881921 0.435514
v 0.146447 -0.923880 0.353553
v 0.111087 -0.956940 0.268188
v 0.074658 -0.980785 0.180240
v 0.037510 -0.995185 0.090556
v 0.028453 0.995185 0.093797
v 0.056632 0.980785 0.186690
v 0.084265 0.956940 0.277785
v 0.111087 0.923880 0.366205
v 0.136839 0.881921 0.451098
v 0.161274 0.831470 0.531648
v 0.184155 0.773010 0.607076
v 0.205262 0.707107 0.676659
v 0.224393 0.634393 0.739725
v 0.241363 0.555570 0.795667
v 0.256008 0.471397 0.843946
v 0.268188 0.382683 0.884097
v 0.277785 0.290285 0.915735
v 0.284707 0.195090 0.938553
v 0.288887 0.098017 0.952332
v 0.290284 0.000000 0.956940
v 0.288887 -0.098017 0.952332
v 0.284707 -0.195090 0.938553
v 0.277785 -0.290285 0.915735
v 0.268188 -0.382683 0.884097
v 0.256008 -0.471397 0.843946
v 0.241363 -0.555570 0.795667
v 0.224393 -0.634393 0.739725
v 0.205262 -0.707107 0.676659
v 0.184155 -0.773010 0.607076
v 0.161274 -0.831470 0.531648
v 0.136839 -0.881921 0.451098
v 0.111087 -0.923880 0.366205
v 0.084265 -0.956940 0.277785
v 0.056632 -0.980785 0.186690
v 0.028453 -0.995185 0.093797
v 0.019122 0.995185 0.096134
v 0.038060 0.980785 0.191342
v 0.056632 0.956940 0.284707
v 0.074658 0.923880 0.375330
v 0.091965 0.881921 0.462339
v 0.108386 0.831470 0.544895
v 0.123764 0.773010 0.622204
v 0.137950 0.707107 0.693520
v 0.150807 0.634393 0.758157
v 0.162212 0.555570 0.815493
v 0.172054 0.471397 0.864975
v 0.180240 0.382683 0.906127
v 0.186690 0.290285 0.938553
v 0.191342 0.195090 0.961940
v 0.194151 0.098017 0.976062
v 0.195090 0.000000 0.980785
v 0.194151 -0.098017 0.976062
v 0.191342 -0.195090 0.961940
v 0.186690 -0.290285 0.938553
v 0.180240 -0.382683 0.906127
v 0.172054 -0.471397 0.864975
v 0.162212 -0.555570 0.815493
v 0.150807 -0.634393 0.758157
v 0.137950 -0.707107 0.693520
v 0.123764 -0.773010 0.622204
v 0.108386 -0.831470 0.544895
v 0.091965 -0.881921 0.462339
v 0.074658 -0.923880 0.375330
v 0.056632 -0.956940 0.284707
v 0.038060 -0.980785 0.191342
v 0.019122 -0.995185 0.096134
v 0.009607 0.995185 0.097545
v 0.019122 0.980785 0.194151
v 0.028453 0.956940 0.288887
v 0.037510 0.923880 0.380841
v 0.046205 0.881921 0.469127
v 0.054455 0.831470 0.552895
v 0.062181 0.773010 0.631338
v 0.069308 0.707107 0.703702
v 0.075768 0.634393 0.769288
v 0.081498 0.555570 0.827466
v 0.086443 0.471397 0.877674
v 0.090556 0.382683 0.919430
v 0.093796 0.290285 0.952332
v 0.096134 0.195090 0.976062
v 0.097545 0.098017 0.990392
v 0.098017 0.000000 0.995185
v 0.097545 -0.098017 0.990392
v 0.096134 -0.195090 0.976062
v 0.093796 -0.290285 0.952332
v 0.090556 -0.382683 0.919430
v 0.086443 -0.471397 0.877674
v 0.081498 -0.555570 0.827466
v 0.075768 -0.634393 0.769288
v 0.069308 -0.707107 0.703702
v 0.062181 -0.773010 0.631338
v 0.054455 -0.831470 0.552895
v 0.046205 -0.881921 0.469127
v 0.037510 -0.923880 0.380841
v 0.028453 -0.956940 0.288887
v 0.019122 -0.980785 0.194151
v 0.009607 -0.995185 0.097545
v -0.000000 0.995185 0.098017
v 0.000000 0.980785 0.195090
v -0.000000 0.956940 0.290285
v -0.000000 0.923880 0.382683
v -0.000000 0.881921 0.471397
v 0.000000 0.831470 0.555571
v 0.000000 0.773010 0.634393
v -0.000000 0.707107 0.707107
v 0.000000 0.634393 0.773010
v 0.000000 0.555570 0.831470
v -0.000000 0.471397 0.881921
v -0.000000 0.382683 0.923879
v -0.000000 0.290285 0.956940
v -0.000000 0.195090 0.980785
v -0.000000 0.098017 0.995184
v -0.000000 0.000000 1.000000
v -0.000000 -0.098017 0.995184
v -0.000000 -0.195090 0.980785
v -0.000000 -0.290285 0.956940
v -0.000000 -0.382683 0.923879
v -0.000000 -0.471397 0.881921
v 0.000000 -0.555570 0.831470
v 0.000000 -0.634393 0.773010
v -0.000000 -0.707107 0.707107
v 0.000000 -0.773010 0.634393
v 0.000000 -0.831470 0.555571
v -0.000000 -0.881921 0.471397
v -0.000000 -0.923880 0.382683
v -0.000000 -0.956940 0.290285
v 0.000000 -0.980785 0.195090
v -0.000000 -0.995185 0.098017
v -0.009607 0.995185 0.097545
v -0.019122 0.980785 0.194151
v -0.028453 0.956940 0.288887
v -0.037510 0.923880 0.380840
v -0.046205 0.881921 0.469127
v -0.054455 0.831470 0.552895
v -0.062181 0.773010 0.631338
v -0.069309 0.707107 0.703702
v -0.075768 0.634393 0.769288
v -0.081498 0.555570 0.827466
v -0.086443 0.471397 0.877674
v -0.090556 0.382683 0.919430
v -0.093797 0.290285 0.952332
v -0.096134 0.195090 0.976062
v -0.097545 0.098017 0.990392
v -0.098017 0.000000 0.995184
v -0.097545 -0.098017 0.990392
v -0.096134 -0.195090 0.976062
v -0.093797 -0.290285 0.952332
v -0.090556 -0.382683 0.919430
v -0.086443 -0.471397 0.877674
v -0.081498 -0.555570 0.827466
v -0.075768 -0.634393 0.769288
v -0.069309 -0.707107 0.703702
v -0.062181 -0.773010 0.631338
v -0.054455 -0.831470 0.552895
v -0.046205 -0.881921 0.469127
v -0.037510 -0.923880 0.380840
v -0.028453 -0.956940 0.288887
v -0.019122 -0.980785 0.194151
v -0.009607 -0.995185 0.097545
v 0.000000 1.000000 0.000000
v -0.019122 0.995185 0.096134
v -0.038060 0.980785 0.191342
v -0.056632 0.956940 0.284707
v -0.074658 0.923880 0.375330
v -0.091965 0.881921 0.462339
v -0.108386 0.831470 0.544895
v -0.123764 0.773010 0.622204
v -0.137950 0.707107 0.693520
v -0.150807 0.634393 0.758157
v -0.162212 0.555570 0.815493
v -0.172054 0.471397 0.864975
v -0.180240 0.382683 0.906127
v -0.186690 0.290285 0.938553
v -0.191342 0.195090 0.961940
v -0.194151 0.098017 0.976062
v -0.195090 0.000000 0.980785
v -0.194151 -0.098017 0.976062
v -0.191342 -0.195090 0.961940
v -0.186690 -0.290285 0.938553
v -0.180240 -0.382683 0.906127
v -0.172054 -0.471397 0.864975
v -0.162212 -0.555570 0.815493
v -0.150807 -0.634393 0.758157
v -0.137950 -0.707107 0.693520
v -0.123764 -0.773010 0.622204
v -0.108386 -0.831470 0.544895
v -0.091965 -0.881921 0.462339
v -0.074658 -0.923880 0.375330
v -0.056632 -0.956940 0.284707
v -0.038060 -0.980785 0.191342
v -0.019122 -0.995185 0.096134
v -0.028453 0.995185 0.093797
v -0.056632 0.980785 0.186690
v -0.084265 0.956940 0.277785
v -0.111087 0.923880 0.366205
v -0.136839 0.881921 0.451098
v -0.161274 0.831470 0.531648
v -0.184155 0.773010 0.607076
v -0.205262 0.707107 0.676659
v -0.224393 0.634393 0.739725
v -0.241363 0.555570 0.795667
v -0.256008 0.471397 0.843946
v -0.268188 0.382683 0.884097
v -0.277785 0.290285 0.915735
v -0.284707 0.195090 0.938553
v -0.288887 0.098017 0.952332
v -0.290285 0.000000 0.956940
v -0.288887 -0.098017 0.952332
v -0.284707 -0.195090 0.938553
v -0.277785 -0.290285 0.915735
v -0.268188 -0.382683 0.884097
v -0.256008 -0.471397 0.843946
v -0.241363 -0.555570 0.795667
v -0.224393 -0.634393 0.739725
v -0.205262 -0.707107 0.676659
v -0.184155 -0.773010 0.607076
v -0.161274 -0.831470 0.531648
v -0.136839 -0.881921 0.451098
v -0.111087 -0.923880 0.366205
v -0.084265 -0.956940 0.277785
v -0.056632 -0.980785 0.186690
v -0.028453 -0.995185 0.093797
v -0.037510 0.995185 0.090556
v -0.074658 0.980785 0.180240
v -0.111087 0.956940 0.268188
v -0.146447 0.923880 0.353553
v -0.180396 0.881921 0.435514
v -0.212608 0.831470 0.513280
v -0.242772 0.773010 0.586103
v -0.270598 0.707107 0.653281
v -0.295818 0.634393 0.714168
v -0.318190 0.555570 0.768178
v -0.337497 0.471397 0.814789
v -0.353553 0.382683 0.853553
v -0.366205 0.290285 0.884097
v -0.375330 0.195090 0.906127
v -0.380841 0.098017 0.919430
v -0.382684 0.000000 0.923879
v -0.380841 -0.098017 0.919430
v -0.375330 -0.195090 0.906127
v -0.366205 -0.290285 0.884097
v -0.353553 -0.382683 0.853553
v -0.337497 -0.471397 0.814789
v -0.318190 -0.555570 0.768178
v -0.295818 -0.634393 0.714168
v -0.270598 -0.707107 0.653281
v -0.242772 -0.773010 0.586103
v -0.212608 -0.831470 0.513280
v -0.180396 -0.881921 0.435514
v -0.146447 -0.923880 0.353553
v -0.111087 -0.956940 0.268188
v -0.074658 -0.980785 0.180240
v -0.037510 -0.995185 0.090556
v -0.046205 0.995185 0.086443
v -0.091965 0.980785 0.172054
v -0.136839 0.956940 0.256008
v -0.180396 0.923880 0.337496
v -0.222215 0.881921 0.415735
v -0.261894 0.831470 0.489970
v -0.299051 0.773010 0.559485
v -0.333328 0.707107 0.623612
v -0.364394 0.634393 0.681734
v -0.391952 0.555570 0.733291
v -0.415735 0.471397 0.777785
v -0.435514 0.382683 0.814789
v -0.451099 0.290285 0.843946
v -0.462339 0.195090 0.864975
v -0.469127 0.098017 0.877674
v -0.471397 0.000000 0.881921
v -0.469127 -0.098017 0.877674
v -0.462339 -0.195090 0.864975
v -0.451099 -0.290285 0.843946
v -0.435514 -0.382683 0.814789
v -0.415735 -0.471397 0.777785
v -0.391952 -0.555570 0.733291
v -0.364394 -0.634393 0.681734
v -0.333328 -0.707107 0.623612
v -0.299051 -0.773010 0.559485
v -0.261894 -0.831470 0.489970
v -0.222215 -0.881921 0.415735
v -0.180396 -0.923880 0.337496
v -0.136839 -0.956940 0.256008
v -0.091965 -0.980785 0.172054
v -0.046205 -0.995185 0.086443
v -0.054455 0.995185 0.081498
v -0.108386 0.980785 0.162212
v -0.161274 0.956940 0.241363
v -0.212607 0.923880 0.318189
v -0.261894 0.881921 0.391952
v -0.308658 0.831470 0.461940
v -0.352450 0.773010 0.527479
v -0.392848 0.707107 0.587938
v -0.429461 0.634393 0.642735
v -0.461940 0.555570 0.691342
v -0.489969 0.471397 0.733290
v -0.513280 0.382683 0.768177
v -0.531648 0.290285 0.795667
v -0.544895 0.195090 0.815493
v -0.552895 0.098017 0.827466
v -0.555570 0.000000 0.831469
v -0.552895 -0.098017 0.827466
v -0.544895 -0.195090 0.815493
v -0.531648 -0.290285 0.795667
v -0.513280 -0.382683 0.768177
v -0.489969 -0.471397 0.733290
v -0.461940 -0.555570 0.691342
v -0.429461 -0.634393 0.642735
v -0.392848 -0.707107 0.587938
v -0.352450 -0.773010 0.527479
v -0.308658 -0.831470 0.461940
v -0.261894 -0.881921 0.391952
v -0.212607 -0.923880 0.318189
v -0.161274 -0.956940 0.241363
v -0.108386 -0.980785 0.162212
v -0.054455 -0.995185 0.081498
v -0.062181 0.995185 0.075768
v -0.123764 0.980785 0.150807
v -0.184155 0.956940 0.224393
v -0.242772 0.923880 0.295818
v -0.299051 0.881921 0.364394
v -0.352450 0.831470 0.429462
v -0.402455 0.773010 0.490393
v -0.448584 0.707107 0.546601
v -0.490392 0.634393 0.597545
v -0.527479 0.555570 0.642735
v -0.559485 0.471397 0.681734
v -0.586103 0.382683 0.714168
v -0.607077 0.290285 0.739725
v -0.622204 0.195090 0.758157
v -0.631338 0.098017 0.769288
v -0.634393 0.000000 0.773010
v -0.631338 -0.098017 0.769288
v -0.622204 -0.195090 0.758157
v -0.607077 -0.290285 0.739725
v -0.586103 -0.382683 0.714168
v -0.559485 -0.471397 0.681734
v -0.527479 -0.555570 0.642735
v -0.490392 -0.634393 0.597545
v -0.448584 -0.707107 0.546601
v -0.402455 -0.773010 0.490393
v -0.352450 -0.831470 0.429462
v -0.299051 -0.881921 0.364394
v -0.242772 -0.923880 0.295818
v -0.184155 -0.956940 0.224393
v -0.123764 -0.980785 0.150807
v -0.062181 -0.995185 0.075768
v 0.000000 -1.000000 0.000000
v -0.069309 0.995185 0.069309
v -0.137950 0.980785 0.137950
v -0.205262 0.956940 0.205262
v -0.270598 0.923880 0.270598
v -0.333328 0.881921 0.333328
v -0.392848 0.831470 0.392848
v -0.448584 0.773010 0.448584
v -0.500000 0.707107 0.500000
v -0.546601 0.634393 0.546601
v -0.587938 0.555570 0.587938
v -0.623612 0.471397 0.623612
v -0.653281 0.382683 0.653281
v -0.676659 0.290285 0.676659
v -0.693520 0.195090 0.693520
v -0.703702 0.098017 0.703702
v -0.707107 0.000000 0.707106
v -0.703702 -0.098017 0.703702
v -0.693520 -0.195090 0.693520
v -0.676659 -0.290285 0.676659
v -0.653281 -0.382683 0.653281
v -0.623612 -0.471397 0.623612
v -0.587938 -0.555570 0.587938
v -0.546601 -0.634393 0.546601
v -0.500000 -0.707107 0.500000
v -0.448584 -0.773010 0.448584
v -0.392848 -0.831470 0.392848
v -0.333328 -0.881921 0.333328
v -0.270598 -0.923880 0.270598
v -0.205262 -0.956940 0.205262
v -0.137950 -0.980785 0.137950
v -0.069309 -0.995185 0.069309
v -0.075768 0.995185 0.062181
v -0.150807 0.980785 0.123764
v -0.224393 0.956940 0.184155
v -0.295818 0.923880 0.242772
v -0.364394 0.881921 0.299051
v -0.429462 0.831470 0.352450
v -0.490393 0.773010 0.402455
v -0.546601 0.707107 0.448584
v -0.597545 0.634393 0.490393
v -0.642735 0.555570 0.527479
v -0.681734 0.471397 0.559485
v -0.714168 0.382683 0.586103
v -0.739725 0.290285 0.607076
v -0.758157 0.195090 0.622203
v -0.769288 0.098017 0.631338
v -0.773010 0.000000 0.634393
v -0.769288 -0.098017 0.631338
v -0.758157 -0.195090 0.622203
v -0.739725 -0.290285 0.607076
v -0.714168 -0.382683 0.586103
v -0.681734 -0.471397 0.559485
v -0.642735 -0.555570 0.527479
v -0.597545 -0.634393 0.490393
v -0.546601 -0.707107 0.448584
v -0.490393 -0.773010 0.402455
v -0.429462 -0.831470 0.352450
v -0.364394 -0.881921 0.299051
v -0.295818 -0.923880 0.242772
v -0.224393 -0.956940 0.184155
v -0.150807 -0.980785 0.123764
v -0.075768 -0.995185 0.062181
v -0.081498 0.995185 0.054455
v -0.162212 0.980785 0.108386
v -0.241363 0.956940 0.161274
v -0.318189 0.923880 0.212607
v -0.391952 0.881921 0.261894
v -0.461940 0.831470 0.308659
v -0.527479 0.773010 0.352450
v -0.587938 0.707107 0.392847
v -0.642734 0.634393 0.429462
v -0.691342 0.555570 0.461940
v -0.733290 0.471397 0.489969
v -0.768177 0.382683 0.513280
v -0.795667 0.290285 0.531647
v -0.815493 0.195090 0.544895
v -0.827466 0.098017 0.552895
v -0.831470 0.000000 0.555570
v -0.827466 -0.098017 0.552895
v -0.815493 -0.195090 0.544895
v -0.795667 -0.290285 0.531647
v -0.768177 -0.382683 0.513280
v -0.733290 -0.471397 0.489969
v -0.691342 -0.555570 0.461940
v -0.642734 -0.634393 0.429462
v -0.587938 -0.707107 0.392847
v -0.527479 -0.773010 0.352450
v -0.461940 -0.831470 0.308659
v -0.391952 -0.881921 0.261894
v -0.318189 -0.923880 0.212607
v -0.241363 -0.956940 0.161274
v -0.162212 -0.980785 0.108386
v -0.081498 -0.995185 0.054455
v -0.086443 0.995185 0.046205
v -0.172054 0.980785 0.091965
v -0.256008 0.956940 0.136839
v -0.337496 0.923880 0.180396
v -0.415735 0.881921 0.222215
v -0.489969 0.831470 0.261894
v -0.559485 0.773010 0.299051
v -0.623612 0.707107 0.333328
v -0.681734 0.634393 0.364395
v -0.733291 0.555570 0.391952
v -0.777785 0.471397 0.415735
v -0.814789 0.382683 0.435513
v -0.843946 0.290285 0.451098
v -0.864975 0.195090 0.462339
v -0.877674 0.098017 0.469127
v -0.881921 0.000000 0.471396
v -0.877674 -0.098017 0.469127
v -0.864975 -0.195090 0.462339
v -0.843946 -0.290285 0.451098
v -0.814789 -0.382683 0.435513
v -0.777785 -0.471397 0.415735
v -0.733291 -0.555570 0.391952
v -0.681734 -0.634393 0.364395
v -0.623612 -0.707107 0.333328
v -0.559485 -0.773010 0.299051
v -0.489969 -0.831470 0.261894
v -0.415735 -0.881921 0.222215
v -0.337496 -0.923880 0.180396
v -0.256008 -0.956940 0.136839
v -0.172054 -0.980785 0.091965
v -0.086443 -0.995185 0.046205
v -0.090556 0.995185 0.037509
v -0.180240 0.980785 0.074658
v -0.268188 0.956940 0.111087
v -0.353553 0.923880 0.146446
v -0.435514 0.881921 0.180396
v -0.513280 0.831470 0.212608
v -0.586103 0.773010 0.242772
v -0.653281 0.707107 0.270598
v -0.714168 0.634393 0.295818
v -0.768178 0.555570 0.318190
v -0.814789 0.471397 0.337496
v -0.853553 0.382683 0.353553
v -0.884098 0.290285 0.366205
v -0.906127 0.195090 0.375330
v -0.919431 0.098017 0.380840
v -0.923879 0.000000 0.382683
v -0.919431 -0.098017 0.380840
v -0.906127 -0.195090 0.375330
v -0.884098 -0.290285 0.366205
v -0.853553 -0.382683 0.353553
v -0.814789 -0.471397 0.337496
v -0.768178 -0.555570 0.318190
v -0.714168 -0.634393 0.295818
v -0.653281 -0.707107 0.270598
v -0.586103 -0.773010 0.242772
v -0.513280 -0.831470 0.212608
v -0.435514 -0.881921 0.180396
v -0.353553 -0.923880 0.146446
v -0.268188 -0.956940 0.111087
v -0.180240 -0.980785 0.074658
v -0.090556 -0.995185 0.037509
v -0.093796 0.995185 0.028453
v -0.186690 0.980785 0.056632
v -0.277785 0.956940 0.084265
v -0.366205 0.923880 0.111087
v -0.451098 0.881921 0.136839
v -0.531648 0.831470 0.161274
v -0.607076 0.773010 0.184155
v -0.676659 0.707107 0.205262
v -0.739725 0.634393 0.224393
v -0.795667 0.555570 0.241363
v -0.843946 0.471397 0.256008
v -0.884097 0.382683 0.268188
v -0.915735 0.290285 0.277785
v -0.938553 0.195090 0.284707
v -0.952332 0.098017 0.288887
v -0.956940 0.000000 0.290284
v -0.952332 -0.098017 0.288887
v -0.938553 -0.195090 0.284707
v -0.915735 -0.290285 0.277785
v -0.884097 -0.382683 0.268188
v -0.843946 -0.471397 0.256008
v -0.795667 -0.555570 0.241363
v -0.739725 -0.634393 0.224393
v -0.676659 -0.707107 0.205262
v -0.607076 -0.773010 0.184155
v -0.531648 -0.831470 0.161274
v -0.451098 -0.881921 0.136839
v -0.366205 -0.923880 0.111087
v -0.277785 -0.956940 0.084265
v -0.186690 -0.980785 0.056632
v -0.093796 -0.995185 0.028453
v -0.096134 0.995185 0.019122
v -0.191342 0.980785 0.038060
v -0.284707 0.956940 0.056632
v -0.375330 0.923880 0.074658
v -0.462339 0.881921 0.091965
v -0.544895 0.831470 0.108386
v -0.622204 0.773010 0.123764
v -0.693520 0.707107 0.137949
v -0.758157 0.634393 0.150807
v -0.815493 0.555570 0.162212
v -0.864975 0.471397 0.172054
v -0.906127 0.382683 0.180240
v -0.938553 0.290285 0.186690
v -0.961940 0.195090 0.191342
v -0.976062 0.098017 0.194151
v -0.980785 0.000000 0.195090
v -0.976062 -0.098017 0.194151
v -0.961940 -0.195090 0.191342
v -0.938553 -0.290285 0.186690
v -0.906127 -0.382683 0.180240
v -0.864975 -0.471397 0.172054
v -0.815493 -0.555570 0.162212
v -0.758157 -0.634393 0.150807
v -0.693520 -0.707107 0.137949
v -0.622204 -0.773010 0.123764
v -0.544895 -0.831470 0.108386
v -0.462339 -0.881921 0.091965
v -0.375330 -0.923880 0.074658
v -0.284707 -0.956940 0.056632
v -0.191342 -0.980785 0.038060
v -0.096134 -0.995185 0.019122
v -0.097545 0.995185 0.009607
v -0.194151 0.980785 0.019122
v -0.288887 0.956940 0.028453
v -0.380840 0.923880 0.037509
v -0.469127 0.881921 0.046205
v -0.552895 0.831470 0.054455
v -0.631338 0.773010 0.062181
v -0.703702 0.707107 0.069308
v -0.769288 0.634393 0.075768
v -0.827466 0.555570 0.081498
v -0.877674 0.471397 0.086443
v -0.919430 0.382683 0.090556
v -0.952332 0.290285 0.093796
v -0.976062 0.195090 0.096134
v -0.990392 0.098017 0.097545
v -0.995184 0.000000 0.098017
v -0.990392 -0.098017 0.097545
v -0.976062 -0.195090 0.096134
v -0.952332 -0.290285 0.093796
v -0.919430 -0.382683 0.090556
v -0.877674 -0.471397 0.086443
v -0.827466 -0.555570 0.081498
v -0.769288 -0.634393 0.075768
v -0.703702 -0.707107 0.069308
v -0.631338 -0.773010 0.062181
v -0.552895 -0.831470 0.054455
v -0.469127 -0.881921 0.046205
v -0.380840 -0.923880 0.037509
v -0.288887 -0.956940 0.028453
v -0.194151 -0.980785 0.019122
v -0.097545 -0.995185 0.009607
v -0.098017 0.995185 -0.000000
v -0.195090 0.980785 0.000000
v -0.290285 0.956940 -0.000000
v -0.382683 0.923880 -0.000000
v -0.471396 0.881921 -0.000000
v -0.555571 0.831470 0.000000
v -0.634393 0.773010 0.000000
v -0.707107 0.707107 -0.000000
v -0.773010 0.634393 0.000000
v -0.831470 0.555570 0.000000
v -0.881921 0.471397 -0.000000
v -0.923879 0.382683 -0.000000
v -0.956940 0.290285 -0.000000
v -0.980785 0.195090 -0.000000
v -0.995184 0.098017 -0.000000
v -1.000000 0.000000 -0.000000
v -0.995184 -0.098017 -0.000000
v -0.980785 -0.195090 -0.000000
v -0.956940 -0.290285 -0.000000
v -0.923879 -0.382683 -0.000000
v -0.881921 -0.471397 -0.000000
v -0.831470 -0.555570 0.000000
v -0.773010 -0.634393 0.000000
v -0.707107 -0.707107 -0.000000
v -0.634393 -0.773010 0.000000
v -0.555571 -0.831470 0.000000
v -0.471396 -0.881921 -0.000000
v -0.382683 -0.923880 -0.000000
v -0.290285 -0.956940 -0.000000
v -0.195090 -0.980785 0.000000
v -0.098017 -0.995185 -0.000000
v -0.097545 0.995185 -0.009607
v -0.194151 0.980785 -0.019122
v -0.288887 0.956940 -0.028453
v -0.380840 0.923880 -0.037510
v -0.469127 0.881921 -0.046205
v -0.552895 0.831470 -0.054455
v -0.631338 0.773010 -0.062181
v -0.703702 0.707107 -0.069309
v -0.769288 0.634393 -0.075768
v -0.827466 0.555570 -0.081498
v -0.877674 0.471397 -0.086443
v -0.919430 0.382683 -0.090556
v -0.952332 0.290285 -0.093797
v -0.976062 0.195090 -0.096134
v -0.990392 0.098017 -0.097545
v -0.995184 0.000000 -0.098017
v -0.990392 -0.098017 -0.097545
v -0.976062 -0.195090 -0.096134
v -0.952332 -0.290285 -0.093797
v -0.919430 -0.382683 -0.090556
v -0.877674 -0.471397 -0.086443
v -0.827466 -0.555570 -0.081498
v -0.769288 -0.634393 -0.075768
v -0.703702 -0.707107 -0.069309
v -0.631338 -0.773010 -0.062181
v -0.552895 -0.831470 -0.054455
v -0.469127 -0.881921 -0.046205
v -0.380840 -0.923880 -0.037510
v -0.288887 -0.956940 -0.028453
v -0.194151 -0.980785 -0.019122
v -0.097545 -0.995185 -0.009607
v -0.096134 0.995185 -0.019122
v -0.191342 0.980785 -0.038060
v -0.284707 0.956940 -0.056632
v -0.375330 0.923880 -0.074658
v -0.462339 0.881921 -0.091965
v -0.544896 0.831470 -0.108386
v -0.622204 0.773010 -0.123764
v -0.693520 0.707107 -0.137950
v -0.758157 0.634393 -0.150807
v -0.815493 0.555570 -0.162212
v -0.864975 0.471397 -0.172054
v -0.906127 0.382683 -0.180240
v -0.938553 0.290285 -0.186690
v -0.961940 0.195090 -0.191342
v -0.976062 0.098017 -0.194151
v -0.980785 0.000000 -0.195091
v -0.976062 -0.098017 -0.194151
v -0.961940 -0.195090 -0.191342
v -0.938553 -0.290285 -0.186690
v -0.906127 -0.382683 -0.180240
v -0.864975 -0.471397 -0.172054
v -0.815493 -0.555570 -0.162212
v -0.758157 -0.634393 -0.150807
v -0.693520 -0.707107 -0.137950
v -0.622204 -0.773010 -0.123764
v -0.544896 -0.831470 -0.108386
v -0.462339 -0.881921 -0.091965
v -0.375330 -0.923880 -0.074658
v -0.284707 -0.956940 -0.056632
v -0.191342 -0.980785 -0.038060
v -0.096134 -0.995185 -0.019122
v -0.093796 0.995185 -0.028453
v -0.186690 0.980785 -0.056632
v -0.277785 0.956940 -0.084265
v -0.366205 0.923880 -0.111087
v -0.451098 0.881921 -0.136839
v -0.531648 0.831470 -0.161274
v -0.607076 0.773010 -0.184155
v -0.676659 0.707107 -0.205262
v -0.739725 0.634393 -0.224393
v -0.795667 0.555570 -0.241363
v -0.843946 0.471397 -0.256008
v -0.884097 0.382683 -0.268188
v -0.915735 0.290285 -0.277785
v -0.938553 0.195090 -0.284707
v -0.952332 0.098017 -0.288887
v -0.956940 0.000000 -0.290285
v -0.952332 -0.098017 -0.288887
v -0.938553 -0.195090 -0.284707
v -0.915735 -0.290285 -0.277785
v -0.884097 -0.382683 -0.268188
v -0.843946 -0.471397 -0.256008
v -0.795667 -0.555570 -0.241363
v -0.739725 -0.634393 -0.224393
v -0.676659 -0.707107 -0.205262
v -0.607076 -0.773010 -0.184155
v -0.531648 -0.831470 -0.161274
v -0.451098 -0.881921 -0.136839
v -0.366205 -0.923880 -0.111087
v -0.277785 -0.956940 -0.084265
v -0.186690 -0.980785 -0.056632
v -0.093796 -0.995185 -0.028453
v -0.090556 0.995185 -0.037510
v -0.180240 0.980785 -0.074658
v -0.268188 0.956940 -0.111087
v -0.353553 0.923880 -0.146446
v -0.435514 0.881921 -0.180396
v -0.513280 0.831470 -0.212608
v -0.586103 0.773010 -0.242772
v -0.653281 0.707107 -0.270598
v -0.714168 0.634393 -0.295818
v -0.768178 0.555570 -0.318190
v -0.814789 0.471397 -0.337497
v -0.853553 0.382683 -0.353553
v -0.884098 0.290285 -0.366205
v -0.906127 0.195090 -0.375330
v -0.919430 0.098017 -0.380841
v -0.923879 0.000000 -0.382684
v -0.919430 -0.098017 -0.380841
v -0.906127 -0.195090 -0.375330
v -0.884098 -0.290285 -0.366205
v -0.853553 -0.382683 -0.353553
v -0.814789 -0.471397 -0.337497
v -0.768178 -0.555570 -0.318190
v -0.714168 -0.634393 -0.295818
v -0.653281 -0.707107 -0.270598
v -0.586103 -0.773010 -0.242772
v -0.513280 -0.831470 -0.212608
v -0.435514 -0.881921 -0.180396
v -0.353553 -0.923880 -0.146446
v -0.268188 -0.956940 -0.111087
v -0.180240 -0.980785 -0.074658
v -0.090556 -0.995185 -0.037510
v -0.086443 0.995185 -0.046205
v -0.172054 0.980785 -0.091965
v -0.256008 0.956940 -0.136839
v -0.337496 0.923880 -0.180396
v -0.415735 0.881921 -0.222215
v -0.489970 0.831470 -0.261894
v -0.559485 0.773010 -0.299051
v -0.623612 0.707107 -0.333328
v -0.681734 0.634393 -0.364394
v -0.733291 0.555570 -0.391952
v -0.777785 0.471397 -0.415735
v -0.814788 0.382683 -0.435514
v -0.843946 0.290285 -0.451099
v -0.864975 0.195090 -0.462339
v -0.877674 0.098017 -0.469127
v -0.881921 0.000000 -0.471397
v -0.877674 -0.098017 -0.469127
v -0.864975 -0.195090 -0.462339
v -0.843946 -0.290285 -0.451099
v -0.814788 -0.382683 -0.435514
v -0.777785 -0.471397 -0.415735
v -0.733291 -0.555570 -0.391952
v -0.681734 -0.634393 -0.364394
v -0.623612 -0.707107 -0.333328
v -0.559485 -0.773010 -0.299051
v -0.489970 -0.831470 -0.261894
v -0.415735 -0.881921 -0.222215
v -0.337496 -0.923880 -0.180396
v -0.256008 -0.956940 -0.136839
v -0.172054 -0.980785 -0.091965
v -0.086443 -0.995185 -0.046205
v -0.081498 0.995185 -0.054455
v -0.162212 0.980785 -0.108386
v -0.241363 0.956940 -0.161274
v -0.318189 0.923880 -0.212607
v -0.391952 0.881921 -0.261894
v -0.461940 0.831470 -0.308659
v -0.527479 0.773010 -0.352450
v -0.587938 0.707107 -0.392847
v -0.642735 0.634393 -0.429461
v -0.691342 0.555570 -0.461940
v -0.733290 0.471397 -0.489969
v -0.768177 0.382683 -0.513280
v -0.795667 0.290285 -0.531648
v -0.815493 0.195090 -0.544895
v -0.827465 0.098017 -0.552895
v -0.831469 0.000000 -0.555570
v -0.827465 -0.098017 -0.552895
v -0.815493 -0.195090 -0.544895
v -0.795667 -0.290285 -0.531648
v -0.768177 -0.382683 -0.513280
v -0.733290 -0.471397 -0.489969
v -0.691342 -0.555570 -0.461940
v -0.642735 -0.634393 -0.429461
v -0.587938 -0.707107 -0.392847
v -0.527479 -0.773010 -0.352450
v -0.461940 -0.831470 -0.308659
v -0.391952 -0.881921 -0.261894
v -0.318189 -0.923880 -0.212607
v -0.241363 -0.956940 -0.161274
v -0.162212 -0.980785 -0.108386
v -0.081498 -0.995185 -0.054455
v -0.075768 0.995185 -0.062181
v -0.150807 0.980785 -0.123764
v -0.224393 0.956940 -0.184155
v -0.295818 0.923880 -0.242772
v -0.364394 0.881921 -0.299051
v -0.429462 0.831470 -0.352450
v -0.490393 0.773010 -0.402455
v -0.546601 0.707107 -0.448584
v -0.597545 0.634393 -0.490392
v -0.642735 0.555570 -0.527479
v -0.681734 0.471397 -0.559485
v -0.714168 0.382683 -0.586103
v -0.739725 0.290285 -0.607077
v -0.758157 0.195090 -0.622204
v -0.769288 0.098017 -0.631338
v -0.773010 0.000000 -0.634393
v -0.769288 -0.098017 -0.631338
v -0.758157 -0.195090 -0.622204
v -0.739725 -0.290285 -0.607077
v -0.714168 -0.382683 -0.586103
v -0.681734 -0.471397 -0.559485
v -0.642735 -0.555570 -0.527479
v -0.597545 -0.634393 -0.490392
v -0.546601 -0.707107 -0.448584
v -0.490393 -0.773010 -0.402455
v -0.429462 -0.831470 -0.352450
v -0.364394 -0.881921 -0.299051
v -0.295818 -0.923880 -0.242772
v -0.224393 -0.956940 -0.184155
v -0.150807 -0.980785 -0.123764
v -0.075768 -0.995185 -0.062181
v -0.069309 0.995185 -0.069309
v -0.137950 0.980785 -0.137950
v -0.205262 0.956940 -0.205262
v -0.270598 0.923880 -0.270598
v -0.333328 0.881921 -0.333328
v -0.392848 0.831470 -0.392848
v -0.448584 0.773010 -0.448584
v -0.500000 0.707107 -0.500000
v -0.546601 0.634393 -0.546601
v -0.587938 0.555570 -0.587938
v -0.623612 0.471397 -0.623612
v -0.653281 0.382683 -0.653281
v -0.676659 0.290285 -0.676659
v -0.693520 0.195090 -0.693520
v -0.703702 0.098017 -0.703702
v -0.707106 0.000000 -0.707107
v -0.703702 -0.098017 -0.703702
v -0.693520 -0.195090 -0.693520
v -0.676659 -0.290285 -0.676659
v -0.653281 -0.382683 -0.653281
v -0.623612 -0.471397 -0.623612
v -0.587938 -0.555570 -0.587938
v -0.546601 -0.634393 -0.546601
v -0.500000 -0.707107 -0.500000
v -0.448584 -0.773010 -0.448584
v -0.392848 -0.831470 -0.392848
v -0.333328 -0.881921 -0.333328
v -0.270598 -0.923880 -0.270598
v -0.205262 -0.956940 -0.205262
v -0.137950 -0.980785 -0.137950
v -0.069309 -0.995185 -0.069309
v -0.062181 0.995185 -0.075768
v -0.123764 0.980785 -0.150807
v -0.184155 0.956940 -0.224393
v -0.242772 0.923880 -0.295818
v -0.299051 0.881921 -0.364394
v -0.352450 0.831470 -0.429462
v -0.402455 0.773010 -0.490393
v -0.448584 0.707107 -0.546601
v -0.490393 0.634393 -0.597545
v -0.527479 0.555570 -0.642735
v -0.559485 0.471397 -0.681734
v -0.586102 0.382683 -0.714168
v -0.607076 0.290285 -0.739725
v -0.622203 0.195090 -0.758157
v -0.631338 0.098017 -0.769288
v -0.634393 0.000000 -0.773010
v -0.631338 -0.098017 -0.769288
v -0.622203 -0.195090 -0.758157
v -0.607076 -0.290285 -0.739725
v -0.586102 -0.382683 -0.714168
v -0.559485 -0.471397 -0.681734
v -0.527479 -0.555570 -0.642735
v -0.490393 -0.634393 -0.597545
v -0.448584 -0.707107 -0.546601
v -0.402455 -0.773010 -0.490393
v -0.352450 -0.831470 -0.429462
v -0.299051 -0.881921 -0.364394
v -0.242772 -0.923880 -0.295818
v -0.184155 -0.956940 -0.224393
v -0.123764 -0.980785 -0.150807
v -0.062181 -0.995185 -0.075768
v -0.054455 0.995185 -0.081498
v -0.108386 0.980785 -0.162212
v -0.161274 0.956940 -0.241363
v -0.212607 0.923880 -0.318189
v -0.261894 0.881921 -0.391952
v -0.308659 0.831470 -0.461940
v -0.352450 0.773010 -0.527479
v -0.392847 0.707107 -0.587938
v -0.429461 0.634393 -0.642734
v -0.461940 0.555570 -0.691342
v -0.489969 0.471397 -0.733290
v -0.513280 0.382683 -0.768177
v -0.531647 0.290285 -0.795667
v -0.544895 0.195090 -0.815493
v -0.552895 0.098017 -0.827466
v -0.555570 0.000000 -0.831469
v -0.552895 -0.098017 -0.827466
v -0.544895 -0.195090 -0.815493
v -0.531647 -0.290285 -0.795667
v -0.513280 -0.382683 -0.768177
v -0.489969 -0.471397 -0.733290
v -0.461940 -0.555570 -0.691342
v -0.429461 -0.634393 -0.642734
v -0.392847 -0.707107 -0.587938
v -0.352450 -0.773010 -0.527479
v -0.308659 -0.831470 -0.461940
v -0.261894 -0.881921 -0.391952
v -0.212607 -0.923880 -0.318189
v -0.161274 -0.956940 -0.241363
v -0.108386 -0.980785 -0.162212
v -0.054455 -0.995185 -0.081498
v -0.046205 0.995185 -0.086443
v -0.091965 0.980785 -0.172054
v -0.136839 0.956940 -0.256008
v -0.180396 0.923880 -0.337496
v -0.222215 0.881921 -0.415735
v -0.261894 0.831470 -0.489970
v -0.299051 0.773010 -0.559485
v -0.333328 0.707107 -0.623612
v -0.364395 0.634393 -0.681734
v -0.391952 0.555570 -0.733291
v -0.415735 0.471397 -0.777785
v -0.435513 0.382683 -0.814789
v -0.451098 0.290285 -0.843946
v -0.462339 0.195090 -0.864975
v -0.469127 0.098017 -0.877674
v -0.471396 0.000000 -0.881921
v -0.469127 -0.098017 -0.877674
v -0.462339 -0.195090 -0.864975
v -0.451098 -0.290285 -0.843946
v -0.435513 -0.382683 -0.814789
v -0.415735 -0.471397 -0.777785
v -0.391952 -0.555570 -0.733291
v -0.364395 -0.634393 -0.681734
v -0.333328 -0.707107 -0.623612
v -0.299051 -0.773010 -0.559485
v -0.261894 -0.831470 -0.489970
v -0.222215 -0.881921 -0.415735
v -0.180396 -0.923880 -0.337496
v -0.136839 -0.956940 -0.256008
v -0.091965 -0.980785 -0.172054
v -0.046205 -0.995185 -0.086443
v -0.037509 0.995185 -0.090556
v -0.074658 0.980785 -0.180240
v -0.111087 0.956940 -0.268188
v -0.146446 0.923880 -0.353553
v -0.180396 0.881921 -0.435514
v -0.212608 0.831470 -0.513280
v -0.242772 0.773010 -0.586103
v -0.270598 0.707107 -0.653281
v -0.295818 0.634393 -0.714168
v -0.318190 0.555570 -0.768178
v -0.337496 0.471397 -0.814789
v -0.353553 0.382683 -0.853553
v -0.366205 0.290285 -0.884098
v -0.375330 0.195090 -0.906127
v -0.380840 0.098017 -0.919430
v -0.382683 0.000000 -0.923879
v -0.380840 -0.098017 -0.919430
v -0.375330 -0.195090 -0.906127
v -0.366205 -0.290285 -0.884098
v -0.353553 -0.382683 -0.853553
v -0.337496 -0.471397 -0.814789
v -0.318190 -0.555570 -0.768178
v -0.295818 -0.634393 -0.714168
v -0.270598 -0.707107 -0.653281
v -0.242772 -0.773010 -0.586103
v -0.212608 -0.831470 -0.513280
v -0.180396 -0.881921 -0.435514
v -0.146446 -0.923880 -0.353553
v -0.111087 -0.956940 -0.268188
v -0.074658 -0.980785 -0.180240
v -0.037509 -0.995185 -0.090556
v -0.028453 0.995185 -0.093796
v -0.056632 0.980785 -0.186690
v -0.084265 0.956940 -0.277785
v -0.111087 0.923880 -0.366205
v -0.136839 0.881921 -0.451098
v -0.161274 0.831470 -0.531648
v -0.184155 0.773010 -0.607076
v -0.205262 0.707107 -0.676659
v -0.224393 0.634393 -0.739724
v -0.241363 0.555570 -0.795667
v -0.256008 0.471397 -0.843946
v -0.268188 0.382683 -0.884097
v -0.277785 0.290285 -0.915735
v -0.284707 0.195090 -0.938553
v -0.288887 0.098017 -0.952332
v -0.290284 0.000000 -0.956940
v -0.288887 -0.098017 -0.952332
v -0.284707 -0.195090 -0.938553
v -0.277785 -0.290285 -0.915735
v -0.268188 -0.382683 -0.884097
v -0.256008 -0.471397 -0.843946
v -0.241363 -0.555570 -0.795667
v -0.224393 -0.634393 -0.739724
v -0.205262 -0.707107 -0.676659
v -0.184155 -0.773010 -0.607076
v -0.161274 -0.831470 -0.531648
v -0.136839 -0.881921 -0.451098
v -0.111087 -0.923880 -0.366205
v -0.084265 -0.956940 -0.277785
v -0.056632 -0.980785 -0.186690
v -0.028453 -0.995185 -0.093796
v -0.019122 0.995185 -0.096134
v -0.038060 0.980785 -0.191342
v -0.056632 0.956940 -0.284707
v -0.074658 0.923880 -0.375330
v -0.091965 0.881921 -0.462339
v -0.108386 0.831470 -0.544896
v -0.123764 0.773010 -0.622204
v -0.137950 0.707107 -0.693520
v -0.150807 0.634393 -0.758157
v -0.162212 0.555570 -0.815493
v -0.172054 0.471397 -0.864975
v -0.180240 0.382683 -0.906127
v -0.186690 0.290285 -0.938553
v -0.191342 0.195090 -0.961940
v -0.194151 0.098017 -0.976062
v -0.195090 0.000000 -0.980785
v -0.194151 -0.098017 -0.976062
v -0.191342 -0.195090 -0.961940
v -0.186690 -0.290285 -0.938553
v -0.180240 -0.382683 -0.906127
v -0.172054 -0.471397 -0.864975
v -0.162212 -0.555570 -0.815493
v -0.150807 -0.634393 -0.758157
v -0.137950 -0.707107 -0.693520
v -0.123764 -0.773010 -0.622204
v -0.108386 -0.831470 -0.544896
v -0.091965 -0.881921 -0.462339
v -0.074658 -0.923880 -0.375330
v -0.056632 -0.956940 -0.284707
v -0.038060 -0.980785 -0.191342
v -0.019122 -0.995185 -0.096134
v -0.009607 0.995185 -0.097545
v -0.019122 0.980785 -0.194151
v -0.028453 0.956940 -0.288887
v -0.037509 0.923880 -0.380840
v -0.046205 0.881921 -0.469127
v -0.054455 0.831470 -0.552896
v -0.062181 0.773010 -0.631338
v -0.069308 0.707107 -0.703702
v -0.075768 0.634393 -0.769288
v -0.081499 0.555570 -0.827466
v -0.086443 0.471397 -0.877674
v -0.090556 0.382683 -0.919430
v -0.093796 0.290285 -0.952332
v -0.096134 0.195090 -0.976062
v -0.097545 0.098017 -0.990392
v -0.098017 0.000000 -0.995184
v -0.097545 -0.098017 -0.990392
v -0.096134 -0.195090 -0.976062
v -0.093796 -0.290285 -0.952332
v -0.090556 -0.382683 -0.919430
v -0.086443 -0.471397 -0.877674
v -0.081499 -0.555570 -0.827466
v -0.075768 -0.634393 -0.769288
v -0.069308 -0.707107 -0.703702
v -0.062181 -0.773010 -0.631338
v -0.054455 -0.831470 -0.552896
v -0.046205 -0.881921 -0.469127
v -0.037509 -0.923880 -0.380840
v -0.028453 -0.956940 -0.288887
v -0.019122 -0.980785 -0.194151
v -0.009607 -0.995185 -0.097545
v 0.000000 0.923880 -0.382683
v -0.000000 0.831470 -0.555571
v -0.000000 0.773010 -0.634393
v 0.000000 0.707107 -0.707106
v -0.000000 0.634393 -0.773010
v -0.000000 0.555570 -0.831470
v 0.000000 0.195090 -0.980785
v 0.000000 -0.195090 -0.980785
v -0.000000 -0.555570 -0.831470
v -0.000000 -0.634393 -0.773010
v 0.000000 -0.707107 -0.707106
v -0.000000 -0.773010 -0.634393
v -0.000000 -0.831470 -0.555571
v 0.000000 -0.881921 -0.471396
v 0.000000 -0.923880 -0.382683
v 0.000000 -0.980785 -0.195090
vn 0.0166 -0.9414 -0.3368
vn 0.0490 0.0490 -0.9976
vn 0.0119 0.9700 -0.2430
vn 0.0119 -0.9700 -0.2430
vn 0.0490 -0.0490 -0.9976
vn 0.0165 0.9414 -0.3368
vn 0.0072 -0.9892 -0.1467
vn 0.0485 -0.1466 -0.9880
vn 0.0210 0.9038 -0.4275
vn 0.0024 -0.9988 -0.0491
vn 0.0476 -0.2427 -0.9689
vn 0.0253 0.8575 -0.5139
vn 0.0462 -0.3365 -0.9405
vn 0.0293 0.8029 -0.5954
vn 0.0444 -0.4271 -0.9031
vn 0.0330 0.7405 -0.6712
vn 0.0421 -0.5136 -0.8570
vn 0.0364 0.6711 -0.7405
vn 0.0394 -0.5952 -0.8026
vn 0.0394 0.5952 -0.8026
vn 0.0364 -0.6711 -0.7405
vn 0.0421 0.5136 -0.8570
vn 0.0330 -0.7405 -0.6712
vn 0.0444 0.4271 -0.9031
vn 0.0293 -0.8029 -0.5954
vn 0.0462 0.3365 -0.9405
vn 0.0252 -0.8575 -0.5139
vn 0.0476 0.2427 -0.9689
vn 0.0024 0.9988 -0.0491
vn 0.0210 -0.9038 -0.4275
vn 0.0485 0.1466 -0.9880
vn 0.0072 0.9892 -0.1467
vn 0.1088 -0.6711 -0.7333
vn 0.1259 0.5136 -0.8487
vn 0.0986 -0.7405 -0.6647
vn 0.1327 0.4271 -0.8944
vn 0.0875 -0.8029 -0.5897
vn 0.1382 0.3365 -0.9315
vn 0.0755 -0.8575 -0.5090
vn 0.1423 0.2427 -0.9596
vn 0.0072 0.9988 -0.0486
vn 0.0628 -0.9038 -0.4233
vn 0.1451 0.1466 -0.9785
vn 0.0216 0.9892 -0.1453
vn 0.0495 -0.9414 -0.3336
vn 0.1466 0.0490 -0.9880
vn 0.0357 0.9700 -0.2406
vn 0.0357 -0.9700 -0.2406
vn 0.1466 -0.0490 -0.9880
vn 0.0495 0.9414 -0.3336
vn 0.0216 -0.9892 -0.1453
vn 0.1451 -0.1466 -0.9785
vn 0.0628 0.9038 -0.4233
vn 0.0072 -0.9988 -0.0486
vn 0.1423 -0.2427 -0.9596
vn 0.0755 0.8575 -0.5090
vn 0.1382 -0.3365 -0.9315
vn 0.0875 0.8029 -0.5897
vn 0.1327 -0.4271 -0.8944
vn 0.0986 0.7405 -0.6647
vn 0.1259 -0.5136 -0.8487
vn 0.1088 0.6711 -0.7333
vn 0.1179 -0.5952 -0.7949
vn 0.1179 0.5952 -0.7949
vn 0.1449 -0.8029 -0.5783
vn 0.2288 0.3365 -0.9135
vn 0.1250 -0.8575 -0.4991
vn 0.2357 0.2427 -0.9410
vn 0.0119 0.9988 -0.0477
vn 0.1040 -0.9038 -0.4152
vn 0.2404 0.1466 -0.9596
vn 0.0357 0.9892 -0.1425
vn 0.0819 -0.9414 -0.3271
vn 0.2427 0.0490 -0.9689
vn 0.0591 0.9700 -0.2360
vn 0.0591 -0.9700 -0.2360
vn 0.2427 -0.0490 -0.9689
vn 0.0819 0.9414 -0.3271
vn 0.0357 -0.9892 -0.1425
vn 0.2404 -0.1466 -0.9596
vn 0.1040 0.9038 -0.4152
vn 0.0119 -0.9988 -0.0477
vn 0.2357 -0.2427 -0.9410
vn 0.1250 0.8575 -0.4991
vn 0.2288 -0.3365 -0.9135
vn 0.1449 0.8029 -0.5783
vn 0.2197 -0.4271 -0.8771
vn 0.1633 0.7405 -0.6519
vn 0.2085 -0.5136 -0.8323
vn 0.1801 0.6711 -0.7191
vn 0.1952 -0.5952 -0.7795
vn 0.1952 0.5952 -0.7795
vn 0.1801 -0.6711 -0.7191
vn 0.2085 0.5136 -0.8323
vn 0.1633 -0.7405 -0.6519
vn 0.2197 0.4271 -0.8771
vn 0.0165 0.9988 -0.0463
vn 0.1442 -0.9038 -0.4030
vn 0.3333 0.1466 -0.9314
vn 0.0495 0.9892 -0.1383
vn 0.1136 -0.9414 -0.3175
vn 0.3365 0.0490 -0.9404
vn 0.0820 0.9700 -0.2290
vn 0.0820 -0.9700 -0.2290
vn 0.3365 -0.0490 -0.9404
vn 0.1136 0.9414 -0.3175
vn 0.0495 -0.9892 -0.1383
vn 0.3333 -0.1466 -0.9314
vn 0.1442 0.9038 -0.4030
vn 0.0165 -0.9988 -0.0463
vn 0.3268 -0.2427 -0.9134
vn 0.1733 0.8575 -0.4845
vn 0.3172 -0.3365 -0.8866
vn 0.2008 0.8029 -0.5613
vn 0.3046 -0.4271 -0.8513
vn 0.2264 0.7405 -0.6327
vn 0.2891 -0.5136 -0.8078
vn 0.2498 0.6711 -0.6980
vn 0.2707 -0.5952 -0.7566
vn 0.2707 0.5952 -0.7566
vn 0.2498 -0.6711 -0.6980
vn 0.2891 0.5136 -0.8078
vn 0.2264 -0.7405 -0.6327
vn 0.3046 0.4271 -0.8513
vn 0.2008 -0.8029 -0.5613
vn 0.3172 0.3365 -0.8866
vn 0.1734 -0.8575 -0.4845
vn 0.3268 0.2427 -0.9134
vn 0.1040 0.9700 -0.2199
vn 0.1040 -0.9700 -0.2199
vn 0.4270 -0.0490 -0.9029
vn 0.1442 0.9414 -0.3049
vn 0.0628 -0.9892 -0.1328
vn 0.4229 -0.1466 -0.8942
vn 0.1830 0.9038 -0.3869
vn 0.0210 -0.9988 -0.0444
vn 0.4148 -0.2427 -0.8770
vn 0.2200 0.8575 -0.4652
vn 0.4026 -0.3365 -0.8513
vn 0.2549 0.8029 -0.5389
vn 0.3866 -0.4271 -0.8174
vn 0.2873 0.7405 -0.6075
vn 0.3668 -0.5136 -0.7756
vn 0.3170 0.6711 -0.6702
vn 0.3436 -0.5952 -0.7264
vn 0.3436 0.5952 -0.7264
vn 0.3170 -0.6711 -0.6702
vn 0.3668 0.5136 -0.7756
vn 0.2873 -0.7405 -0.6075
vn 0.3866 0.4271 -0.8174
vn 0.2549 -0.8029 -0.5389
vn 0.4026 0.3365 -0.8513
vn 0.2200 -0.8575 -0.4652
vn 0.4148 0.2427 -0.8770
vn 0.0210 0.9988 -0.0444
vn 0.1830 -0.9038 -0.3869
vn 0.4229 0.1466 -0.8942
vn 0.0628 0.9892 -0.1328
vn 0.1442 -0.9414 -0.3049
vn 0.4270 0.0490 -0.9029
vn 0.2200 0.9038 -0.3671
vn 0.0253 -0.9988 -0.0421
vn 0.4987 -0.2427 -0.8321
vn 0.2645 0.8575 -0.4414
vn 0.4841 -0.3365 -0.8077
vn 0.3065 0.8029 -0.5113
vn 0.4648 -0.4271 -0.7755
vn 0.3455 0.7405 -0.5764
vn 0.4411 -0.5136 -0.7359
vn 0.3811 0.6711 -0.6359
vn 0.4131 -0.5952 -0.6892
vn 0.4131 0.5952 -0.6892
vn 0.3811 -0.6711 -0.6359
vn 0.4411 0.5136 -0.7359
vn 0.3455 -0.7405 -0.5764
vn 0.4648 0.4271 -0.7755
vn 0.3065 -0.8029 -0.5113
vn 0.4841 0.3365 -0.8077
vn 0.2645 -0.8575 -0.4414
vn 0.4987 0.2427 -0.8321
vn 0.0253 0.9988 -0.0421
vn 0.2200 -0.9038 -0.3671
vn 0.5086 0.1466 -0.8485
vn 0.0755 0.9892 -0.1260
vn 0.1734 -0.9414 -0.2893
vn 0.5135 0.0490 -0.8567
vn 0.1251 0.9700 -0.2086
vn 0.1251 -0.9700 -0.2086
vn 0.5135 -0.0490 -0.8567
vn 0.1734 0.9414 -0.2893
vn 0.0755 -0.9892 -0.1260
vn 0.5086 -0.1466 -0.8485
vn 0.3551 0.8029 -0.4788
vn 0.5386 -0.4271 -0.7262
vn 0.4003 0.7405 -0.5398
vn 0.5111 -0.5136 -0.6892
vn 0.4416 0.6711 -0.5955
vn 0.4787 -0.5952 -0.6454
vn 0.4787 0.5952 -0.6454
vn 0.4416 -0.6711 -0.5955
vn 0.5111 0.5136 -0.6892
vn 0.4003 -0.7405 -0.5398
vn 0.5386 0.4271 -0.7263
vn 0.3551 -0.8029 -0.4788
vn 0.5610 0.3365 -0.7564
vn 0.3065 -0.8575 -0.4133
vn 0.5779 0.2427 -0.7792
vn 0.0293 0.9988 -0.0395
vn 0.2549 -0.9038 -0.3438
vn 0.5893 0.1466 -0.7945
vn 0.0875 0.9892 -0.1180
vn 0.2009 -0.9414 -0.2709
vn 0.5950 0.0490 -0.8022
vn 0.1449 0.9700 -0.1954
vn 0.1449 -0.9700 -0.1954
vn 0.5950 -0.0490 -0.8022
vn 0.2009 0.9414 -0.2709
vn 0.0875 -0.9891 -0.1180
vn 0.5893 -0.1466 -0.7945
vn 0.2549 0.9038 -0.3438
vn 0.0293 -0.9988 -0.0395
vn 0.5779 -0.2427 -0.7792
vn 0.3065 0.8575 -0.4133
vn 0.5610 -0.3365 -0.7564
vn 0.4979 0.6711 -0.5493
vn 0.5396 -0.5952 -0.5954
vn 0.5396 0.5952 -0.5954
vn 0.4979 -0.6711 -0.5493
vn 0.5762 0.5136 -0.6357
vn 0.4513 -0.7405 -0.4979
vn 0.6072 0.4271 -0.6700
vn 0.4004 -0.8029 -0.4417
vn 0.6324 0.3365 -0.6977
vn 0.3456 -0.8575 -0.3813
vn 0.6515 0.2427 -0.7188
vn 0.0330 0.9988 -0.0364
vn 0.2874 -0.9038 -0.3171
vn 0.6643 0.1466 -0.7330
vn 0.0987 0.9892 -0.1088
vn 0.2265 -0.9414 -0.2499
vn 0.6708 0.0490 -0.7401
vn 0.1634 0.9700 -0.1802
vn 0.1634 -0.9700 -0.1802
vn 0.6708 -0.0490 -0.7401
vn 0.2265 0.9414 -0.2499
vn 0.0987 -0.9892 -0.1088
vn 0.6643 -0.1466 -0.7329
vn 0.2874 0.9038 -0.3171
vn 0.0330 -0.9988 -0.0364
vn 0.6515 -0.2427 -0.7188
vn 0.3456 0.8575 -0.3813
vn 0.6324 -0.3365 -0.6977
vn 0.4004 0.8029 -0.4417
vn 0.6072 -0.4271 -0.6700
vn 0.4513 0.7405 -0.4979
vn 0.5762 -0.5136 -0.6357
vn 0.6357 0.5136 -0.5762
vn 0.4979 -0.7405 -0.4513
vn 0.6700 0.4271 -0.6072
vn 0.4417 -0.8029 -0.4004
vn 0.6977 0.3365 -0.6324
vn 0.3813 -0.8575 -0.3456
vn 0.7188 0.2427 -0.6515
vn 0.0364 0.9988 -0.0330
vn 0.3171 -0.9038 -0.2874
vn 0.7330 0.1466 -0.6643
vn 0.1089 0.9892 -0.0987
vn 0.2499 -0.9414 -0.2265
vn 0.7401 0.0490 -0.6708
vn 0.1802 0.9700 -0.1634
vn 0.1802 -0.9700 -0.1634
vn 0.7401 -0.0490 -0.6708
vn 0.2499 0.9414 -0.2265
vn 0.1088 -0.9892 -0.0987
vn 0.7330 -0.1466 -0.6643
vn 0.3171 0.9038 -0.2874
vn 0.0364 -0.9988 -0.0330
vn 0.7188 -0.2427 -0.6515
vn 0.3813 0.8575 -0.3456
vn 0.6977 -0.3365 -0.6324
vn 0.4417 0.8029 -0.4004
vn 0.6700 -0.4271 -0.6072
vn 0.4979 0.7405 -0.4513
vn 0.6357 -0.5136 -0.5762
vn 0.5493 0.6711 -0.4979
vn 0.5954 -0.5952 -0.5396
vn 0.5954 0.5952 -0.5396
vn 0.5493 -0.6711 -0.4979
vn 0.7564 0.3365 -0.5610
vn 0.4133 -0.8575 -0.3065
vn 0.7792 0.2427 -0.5779
vn 0.0395 0.9988 -0.0293
vn 0.3438 -0.9038 -0.2549
vn 0.7945 0.1466 -0.5893
vn 0.1180 0.9892 -0.0875
vn 0.2709 -0.9414 -0.2009
vn 0.8022 0.0490 -0.5950
vn 0.1954 0.9700 -0.1449
vn 0.1954 -0.9700 -0.1449
vn 0.8022 -0.0490 -0.5950
vn 0.2709 0.9414 -0.2009
vn 0.1180 -0.9892 -0.0875
vn 0.7945 -0.1466 -0.5893
vn 0.3438 0.9038 -0.2549
vn 0.0395 -0.9988 -0.0293
vn 0.7792 -0.2427 -0.5779
vn 0.4133 0.8575 -0.3065
vn 0.7564 -0.3365 -0.5610
vn 0.4788 0.8029 -0.3551
vn 0.7263 -0.4271 -0.5386
vn 0.5398 0.7405 -0.4003
vn 0.6892 -0.5136 -0.5111
vn 0.5955 0.6711 -0.4416
vn 0.6454 -0.5952 -0.4787
vn 0.6454 0.5952 -0.4787
vn 0.5955 -0.6711 -0.4416
vn 0.6892 0.5136 -0.5111
vn 0.5398 -0.7405 -0.4003
vn 0.7263 0.4271 -0.5386
vn 0.4788 -0.8029 -0.3551
vn 0.8485 0.1466 -0.5086
vn 0.1260 0.9892 -0.0755
vn 0.2893 -0.9414 -0.1734
vn 0.8567 0.0490 -0.5135
vn 0.2086 0.9700 -0.1251
vn 0.2086 -0.9700 -0.1251
vn 0.8567 -0.0490 -0.5135
vn 0.2893 0.9414 -0.1734
vn 0.1260 -0.9892 -0.0755
vn 0.8485 -0.1466 -0.5086
vn 0.3671 0.9038 -0.2200
vn 0.0421 -0.9988 -0.0253
vn 0.8321 -0.2427 -0.4987
vn 0.4414 0.8575 -0.2645
vn 0.8077 -0.3365 -0.4841
vn 0.5113 0.8029 -0.3065
vn 0.7755 -0.4271 -0.4648
vn 0.5764 0.7405 -0.3455
vn 0.7359 -0.5136 -0.4411
vn 0.6359 0.6711 -0.3811
vn 0.6892 -0.5952 -0.4131
vn 0.6892 0.5952 -0.4131
vn 0.6359 -0.6711 -0.3811
vn 0.7359 0.5136 -0.4411
vn 0.5764 -0.7405 -0.3455
vn 0.7755 0.4271 -0.4648
vn 0.5113 -0.8029 -0.3065
vn 0.8077 0.3365 -0.4841
vn 0.4414 -0.8575 -0.2645
vn 0.8321 0.2427 -0.4987
vn 0.0421 0.9988 -0.0253
vn 0.3671 -0.9038 -0.2200
vn 0.9029 -0.0490 -0.4270
vn 0.3049 0.9414 -0.1442
vn 0.1328 -0.9892 -0.0628
vn 0.8942 -0.1466 -0.4229
vn 0.3869 0.9038 -0.1830
vn 0.0444 -0.9988 -0.0210
vn 0.8770 -0.2427 -0.4148
vn 0.4652 0.8575 -0.2200
vn 0.8513 -0.3365 -0.4026
vn 0.5389 0.8029 -0.2549
vn 0.8174 -0.4271 -0.3866
vn 0.6075 0.7405 -0.2873
vn 0.7756 -0.5136 -0.3668
vn 0.6702 0.6711 -0.3170
vn 0.7264 -0.5952 -0.3436
vn 0.7264 0.5952 -0.3436
vn 0.6702 -0.6711 -0.3170
vn 0.7756 0.5136 -0.3668
vn 0.6075 -0.7405 -0.2873
vn 0.8174 0.4271 -0.3866
vn 0.5389 -0.8029 -0.2549
vn 0.8513 0.3365 -0.4026
vn 0.4652 -0.8575 -0.2200
vn 0.8770 0.2427 -0.4148
vn 0.0444 0.9988 -0.0210
vn 0.3869 -0.9038 -0.1830
vn 0.8942 0.1466 -0.4229
vn 0.1328 0.9892 -0.0628
vn 0.3049 -0.9414 -0.1442
vn 0.9029 0.0490 -0.4270
vn 0.2199 0.9700 -0.1040
vn 0.2199 -0.9700 -0.1040
vn 0.9134 -0.2427 -0.3268
vn 0.4845 0.8575 -0.1733
vn 0.8866 -0.3365 -0.3172
vn 0.5613 0.8029 -0.2008
vn 0.8513 -0.4271 -0.3046
vn 0.6327 0.7405 -0.2264
vn 0.8078 -0.5136 -0.2891
vn 0.6980 0.6711 -0.2498
vn 0.7566 -0.5952 -0.2707
vn 0.7566 0.5952 -0.2707
vn 0.6980 -0.6711 -0.2498
vn 0.8078 0.5136 -0.2891
vn 0.6327 -0.7405 -0.2264
vn 0.8513 0.4271 -0.3046
vn 0.5613 -0.8029 -0.2008
vn 0.8866 0.3365 -0.3172
vn 0.4845 -0.8575 -0.1733
vn 0.9134 0.2427 -0.3268
vn 0.0462 0.9988 -0.0166
vn 0.4030 -0.9038 -0.1442
vn 0.9314 0.1466 -0.3333
vn 0.1383 0.9892 -0.0495
vn 0.3175 -0.9414 -0.1136
vn 0.9404 0.0490 -0.3365
vn 0.2290 0.9700 -0.0820
vn 0.2290 -0.9700 -0.0820
vn 0.9404 -0.0490 -0.3365
vn 0.3175 0.9414 -0.1136
vn 0.1383 -0.9892 -0.0495
vn 0.9314 -0.1466 -0.3333
vn 0.4030 0.9038 -0.1442
vn 0.0462 -0.9988 -0.0166
vn 0.8771 -0.4271 -0.2197
vn 0.6519 0.7405 -0.1633
vn 0.8323 -0.5136 -0.2085
vn 0.7191 0.6711 -0.1801
vn 0.7795 -0.5952 -0.1952
vn 0.7795 0.5952 -0.1952
vn 0.7191 -0.6711 -0.1801
vn 0.8323 0.5136 -0.2085
vn 0.6519 -0.7405 -0.1633
vn 0.8771 0.4271 -0.2197
vn 0.5783 -0.8029 -0.1449
vn 0.9135 0.3365 -0.2288
vn 0.4991 -0.8575 -0.1250
vn 0.9410 0.2427 -0.2357
vn 0.0477 0.9988 -0.0119
vn 0.4152 -0.9038 -0.1040
vn 0.9596 0.1466 -0.2404
vn 0.1425 0.9892 -0.0357
vn 0.3271 -0.9414 -0.0819
vn 0.9689 0.0490 -0.2427
vn 0.2360 0.9700 -0.0591
vn 0.2360 -0.9700 -0.0591
vn 0.9689 -0.0490 -0.2427
vn 0.3271 0.9414 -0.0819
vn 0.1425 -0.9892 -0.0357
vn 0.9596 -0.1466 -0.2404
vn 0.4151 0.9038 -0.1040
vn 0.0477 -0.9988 -0.0119
vn 0.9410 -0.2427 -0.2357
vn 0.4991 0.8575 -0.1250
vn 0.9135 -0.3365 -0.2288
vn 0.5783 0.8029 -0.1449
vn 0.7949 -0.5952 -0.1179
vn 0.7949 0.5952 -0.1179
vn 0.7333 -0.6711 -0.1088
vn 0.8487 0.5136 -0.1259
vn 0.6647 -0.7405 -0.0986
vn 0.8944 0.4271 -0.1327
vn 0.5897 -0.8029 -0.0875
vn 0.9315 0.3365 -0.1382
vn 0.5090 -0.8575 -0.0755
vn 0.9596 0.2427 -0.1423
vn 0.0486 0.9988 -0.0072
vn 0.4233 -0.9038 -0.0628
vn 0.9785 0.1466 -0.1451
vn 0.1453 0.9892 -0.0216
vn 0.3336 -0.9414 -0.0495
vn 0.9880 0.0490 -0.1466
vn 0.2406 0.9700 -0.0357
vn 0.2406 -0.9700 -0.0357
vn 0.9880 -0.0490 -0.1466
vn 0.3336 0.9414 -0.0495
vn 0.1453 -0.9892 -0.0216
vn 0.9785 -0.1466 -0.1451
vn 0.4233 0.9038 -0.0628
vn 0.0486 -0.9988 -0.0072
vn 0.9596 -0.2427 -0.1423
vn 0.5090 0.8575 -0.0755
vn 0.9315 -0.3365 -0.1382
vn 0.5897 0.8029 -0.0875
vn 0.8944 -0.4271 -0.1327
vn 0.6647 0.7405 -0.0986
vn 0.8487 -0.5136 -0.1259
vn 0.7333 0.6711 -0.1088
vn 0.6712 -0.7405 -0.0330
vn 0.9031 0.4271 -0.0444
vn 0.5954 -0.8029 -0.0293
vn 0.9405 0.3365 -0.0462
vn 0.5139 -0.8575 -0.0252
vn 0.9689 0.2427 -0.0476
vn 0.0491 0.9988 -0.0024
vn 0.4275 -0.9038 -0.0210
vn 0.9880 0.1466 -0.0485
vn 0.1467 0.9892 -0.0072
vn 0.3368 -0.9414 -0.0165
vn 0.9976 0.0490 -0.0490
vn 0.2430 0.9700 -0.0119
vn 0.2430 -0.9700 -0.0119
vn 0.9976 -0.0490 -0.0490
vn 0.3368 0.9414 -0.0165
vn 0.1467 -0.9892 -0.0072
vn 0.9880 -0.1466 -0.0485
vn 0.4275 0.9038 -0.0210
vn 0.0491 -0.9988 -0.0024
vn 0.9689 -0.2427 -0.0476
vn 0.5139 0.8575 -0.0252
vn 0.9405 -0.3365 -0.0462
vn 0.5954 0.8029 -0.0293
vn 0.9031 -0.4271 -0.0444
vn 0.6712 0.7405 -0.0330
vn 0.8570 -0.5136 -0.0421
vn 0.7405 0.6711 -0.0364
vn 0.8026 -0.5952 -0.0394
vn 0.8026 0.5952 -0.0394
vn 0.7405 -0.6711 -0.0364
vn 0.8570 0.5136 -0.0421
vn 0.5139 -0.8575 0.0252
vn 0.9689 0.2427 0.0476
vn 0.0491 0.9988 0.0024
vn 0.4275 -0.9038 0.0210
vn 0.9880 0.1466 0.0485
vn 0.1467 0.9892 0.0072
vn 0.3368 -0.9414 0.0165
vn 0.9976 0.0490 0.0490
vn 0.2430 0.9700 0.0119
vn 0.2430 -0.9700 0.0119
vn 0.9976 -0.0490 0.0490
vn 0.3368 0.9414 0.0165
vn 0.1467 -0.9892 0.0072
vn 0.9880 -0.1466 0.0485
vn 0.4275 0.9038 0.0210
vn 0.0491 -0.9988 0.0024
vn 0.9689 -0.2427 0.0476
vn 0.5139 0.8575 0.0252
vn 0.9405 -0.3365 0.0462
vn 0.5954 0.8029 0.0293
vn 0.9031 -0.4271 0.0444
vn 0.6712 0.7405 0.0330
vn 0.8570 -0.5136 0.0421
vn 0.7405 0.6711 0.0364
vn 0.8026 -0.5952 0.0394
vn 0.8026 0.5952 0.0394
vn 0.7405 -0.6711 0.0364
vn 0.8570 0.5136 0.0421
vn 0.6712 -0.7405 0.0330
vn 0.9031 0.4271 0.0444
vn 0.5954 -0.8029 0.0293
vn 0.9405 0.3365 0.0462
vn 0.3336 -0.9414 0.0495
vn 0.9880 0.0490 0.1466
vn 0.2406 0.9700 0.0357
vn 0.2406 -0.9700 0.0357
vn 0.9880 -0.0490 0.1466
vn 0.3336 0.9414 0.0495
vn 0.1453 -0.9892 0.0216
vn 0.9785 -0.1466 0.1451
vn 0.4233 0.9038 0.0628
vn 0.0486 -0.9988 0.0072
vn 0.9596 -0.2427 0.1423
vn 0.5090 0.8575 0.0755
vn 0.9315 -0.3365 0.1382
vn 0.5897 0.8029 0.0875
vn 0.8944 -0.4271 0.1327
vn 0.6647 0.7405 0.0986
vn 0.8487 -0.5136 0.1259
vn 0.7333 0.6711 0.1088
vn 0.7949 -0.5952 0.1179
vn 0.7949 0.5952 0.1179
vn 0.7333 -0.6711 0.1088
vn 0.8487 0.5136 0.1259
vn 0.6647 -0.7405 0.0986
vn 0.8944 0.4271 0.1327
vn 0.5897 -0.8029 0.0875
vn 0.9315 0.3365 0.1382
vn 0.5090 -0.8575 0.0755
vn 0.9596 0.2427 0.1423
vn 0.0486 0.9988 0.0072
vn 0.4233 -0.9038 0.0628
vn 0.9785 0.1466 0.1451
vn 0.1453 0.9892 0.0216
vn 0.1425 -0.9892 0.0357
vn 0.9596 -0.1466 0.2404
vn 0.4151 0.9038 0.1040
vn 0.0477 -0.9988 0.0119
vn 0.9410 -0.2427 0.2357
vn 0.4991 0.8575 0.1250
vn 0.9135 -0.3365 0.2288
vn 0.5783 0.8029 0.1449
vn 0.8771 -0.4271 0.2197
vn 0.6519 0.7405 0.1633
vn 0.8323 -0.5136 0.2085
vn 0.7191 0.6711 0.1801
vn 0.7795 -0.5952 0.1952
vn 0.7795 0.5952 0.1952
vn 0.7191 -0.6711 0.1801
vn 0.8323 0.5136 0.2085
vn 0.6519 -0.7405 0.1633
vn 0.8771 0.4271 0.2197
vn 0.5783 -0.8029 0.1449
vn 0.9135 0.3365 0.2288
vn 0.4991 -0.8575 0.1250
vn 0.9410 0.2427 0.2357
vn 0.0477 0.9988 0.0119
vn 0.4151 -0.9038 0.1040
vn 0.9596 0.1466 0.2404
vn 0.1425 0.9892 0.0357
vn 0.3271 -0.9414 0.0819
vn 0.9689 0.0490 0.2427
vn 0.2360 0.9700 0.0591
vn 0.2360 -0.9700 0.0591
vn 0.9689 -0.0490 0.2427
vn 0.3271 0.9414 0.0819
vn 0.8866 -0.3365 0.3172
vn 0.5613 0.8029 0.2008
vn 0.8513 -0.4271 0.3046
vn 0.6327 0.7405 0.2264
vn 0.8078 -0.5136 0.2891
vn 0.6980 0.6711 0.2498
vn 0.7566 -0.5952 0.2707
vn 0.7566 0.5952 0.2707
vn 0.6980 -0.6711 0.2498
vn 0.8078 0.5136 0.2891
vn 0.6327 -0.7405 0.2264
vn 0.8513 0.4271 0.3046
vn 0.5613 -0.8029 0.2008
vn 0.8866 0.3365 0.3172
vn 0.4845 -0.8575 0.1734
vn 0.9134 0.2427 0.3268
vn 0.0463 0.9988 0.0166
vn 0.4030 -0.9038 0.1442
vn 0.9314 0.1466 0.3333
vn 0.1383 0.9892 0.0495
vn 0.3175 -0.9414 0.1136
vn 0.9404 0.0490 0.3365
vn 0.2290 0.9700 0.0820
vn 0.2290 -0.9700 0.0820
vn 0.9404 -0.0490 0.3365
vn 0.3175 0.9414 0.1136
vn 0.1383 -0.9892 0.0495
vn 0.9314 -0.1466 0.3333
vn 0.4030 0.9038 0.1442
vn 0.0462 -0.9988 0.0166
vn 0.9134 -0.2427 0.3268
vn 0.4845 0.8575 0.1733
vn 0.7756 -0.5136 0.3668
vn 0.6702 0.6711 0.3170
vn 0.7264 -0.5952 0.3436
vn 0.7264 0.5952 0.3436
vn 0.6702 -0.6711 0.3170
vn 0.7756 0.5136 0.3668
vn 0.6075 -0.7405 0.2873
vn 0.8174 0.4271 0.3866
vn 0.5389 -0.8029 0.2549
vn 0.8513 0.3365 0.4026
vn 0.4652 -0.8575 0.2200
vn 0.8770 0.2427 0.4148
vn 0.0444 0.9988 0.0210
vn 0.3869 -0.9038 0.1830
vn 0.8942 0.1466 0.4229
vn 0.1328 0.9892 0.0628
vn 0.3049 -0.9414 0.1442
vn 0.9029 0.0490 0.4270
vn 0.2199 0.9700 0.1040
vn 0.2199 -0.9700 0.1040
vn 0.9029 -0.0490 0.4270
vn 0.3049 0.9414 0.1442
vn 0.1328 -0.9892 0.0628
vn 0.8942 -0.1466 0.4229
vn 0.3869 0.9038 0.1830
vn 0.0444 -0.9988 0.0210
vn 0.8770 -0.2427 0.4148
vn 0.4652 0.8575 0.2200
vn 0.8513 -0.3365 0.4026
vn 0.5389 0.8029 0.2549
vn 0.8174 -0.4271 0.3866
vn 0.6075 0.7405 0.2873
vn 0.6359 -0.6711 0.3811
vn 0.7359 0.5136 0.4411
vn 0.5764 -0.7405 0.3455
vn 0.7755 0.4271 0.4648
vn 0.5113 -0.8029 0.3065
vn 0.8077 0.3365 0.4841
vn 0.4413 -0.8575 0.2645
vn 0.8321 0.2427 0.4987
vn 0.0421 0.9988 0.0253
vn 0.3671 -0.9038 0.2200
vn 0.8485 0.1466 0.5086
vn 0.1260 0.9892 0.0755
vn 0.2893 -0.9414 0.1734
vn 0.8567 0.0490 0.5135
vn 0.2086 0.9700 0.1251
vn 0.2086 -0.9700 0.1251
vn 0.8567 -0.0490 0.5135
vn 0.2893 0.9414 0.1734
vn 0.1260 -0.9892 0.0755
vn 0.8485 -0.1466 0.5086
vn 0.3671 0.9038 0.2200
vn 0.0421 -0.9988 0.0253
vn 0.8321 -0.2427 0.4987
vn 0.4413 0.8575 0.2645
vn 0.8077 -0.3365 0.4841
vn 0.5113 0.8029 0.3065
vn 0.7755 -0.4271 0.4648
vn 0.5764 0.7405 0.3455
vn 0.7359 -0.5136 0.4411
vn 0.6359 0.6711 0.3811
vn 0.6892 -0.5952 0.4131
vn 0.6892 0.5952 0.4131
vn 0.4788 -0.8029 0.3551
vn 0.7564 0.3365 0.5610
vn 0.4133 -0.8575 0.3065
vn 0.7792 0.2427 0.5779
vn 0.0395 0.9988 0.0293
vn 0.3438 -0.9038 0.2549
vn 0.7945 0.1466 0.5893
vn 0.1180 0.9892 0.0875
vn 0.2709 -0.9414 0.2009
vn 0.8022 0.0490 0.5950
vn 0.1954 0.9700 0.1449
vn 0.1954 -0.9700 0.1449
vn 0.8022 -0.0490 0.5950
vn 0.2709 0.9414 0.2009
vn 0.1180 -0.9892 0.0875
vn 0.7945 -0.1466 0.5893
vn 0.3438 0.9038 0.2549
vn 0.0395 -0.9988 0.0293
vn 0.7792 -0.2427 0.5779
vn 0.4133 0.8575 0.3065
vn 0.7564 -0.3365 0.5610
vn 0.4788 0.8029 0.3551
vn 0.7263 -0.4271 0.5386
vn 0.5398 0.7405 0.4003
vn 0.6892 -0.5136 0.5111
vn 0.5955 0.6711 0.4416
vn 0.6454 -0.5952 0.4787
vn 0.6454 0.5952 0.4787
vn 0.5955 -0.6711 0.4416
vn 0.6892 0.5136 0.5111
vn 0.5398 -0.7405 0.4003
vn 0.7263 0.4271 0.5386
vn 0.0364 0.9988 0.0330
vn 0.3171 -0.9038 0.2874
vn 0.7330 0.1466 0.6643
vn 0.1088 0.9892 0.0987
vn 0.2499 -0.9414 0.2265
vn 0.7401 0.0490 0.6708
vn 0.1802 0.9700 0.1634
vn 0.1802 -0.9700 0.1634
vn 0.7401 -0.0490 0.6708
vn 0.2499 0.9414 0.2265
vn 0.1088 -0.9892 0.0987
vn 0.7330 -0.1466 0.6643
vn 0.3171 0.9038 0.2874
vn 0.0364 -0.9988 0.0330
vn 0.7188 -0.2427 0.6515
vn 0.3813 0.8575 0.3456
vn 0.6977 -0.3365 0.6324
vn 0.4417 0.8029 0.4004
vn 0.6700 -0.4271 0.6072
vn 0.4979 0.7405 0.4513
vn 0.6357 -0.5136 0.5762
vn 0.5493 0.6711 0.4979
vn 0.5954 -0.5952 0.5396
vn 0.5954 0.5952 0.5396
vn 0.5493 -0.6711 0.4979
vn 0.6357 0.5136 0.5762
vn 0.4979 -0.7405 0.4513
vn 0.6700 0.4271 0.6072
vn 0.4417 -0.8029 0.4004
vn 0.6977 0.3365 0.6324
vn 0.3813 -0.8575 0.3456
vn 0.7188 0.2427 0.6515
vn 0.1634 0.9700 0.1802
vn 0.1634 -0.9700 0.1802
vn 0.6708 -0.0490 0.7401
vn 0.2265 0.9414 0.2499
vn 0.0987 -0.9892 0.1088
vn 0.6643 -0.1466 0.7330
vn 0.2874 0.9038 0.3171
vn 0.0330 -0.9988 0.0364
vn 0.6515 -0.2427 0.7188
vn 0.3456 0.8575 0.3813
vn 0.6324 -0.3365 0.6977
vn 0.4004 0.8029 0.4417
vn 0.6072 -0.4271 0.6700
vn 0.4513 0.7405 0.4979
vn 0.5762 -0.5136 0.6357
vn 0.4979 0.6711 0.5493
vn 0.5396 -0.5952 0.5954
vn 0.5396 0.5952 0.5954
vn 0.4979 -0.6711 0.5493
vn 0.5762 0.5136 0.6357
vn 0.4513 -0.7405 0.4979
vn 0.6072 0.4271 0.6700
vn 0.4004 -0.8029 0.4417
vn 0.6324 0.3365 0.6977
vn 0.3456 -0.8575 0.3813
vn 0.6515 0.2427 0.7188
vn 0.0330 0.9988 0.0364
vn 0.2874 -0.9038 0.3171
vn 0.6643 0.1466 0.7330
vn 0.0987 0.9892 0.1088
vn 0.2265 -0.9414 0.2499
vn 0.6708 0.0490 0.7401
vn 0.2549 0.9038 0.3438
vn 0.0293 -0.9988 0.0395
vn 0.5779 -0.2427 0.7792
vn 0.3065 0.8575 0.4133
vn 0.5610 -0.3365 0.7564
vn 0.3551 0.8029 0.4788
vn 0.5386 -0.4271 0.7263
vn 0.4003 0.7405 0.5398
vn 0.5111 -0.5136 0.6892
vn 0.4416 0.6711 0.5955
vn 0.4787 -0.5952 0.6454
vn 0.4787 0.5952 0.6454
vn 0.4416 -0.6711 0.5955
vn 0.5111 0.5136 0.6892
vn 0.4003 -0.7405 0.5398
vn 0.5386 0.4271 0.7263
vn 0.3551 -0.8029 0.4788
vn 0.5610 0.3365 0.7564
vn 0.3065 -0.8575 0.4133
vn 0.5779 0.2427 0.7792
vn 0.0293 0.9988 0.0395
vn 0.2549 -0.9038 0.3438
vn 0.5893 0.1466 0.7945
vn 0.0875 0.9892 0.1180
vn 0.2009 -0.9414 0.2709
vn 0.5950 0.0490 0.8022
vn 0.1449 0.9700 0.1954
vn 0.1449 -0.9700 0.1954
vn 0.5950 -0.0490 0.8022
vn 0.2009 0.9414 0.2709
vn 0.0875 -0.9891 0.1180
vn 0.5893 -0.1466 0.7945
vn 0.5135 -0.0490 0.8567
vn 0.1734 0.9414 0.2893
vn 0.0755 -0.9892 0.1260
vn 0.5086 -0.1466 0.8485
vn 0.2200 0.9038 0.3671
vn 0.0253 -0.9988 0.0421
vn 0.4987 -0.2427 0.8321
vn 0.2645 0.8575 0.4413
vn 0.4841 -0.3365 0.8077
vn 0.3065 0.8029 0.5113
vn 0.4648 -0.4271 0.7755
vn 0.3455 0.7405 0.5764
vn 0.4411 -0.5136 0.7359
vn 0.3811 0.6711 0.6359
vn 0.4131 -0.5952 0.6892
vn 0.4131 0.5952 0.6892
vn 0.3811 -0.6711 0.6359
vn 0.4411 0.5136 0.7359
vn 0.3455 -0.7405 0.5764
vn 0.4648 0.4271 0.7755
vn 0.3065 -0.8029 0.5113
vn 0.4841 0.3365 0.8077
vn 0.2645 -0.8575 0.4414
vn 0.4987 0.2427 0.8321
vn 0.0253 0.9988 0.0421
vn 0.2200 -0.9038 0.3671
vn 0.5086 0.1466 0.8485
vn 0.0755 0.9892 0.1260
vn 0.1734 -0.9414 0.2893
vn 0.5135 0.0490 0.8567
vn 0.1251 0.9700 0.2086
vn 0.1251 -0.9700 0.2086
vn 0.4148 -0.2427 0.8770
vn 0.2200 0.8575 0.4652
vn 0.4026 -0.3365 0.8513
vn 0.2549 0.8029 0.5389
vn 0.3866 -0.4271 0.8174
vn 0.2873 0.7405 0.6075
vn 0.3668 -0.5136 0.7756
vn 0.3170 0.6711 0.6702
vn 0.3436 -0.5952 0.7264
vn 0.3436 0.5952 0.7264
vn 0.3170 -0.6711 0.6702
vn 0.3668 0.5136 0.7756
vn 0.2873 -0.7405 0.6075
vn 0.3866 0.4271 0.8174
vn 0.2549 -0.8029 0.5389
vn 0.4026 0.3365 0.8513
vn 0.2200 -0.8575 0.4652
vn 0.4148 0.2427 0.8770
vn 0.0210 0.9988 0.0444
vn 0.1830 -0.9038 0.3869
vn 0.4229 0.1466 0.8942
vn 0.0628 0.9892 0.1328
vn 0.1442 -0.9414 0.3049
vn 0.4270 0.0490 0.9029
vn 0.1040 0.9700 0.2199
vn 0.1040 -0.9700 0.2199
vn 0.4270 -0.0490 0.9029
vn 0.1442 0.9414 0.3049
vn 0.0628 -0.9892 0.1328
vn 0.4229 -0.1466 0.8942
vn 0.1830 0.9038 0.3869
vn 0.0210 -0.9988 0.0444
vn 0.3046 -0.4271 0.8513
vn 0.2264 0.7405 0.6327
vn 0.2891 -0.5136 0.8078
vn 0.2498 0.6711 0.6980
vn 0.2707 -0.5952 0.7566
vn 0.2707 0.5952 0.7566
vn 0.2498 -0.6711 0.6980
vn 0.2891 0.5136 0.8078
vn 0.2264 -0.7405 0.6327
vn 0.3046 0.4271 0.8513
vn 0.2008 -0.8029 0.5613
vn 0.3172 0.3365 0.8866
vn 0.1733 -0.8575 0.4845
vn 0.3268 0.2427 0.9134
vn 0.0165 0.9988 0.0463
vn 0.1442 -0.9038 0.4030
vn 0.3333 0.1466 0.9314
vn 0.0495 0.9892 0.1383
vn 0.1136 -0.9414 0.3175
vn 0.3365 0.0490 0.9404
vn 0.0819 0.9700 0.2290
vn 0.0820 -0.9700 0.2290
vn 0.3365 -0.0490 0.9404
vn 0.1136 0.9414 0.3175
vn 0.0495 -0.9892 0.1383
vn 0.3333 -0.1466 0.9314
vn 0.1442 0.9038 0.4030
vn 0.0165 -0.9988 0.0463
vn 0.3268 -0.2427 0.9134
vn 0.1734 0.8575 0.4845
vn 0.3172 -0.3365 0.8866
vn 0.2008 0.8029 0.5613
vn 0.1952 -0.5952 0.7795
vn 0.1952 0.5952 0.7795
vn 0.1801 -0.6711 0.7191
vn 0.2085 0.5136 0.8323
vn 0.1633 -0.7405 0.6519
vn 0.2197 0.4271 0.8771
vn 0.1449 -0.8029 0.5783
vn 0.2288 0.3365 0.9135
vn 0.1250 -0.8575 0.4991
vn 0.2357 0.2427 0.9410
vn 0.0119 0.9988 0.0477
vn 0.1040 -0.9038 0.4152
vn 0.2404 0.1466 0.9596
vn 0.0357 0.9892 0.1425
vn 0.0819 -0.9414 0.3271
vn 0.2427 0.0490 0.9689
vn 0.0591 0.9700 0.2360
vn 0.0591 -0.9700 0.2360
vn 0.2427 -0.0490 0.9689
vn 0.0819 0.9414 0.3271
vn 0.0357 -0.9892 0.1425
vn 0.2404 -0.1466 0.9596
vn 0.1040 0.9038 0.4152
vn 0.0119 -0.9988 0.0477
vn 0.2357 -0.2427 0.9410
vn 0.1250 0.8575 0.4991
vn 0.2288 -0.3365 0.9135
vn 0.1449 0.8029 0.5783
vn 0.2197 -0.4271 0.8771
vn 0.1633 0.7405 0.6519
vn 0.2085 -0.5136 0.8323
vn 0.1801 0.6711 0.7191
vn 0.0986 -0.7405 0.6647
vn 0.1327 0.4271 0.8944
vn 0.0875 -0.8029 0.5897
vn 0.1382 0.3365 0.9315
vn 0.0755 -0.8575 0.5090
vn 0.1423 0.2427 0.9596
vn 0.0072 0.9988 0.0486
vn 0.0628 -0.9038 0.4233
vn 0.1451 0.1466 0.9785
vn 0.0216 0.9892 0.1453
vn 0.0495 -0.9414 0.3336
vn 0.1466 0.0490 0.9880
vn 0.0357 0.9700 0.2406
vn 0.0357 -0.9700 0.2406
vn 0.1466 -0.0490 0.9880
vn 0.0495 0.9414 0.3336
vn 0.0216 -0.9892 0.1453
vn 0.1451 -0.1466 0.9785
vn 0.0628 0.9038 0.4233
vn 0.0072 -0.9988 0.0486
vn 0.1423 -0.2427 0.9596
vn 0.0755 0.8575 0.5090
vn 0.1382 -0.3365 0.9315
vn 0.0875 0.8029 0.5897
vn 0.1327 -0.4271 0.8944
vn 0.0986 0.7405 0.6647
vn 0.1259 -0.5136 0.8487
vn 0.1088 0.6711 0.7333
vn 0.1179 -0.5952 0.7949
vn 0.1179 0.5952 0.7949
vn 0.1088 -0.6711 0.7333
vn 0.1259 0.5136 0.8487
vn 0.0252 -0.8575 0.5139
vn 0.0476 0.2427 0.9689
vn 0.0024 0.9988 0.0491
vn 0.0210 -0.9038 0.4275
vn 0.0485 0.1466 0.9880
vn 0.0072 0.9892 0.1467
vn 0.0165 -0.9414 0.3368
vn 0.0490 0.0490 0.9976
vn 0.0119 0.9700 0.2430
vn 0.0119 -0.9700 0.2430
vn 0.0490 -0.0490 0.9976
vn 0.0165 0.9414 0.3368
vn 0.0072 -0.9892 0.1467
vn 0.0485 -0.1466 0.9880
vn 0.0210 0.9038 0.4275
vn 0.0024 -0.9988 0.0491
vn 0.0476 -0.2427 0.9689
vn 0.0252 0.8575 0.5139
vn 0.0462 -0.3365 0.9405
vn 0.0293 0.8029 0.5954
vn 0.0444 -0.4271 0.9031
vn 0.0330 0.7405 0.6712
vn 0.0421 -0.5136 0.8570
vn 0.0364 0.6711 0.7405
vn 0.0394 -0.5952 0.8026
vn 0.0394 0.5952 0.8026
vn 0.0364 -0.6711 0.7405
vn 0.0421 0.5136 0.8570
vn 0.0330 -0.7405 0.6712
vn 0.0444 0.4271 0.9031
vn 0.0293 -0.8029 0.5954
vn 0.0462 0.3365 0.9405
vn -0.0072 0.9892 0.1467
vn -0.0165 -0.9414 0.3368
vn -0.0490 0.0490 0.9976
vn -0.0119 0.9700 0.2430
vn -0.0119 -0.9700 0.2430
vn -0.0490 -0.0490 0.9976
vn -0.0165 0.9414 0.3368
vn -0.0072 -0.9892 0.1467
vn -0.0485 -0.1466 0.9880
vn -0.0210 0.9038 0.4275
vn -0.0024 -0.9988 0.0491
vn -0.0476 -0.2427 0.9689
vn -0.0252 0.8575 0.5139
vn -0.0462 -0.3365 0.9405
vn -0.0293 0.8029 0.5954
vn -0.0444 -0.4271 0.9031
vn -0.0330 0.7405 0.6712
vn -0.0421 -0.5136 0.8570
vn -0.0364 0.6711 0.7405
vn -0.0394 -0.5952 0.8026
vn -0.0394 0.5952 0.8026
vn -0.0364 -0.6711 0.7405
vn -0.0421 0.5136 0.8570
vn -0.0330 -0.7405 0.6712
vn -0.0444 0.4271 0.9031
vn -0.0293 -0.8029 0.5954
vn -0.0462 0.3365 0.9405
vn -0.0252 -0.8575 0.5139
vn -0.0476 0.2427 0.9689
vn -0.0024 0.9988 0.0491
vn -0.0210 -0.9038 0.4275
vn -0.0485 0.1466 0.9880
vn -0.0495 0.9414 0.3336
vn -0.0216 -0.9892 0.1453
vn -0.1451 -0.1466 0.9785
vn -0.0628 0.9038 0.4233
vn -0.0072 -0.9988 0.0486
vn -0.1423 -0.2427 0.9596
vn -0.0755 0.8575 0.5090
vn -0.1382 -0.3365 0.9315
vn -0.0875 0.8029 0.5897
vn -0.1327 -0.4271 0.8944
vn -0.0986 0.7405 0.6647
vn -0.1259 -0.5136 0.8487
vn -0.1088 0.6711 0.7333
vn -0.1179 -0.5952 0.7949
vn -0.1179 0.5952 0.7949
vn -0.1088 -0.6711 0.7333
vn -0.1259 0.5136 0.8487
vn -0.0986 -0.7405 0.6647
vn -0.1327 0.4271 0.8944
vn -0.0875 -0.8029 0.5897
vn -0.1382 0.3365 0.9315
vn -0.0755 -0.8575 0.5090
vn -0.1423 0.2427 0.9596
vn -0.0072 0.9988 0.0486
vn -0.0628 -0.9038 0.4233
vn -0.1451 0.1466 0.9785
vn -0.0216 0.9892 0.1453
vn -0.0495 -0.9414 0.3336
vn -0.1466 0.0490 0.9880
vn -0.0357 0.9700 0.2406
vn -0.0357 -0.9700 0.2406
vn -0.1466 -0.0490 0.9880
vn -0.1250 0.8575 0.4991
vn -0.2288 -0.3365 0.9135
vn -0.1449 0.8029 0.5783
vn -0.2197 -0.4271 0.8771
vn -0.1633 0.7405 0.6519
vn -0.2085 -0.5136 0.8323
vn -0.1801 0.6711 0.7191
vn -0.1952 -0.5952 0.7795
vn -0.1952 0.5952 0.7795
vn -0.1801 -0.6711 0.7191
vn -0.2085 0.5136 0.8323
vn -0.1633 -0.7405 0.6519
vn -0.2197 0.4271 0.8771
vn -0.1449 -0.8029 0.5783
vn -0.2288 0.3365 0.9135
vn -0.1250 -0.8575 0.4991
vn -0.2357 0.2427 0.9410
vn -0.0119 0.9988 0.0477
vn -0.1040 -0.9038 0.4152
vn -0.2404 0.1466 0.9596
vn -0.0357 0.9892 0.1425
vn -0.0819 -0.9414 0.3271
vn -0.2427 0.0490 0.9689
vn -0.0591 0.9700 0.2360
vn -0.0591 -0.9700 0.2360
vn -0.2427 -0.0490 0.9689
vn -0.0819 0.9414 0.3271
vn -0.0357 -0.9892 0.1425
vn -0.2404 -0.1466 0.9596
vn -0.1040 0.9038 0.4152
vn -0.0119 -0.9988 0.0477
vn -0.2357 -0.2427 0.9410
vn -0.2264 0.7405 0.6327
vn -0.2891 -0.5136 0.8078
vn -0.2498 0.6711 0.6980
vn -0.2707 -0.5952 0.7566
vn -0.2707 0.5952 0.7566
vn -0.2498 -0.6711 0.6980
vn -0.2891 0.5136 0.8078
vn -0.2264 -0.7405 0.6327
vn -0.3046 0.4271 0.8513
vn -0.2008 -0.8029 0.5613
vn -0.3172 0.3365 0.8866
vn -0.1733 -0.8575 0.4845
vn -0.3268 0.2427 0.9134
vn -0.0165 0.9988 0.0463
vn -0.1442 -0.9038 0.4030
vn -0.3333 0.1466 0.9314
vn -0.0495 0.9892 0.1383
vn -0.1136 -0.9414 0.3175
vn -0.3365 0.0490 0.9404
vn -0.0819 0.9700 0.2290
vn -0.0820 -0.9700 0.2290
vn -0.3365 -0.0490 0.9404
vn -0.1136 0.9414 0.3175
vn -0.0495 -0.9892 0.1383
vn -0.3333 -0.1466 0.9314
vn -0.1442 0.9038 0.4030
vn -0.0165 -0.9988 0.0463
vn -0.3268 -0.2427 0.9134
vn -0.1733 0.8575 0.4845
vn -0.3172 -0.3365 0.8866
vn -0.2008 0.8029 0.5613
vn -0.3046 -0.4271 0.8513
vn -0.3436 0.5952 0.7264
vn -0.3170 -0.6711 0.6702
vn -0.3668 0.5136 0.7756
vn -0.2873 -0.7405 0.6075
vn -0.3866 0.4271 0.8174
vn -0.2549 -0.8029 0.5389
vn -0.4026 0.3365 0.8513
vn -0.2200 -0.8575 0.4652
vn -0.4148 0.2427 0.8770
vn -0.0210 0.9988 0.0444
vn -0.1830 -0.9038 0.3869
vn -0.4229 0.1466 0.8942
vn -0.0628 0.9892 0.1328
vn -0.1442 -0.9414 0.3049
vn -0.4270 0.0490 0.9029
vn -0.1040 0.9700 0.2199
vn -0.1040 -0.9700 0.2199
vn -0.4270 -0.0490 0.9029
vn -0.1442 0.9414 0.3049
vn -0.0628 -0.9892 0.1328
vn -0.4229 -0.1466 0.8942
vn -0.1830 0.9038 0.3869
vn -0.0210 -0.9988 0.0444
vn -0.4148 -0.2427 0.8770
vn -0.2200 0.8575 0.4652
vn -0.4026 -0.3365 0.8513
vn -0.2549 0.8029 0.5389
vn -0.3866 -0.4271 0.8174
vn -0.2873 0.7405 0.6075
vn -0.3668 -0.5136 0.7756
vn -0.3170 0.6711 0.6702
vn -0.3436 -0.5952 0.7264
vn -0.4648 0.4271 0.7755
vn -0.3065 -0.8029 0.5113
vn -0.4841 0.3365 0.8077
vn -0.2645 -0.8575 0.4413
vn -0.4987 0.2427 0.8321
vn -0.0253 0.9988 0.0421
vn -0.2200 -0.9038 0.3671
vn -0.5086 0.1466 0.8485
vn -0.0755 0.9892 0.1260
vn -0.1734 -0.9414 0.2893
vn -0.5135 0.0490 0.8567
vn -0.1251 0.9700 0.2086
vn -0.1251 -0.9700 0.2086
vn -0.5135 -0.0490 0.8567
vn -0.1734 0.9414 0.2893
vn -0.0755 -0.9892 0.1260
vn -0.5086 -0.1466 0.8485
vn -0.2200 0.9038 0.3671
vn -0.0253 -0.9988 0.0421
vn -0.4987 -0.2427 0.8321
vn -0.2645 0.8575 0.4413
vn -0.4841 -0.3365 0.8077
vn -0.3065 0.8029 0.5113
vn -0.4648 -0.4271 0.7755
vn -0.3455 0.7405 0.5764
vn -0.4411 -0.5136 0.7359
vn -0.3811 0.6711 0.6359
vn -0.4131 -0.5952 0.6892
vn -0.4131 0.5952 0.6892
vn -0.3811 -0.6711 0.6359
vn -0.4411 0.5136 0.7359
vn -0.3455 -0.7405 0.5764
vn -0.5779 0.2427 0.7792
vn -0.0293 0.9988 0.0395
vn -0.2549 -0.9038 0.3438
vn -0.5893 0.1466 0.7945
vn -0.0875 0.9892 0.1180
vn -0.2009 -0.9414 0.2709
vn -0.5950 0.0490 0.8022
vn -0.1449 0.9700 0.1954
vn -0.1449 -0.9700 0.1954
vn -0.5950 -0.0490 0.8022
vn -0.2009 0.9414 0.2709
vn -0.0875 -0.9891 0.1180
vn -0.5893 -0.1466 0.7945
vn -0.2549 0.9038 0.3438
vn -0.0293 -0.9988 0.0395
vn -0.5779 -0.2427 0.7792
vn -0.3065 0.8575 0.4133
vn -0.5610 -0.3365 0.7564
vn -0.3551 0.8029 0.4788
vn -0.5386 -0.4271 0.7263
vn -0.4003 0.7405 0.5398
vn -0.5111 -0.5136 0.6892
vn -0.4416 0.6711 0.5955
vn -0.4787 -0.5952 0.6454
vn -0.4787 0.5952 0.6454
vn -0.4416 -0.6711 0.5955
vn -0.5111 0.5136 0.6892
vn -0.4003 -0.7405 0.5398
vn -0.5386 0.4271 0.7263
vn -0.3551 -0.8029 0.4788
vn -0.5610 0.3365 0.7564
vn -0.3065 -0.8575 0.4133
vn -0.6708 0.0490 0.7401
vn -0.1634 0.9700 0.1802
vn -0.1634 -0.9700 0.1802
vn -0.6708 -0.0490 0.7401
vn -0.2265 0.9414 0.2499
vn -0.0987 -0.9892 0.1088
vn -0.6643 -0.1466 0.7330
vn -0.2874 0.9038 0.3171
vn -0.0330 -0.9988 0.0364
vn -0.6515 -0.2427 0.7188
vn -0.3456 0.8575 0.3813
vn -0.6324 -0.3365 0.6977
vn -0.4004 0.8029 0.4417
vn -0.6072 -0.4271 0.6700
vn -0.4513 0.7405 0.4979
vn -0.5762 -0.5136 0.6357
vn -0.4979 0.6711 0.5493
vn -0.5396 -0.5952 0.5954
vn -0.5396 0.5952 0.5954
vn -0.4979 -0.6711 0.5493
vn -0.5762 0.5136 0.6357
vn -0.4513 -0.7405 0.4979
vn -0.6072 0.4271 0.6700
vn -0.4004 -0.8029 0.4417
vn -0.6324 0.3365 0.6977
vn -0.3456 -0.8575 0.3813
vn -0.6515 0.2427 0.7188
vn -0.0330 0.9988 0.0364
vn -0.2874 -0.9038 0.3171
vn -0.6643 0.1466 0.7330
vn -0.0987 0.9892 0.1088
vn -0.2265 -0.9414 0.2499
vn -0.7329 -0.1466 0.6643
vn -0.3171 0.9038 0.2874
vn -0.0364 -0.9988 0.0330
vn -0.7188 -0.2427 0.6515
vn -0.3813 0.8575 0.3456
vn -0.6977 -0.3365 0.6324
vn -0.4417 0.8029 0.4004
vn -0.6700 -0.4271 0.6072
vn -0.4979 0.7405 0.4513
vn -0.6357 -0.5136 0.5762
vn -0.5493 0.6711 0.4979
vn -0.5954 -0.5952 0.5396
vn -0.5954 0.5952 0.5396
vn -0.5493 -0.6711 0.4979
vn -0.6357 0.5136 0.5762
vn -0.4979 -0.7405 0.4513
vn -0.6700 0.4271 0.6072
vn -0.4417 -0.8029 0.4004
vn -0.6977 0.3365 0.6324
vn -0.3813 -0.8575 0.3456
vn -0.7188 0.2427 0.6515
vn -0.0364 0.9988 0.0330
vn -0.3171 -0.9038 0.2874
vn -0.7330 0.1466 0.6643
vn -0.1089 0.9892 0.0987
vn -0.2499 -0.9414 0.2265
vn -0.7401 0.0490 0.6708
vn -0.1802 0.9700 0.1634
vn -0.1802 -0.9700 0.1634
vn -0.7401 -0.0490 0.6708
vn -0.2499 0.9414 0.2265
vn -0.1089 -0.9892 0.0987
vn -0.7564 -0.3365 0.5610
vn -0.4788 0.8029 0.3551
vn -0.7263 -0.4271 0.5386
vn -0.5398 0.7405 0.4003
vn -0.6892 -0.5136 0.5111
vn -0.5955 0.6711 0.4416
vn -0.6454 -0.5952 0.4787
vn -0.6454 0.5952 0.4787
vn -0.5955 -0.6711 0.4416
vn -0.6892 0.5136 0.5111
vn -0.5398 -0.7405 0.4003
vn -0.7263 0.4271 0.5386
vn -0.4788 -0.8029 0.3551
vn -0.7564 0.3365 0.5610
vn -0.4133 -0.8575 0.3065
vn -0.7792 0.2427 0.5779
vn -0.0395 0.9988 0.0293
vn -0.3438 -0.9038 0.2549
vn -0.7945 0.1466 0.5893
vn -0.1180 0.9892 0.0875
vn -0.2709 -0.9414 0.2009
vn -0.8022 0.0490 0.5950
vn -0.1954 0.9700 0.1449
vn -0.1954 -0.9700 0.1449
vn -0.8022 -0.0490 0.5950
vn -0.2709 0.9414 0.2009
vn -0.1180 -0.9892 0.0875
vn -0.7945 -0.1466 0.5893
vn -0.3438 0.9038 0.2549
vn -0.0395 -0.9988 0.0293
vn -0.7792 -0.2427 0.5779
vn -0.4133 0.8575 0.3065
vn -0.7359 -0.5136 0.4411
vn -0.6359 0.6711 0.3811
vn -0.6892 -0.5952 0.4131
vn -0.6892 0.5952 0.4131
vn -0.6359 -0.6711 0.3811
vn -0.7359 0.5136 0.4411
vn -0.5764 -0.7405 0.3455
vn -0.7755 0.4271 0.4648
vn -0.5113 -0.8029 0.3065
vn -0.8077 0.3365 0.4841
vn -0.4413 -0.8575 0.2645
vn -0.8321 0.2427 0.4987
vn -0.0421 0.9988 0.0253
vn -0.3671 -0.9038 0.2200
vn -0.8485 0.1466 0.5086
vn -0.1260 0.9892 0.0755
vn -0.2893 -0.9414 0.1734
vn -0.8567 0.0490 0.5135
vn -0.2086 0.9700 0.1251
vn -0.2086 -0.9700 0.1251
vn -0.8567 -0.0490 0.5135
vn -0.2893 0.9414 0.1734
vn -0.1260 -0.9892 0.0755
vn -0.8485 -0.1466 0.5086
vn -0.3671 0.9038 0.2200
vn -0.0421 -0.9988 0.0253
vn -0.8321 -0.2427 0.4987
vn -0.4413 0.8575 0.2645
vn -0.8077 -0.3365 0.4841
vn -0.5113 0.8029 0.3065
vn -0.7755 -0.4271 0.4648
vn -0.5764 0.7405 0.3455
vn -0.6702 -0.6711 0.3170
vn -0.7756 0.5136 0.3668
vn -0.6075 -0.7405 0.2873
vn -0.8174 0.4271 0.3866
vn -0.5389 -0.8029 0.2549
vn -0.8513 0.3365 0.4026
vn -0.4652 -0.8575 0.2200
vn -0.8770 0.2427 0.4148
vn -0.0444 0.9988 0.0210
vn -0.3869 -0.9038 0.1830
vn -0.8942 0.1466 0.4229
vn -0.1328 0.9892 0.0628
vn -0.3049 -0.9414 0.1442
vn -0.9029 0.0490 0.4270
vn -0.2199 0.9700 0.1040
vn -0.2199 -0.9700 0.1040
vn -0.9029 -0.0490 0.4270
vn -0.3049 0.9414 0.1442
vn -0.1328 -0.9892 0.0628
vn -0.8942 -0.1466 0.4229
vn -0.3869 0.9038 0.1830
vn -0.0444 -0.9988 0.0210
vn -0.8770 -0.2427 0.4148
vn -0.4652 0.8575 0.2200
vn -0.8513 -0.3365 0.4026
vn -0.5389 0.8029 0.2549
vn -0.8174 -0.4271 0.3866
vn -0.6075 0.7405 0.2873
vn -0.7756 -0.5136 0.3668
vn -0.6702 0.6711 0.3170
vn -0.7264 -0.5952 0.3436
vn -0.7264 0.5952 0.3436
vn -0.5613 -0.8029 0.2008
vn -0.8866 0.3365 0.3172
vn -0.4845 -0.8575 0.1733
vn -0.9134 0.2427 0.3268
vn -0.0462 0.9988 0.0166
vn -0.4030 -0.9038 0.1442
vn -0.9314 0.1466 0.3333
vn -0.1383 0.9892 0.0495
vn -0.3175 -0.9414 0.1136
vn -0.9404 0.0490 0.3365
vn -0.2290 0.9700 0.0820
vn -0.2290 -0.9700 0.0820
vn -0.9404 -0.0490 0.3365
vn -0.3175 0.9414 0.1136
vn -0.1383 -0.9892 0.0495
vn -0.9314 -0.1466 0.3333
vn -0.4030 0.9038 0.1442
vn -0.0462 -0.9988 0.0166
vn -0.9134 -0.2427 0.3268
vn -0.4845 0.8575 0.1733
vn -0.8866 -0.3365 0.3172
vn -0.5613 0.8029 0.2008
vn -0.8513 -0.4271 0.3046
vn -0.6327 0.7405 0.2264
vn -0.8078 -0.5136 0.2891
vn -0.6980 0.6711 0.2498
vn -0.7566 -0.5952 0.2707
vn -0.7566 0.5952 0.2707
vn -0.6980 -0.6711 0.2498
vn -0.8078 0.5136 0.2891
vn -0.6327 -0.7405 0.2264
vn -0.8513 0.4271 0.3046
vn -0.4152 -0.9038 0.1040
vn -0.9596 0.1466 0.2404
vn -0.1425 0.9892 0.0357
vn -0.3271 -0.9414 0.0819
vn -0.9689 0.0490 0.2427
vn -0.2360 0.9700 0.0591
vn -0.2360 -0.9700 0.0591
vn -0.9689 -0.0490 0.2427
vn -0.3271 0.9414 0.0819
vn -0.1425 -0.9892 0.0357
vn -0.9596 -0.1466 0.2404
vn -0.4151 0.9038 0.1040
vn -0.0477 -0.9988 0.0119
vn -0.9410 -0.2427 0.2357
vn -0.4991 0.8575 0.1250
vn -0.9135 -0.3365 0.2288
vn -0.5783 0.8029 0.1449
vn -0.8771 -0.4271 0.2197
vn -0.6519 0.7405 0.1633
vn -0.8323 -0.5136 0.2085
vn -0.7191 0.6711 0.1801
vn -0.7795 -0.5952 0.1952
vn -0.7795 0.5952 0.1952
vn -0.7191 -0.6711 0.1801
vn -0.8323 0.5136 0.2085
vn -0.6519 -0.7405 0.1633
vn -0.8771 0.4271 0.2197
vn -0.5783 -0.8029 0.1449
vn -0.9135 0.3365 0.2288
vn -0.4991 -0.8575 0.1250
vn -0.9410 0.2427 0.2357
vn -0.0477 0.9988 0.0119
vn -0.2406 -0.9700 0.0357
vn -0.9880 -0.0490 0.1466
vn -0.3336 0.9414 0.0495
vn -0.1453 -0.9892 0.0216
vn -0.9785 -0.1466 0.1451
vn -0.4233 0.9038 0.0628
vn -0.0486 -0.9988 0.0072
vn -0.9596 -0.2427 0.1423
vn -0.5090 0.8575 0.0755
vn -0.9315 -0.3365 0.1382
vn -0.5897 0.8029 0.0875
vn -0.8944 -0.4271 0.1327
vn -0.6647 0.7405 0.0986
vn -0.8487 -0.5136 0.1259
vn -0.7333 0.6711 0.1088
vn -0.7949 -0.5952 0.1179
vn -0.7949 0.5952 0.1179
vn -0.7333 -0.6711 0.1088
vn -0.8487 0.5136 0.1259
vn -0.6647 -0.7405 0.0986
vn -0.8944 0.4271 0.1327
vn -0.5897 -0.8029 0.0875
vn -0.9315 0.3365 0.1382
vn -0.5090 -0.8575 0.0755
vn -0.9596 0.2427 0.1423
vn -0.0486 0.9988 0.0072
vn -0.4233 -0.9038 0.0628
vn -0.9785 0.1466 0.1451
vn -0.1453 0.9892 0.0216
vn -0.3336 -0.9414 0.0495
vn -0.9880 0.0490 0.1466
vn -0.2406 0.9700 0.0357
vn -0.0491 -0.9988 0.0024
vn -0.9689 -0.2427 0.0476
vn -0.5139 0.8575 0.0252
vn -0.9405 -0.3365 0.0462
vn -0.5954 0.8029 0.0293
vn -0.9031 -0.4271 0.0444
vn -0.6712 0.7405 0.0330
vn -0.8570 -0.5136 0.0421
vn -0.7405 0.6711 0.0364
vn -0.8026 -0.5952 0.0394
vn -0.8026 0.5952 0.0394
vn -0.7405 -0.6711 0.0364
vn -0.8570 0.5136 0.0421
vn -0.6712 -0.7405 0.0330
vn -0.9031 0.4271 0.0444
vn -0.5954 -0.8029 0.0293
vn -0.9405 0.3365 0.0462
vn -0.5139 -0.8575 0.0252
vn -0.9689 0.2427 0.0476
vn -0.0491 0.9988 0.0024
vn -0.4275 -0.9038 0.0210
vn -0.9880 0.1466 0.0485
vn -0.1467 0.9892 0.0072
vn -0.3368 -0.9414 0.0165
vn -0.9976 0.0490 0.0490
vn -0.2430 0.9700 0.0119
vn -0.2430 -0.9700 0.0119
vn -0.9976 -0.0490 0.0490
vn -0.3368 0.9414 0.0165
vn -0.1467 -0.9892 0.0072
vn -0.9880 -0.1466 0.0485
vn -0.4275 0.9038 0.0210
vn -0.9031 -0.4271 -0.0444
vn -0.6712 0.7405 -0.0330
vn -0.8570 -0.5136 -0.0421
vn -0.7405 0.6711 -0.0364
vn -0.8026 -0.5952 -0.0394
vn -0.8026 0.5952 -0.0394
vn -0.7405 -0.6711 -0.0364
vn -0.8570 0.5136 -0.0421
vn -0.6712 -0.7405 -0.0330
vn -0.9031 0.4271 -0.0444
vn -0.5954 -0.8029 -0.0293
vn -0.9405 0.3365 -0.0462
vn -0.5139 -0.8575 -0.0252
vn -0.9689 0.2427 -0.0476
vn -0.0491 0.9988 -0.0024
vn -0.4275 -0.9038 -0.0210
vn -0.9880 0.1466 -0.0485
vn -0.1467 0.9892 -0.0072
vn -0.3368 -0.9414 -0.0165
vn -0.9976 0.0490 -0.0490
vn -0.2430 0.9700 -0.0119
vn -0.2430 -0.9700 -0.0119
vn -0.9976 -0.0490 -0.0490
vn -0.3368 0.9414 -0.0165
vn -0.1467 -0.9892 -0.0072
vn -0.9880 -0.1466 -0.0485
vn -0.4275 0.9038 -0.0210
vn -0.0491 -0.9988 -0.0024
vn -0.9689 -0.2427 -0.0476
vn -0.5139 0.8575 -0.0252
vn -0.9405 -0.3365 -0.0462
vn -0.5954 0.8029 -0.0293
vn -0.7949 -0.5952 -0.1179
vn -0.7949 0.5952 -0.1179
vn -0.7333 -0.6711 -0.1088
vn -0.8487 0.5136 -0.1259
vn -0.6647 -0.7405 -0.0986
vn -0.8944 0.4271 -0.1327
vn -0.5897 -0.8029 -0.0875
vn -0.9315 0.3365 -0.1382
vn -0.5090 -0.8575 -0.0755
vn -0.9596 0.2427 -0.1423
vn -0.0486 0.9988 -0.0072
vn -0.4233 -0.9038 -0.0628
vn -0.9785 0.1466 -0.1451
vn -0.1453 0.9892 -0.0216
vn -0.3336 -0.9414 -0.0495
vn -0.9880 0.0490 -0.1466
vn -0.2406 0.9700 -0.0357
vn -0.2406 -0.9700 -0.0357
vn -0.9880 -0.0490 -0.1466
vn -0.3336 0.9414 -0.0495
vn -0.1453 -0.9892 -0.0216
vn -0.9785 -0.1466 -0.1451
vn -0.4233 0.9038 -0.0628
vn -0.0486 -0.9988 -0.0072
vn -0.9596 -0.2427 -0.1423
vn -0.5090 0.8575 -0.0755
vn -0.9315 -0.3365 -0.1382
vn -0.5897 0.8029 -0.0875
vn -0.8944 -0.4271 -0.1327
vn -0.6647 0.7405 -0.0986
vn -0.8487 -0.5136 -0.1259
vn -0.7333 0.6711 -0.1088
vn -0.6519 -0.7405 -0.1633
vn -0.8771 0.4271 -0.2197
vn -0.5783 -0.8029 -0.1449
vn -0.9135 0.3365 -0.2288
vn -0.4991 -0.8575 -0.1250
vn -0.9410 0.2427 -0.2357
vn -0.0477 0.9988 -0.0119
vn -0.4151 -0.9038 -0.1040
vn -0.9596 0.1466 -0.2404
vn -0.1425 0.9892 -0.0357
vn -0.3271 -0.9414 -0.0819
vn -0.9689 0.0490 -0.2427
vn -0.2360 0.9700 -0.0591
vn -0.2360 -0.9700 -0.0591
vn -0.9689 -0.0490 -0.2427
vn -0.3271 0.9414 -0.0819
vn -0.1425 -0.9892 -0.0357
vn -0.9596 -0.1466 -0.2404
vn -0.4151 0.9038 -0.1040
vn -0.0477 -0.9988 -0.0119
vn -0.9410 -0.2427 -0.2357
vn -0.4991 0.8575 -0.1250
vn -0.9135 -0.3365 -0.2288
vn -0.5783 0.8029 -0.1449
vn -0.8771 -0.4271 -0.2197
vn -0.6519 0.7405 -0.1633
vn -0.8323 -0.5136 -0.2085
vn -0.7191 0.6711 -0.1801
vn -0.7795 -0.5952 -0.1952
vn -0.7795 0.5952 -0.1952
vn -0.7191 -0.6711 -0.1801
vn -0.8323 0.5136 -0.2085
vn -0.7566 -0.5952 -0.2707
vn -0.7566 0.5952 -0.2707
vn -0.6980 -0.6711 -0.2498
vn -0.8078 0.5136 -0.2891
vn -0.6327 -0.7405 -0.2264
vn -0.8513 0.4271 -0.3046
vn -0.5613 -0.8029 -0.2008
vn -0.8866 0.3365 -0.3172
vn -0.4845 -0.8575 -0.1733
vn -0.9134 0.2427 -0.3268
vn -0.0463 0.9988 -0.0166
vn -0.4030 -0.9038 -0.1442
vn -0.9314 0.1466 -0.3333
vn -0.1383 0.9892 -0.0495
vn -0.3175 -0.9414 -0.1136
vn -0.9404 0.0490 -0.3365
vn -0.2290 0.9700 -0.0820
vn -0.2290 -0.9700 -0.0820
vn -0.9404 -0.0490 -0.3365
vn -0.3175 0.9414 -0.1136
vn -0.1383 -0.9892 -0.0495
vn -0.9314 -0.1466 -0.3333
vn -0.4030 0.9038 -0.1442
vn -0.0462 -0.9988 -0.0166
vn -0.9134 -0.2427 -0.3268
vn -0.4845 0.8575 -0.1733
vn -0.8866 -0.3365 -0.3172
vn -0.5613 0.8029 -0.2008
vn -0.8513 -0.4271 -0.3046
vn -0.6327 0.7405 -0.2264
vn -0.8078 -0.5136 -0.2891
vn -0.6980 0.6711 -0.2498
vn -0.6075 -0.7405 -0.2873
vn -0.8174 0.4271 -0.3866
vn -0.5389 -0.8029 -0.2549
vn -0.8513 0.3365 -0.4026
vn -0.4652 -0.8575 -0.2200
vn -0.8770 0.2427 -0.4148
vn -0.0444 0.9988 -0.0210
vn -0.3869 -0.9038 -0.1830
vn -0.8942 0.1466 -0.4229
vn -0.1328 0.9892 -0.0628
vn -0.3049 -0.9414 -0.1442
vn -0.9029 0.0490 -0.4270
vn -0.2199 0.9700 -0.1040
vn -0.2199 -0.9700 -0.1040
vn -0.9029 -0.0490 -0.4270
vn -0.3049 0.9414 -0.1442
vn -0.1328 -0.9892 -0.0628
vn -0.8942 -0.1466 -0.4229
vn -0.3869 0.9038 -0.1830
vn -0.0444 -0.9988 -0.0210
vn -0.8770 -0.2427 -0.4148
vn -0.4652 0.8575 -0.2200
vn -0.8513 -0.3365 -0.4026
vn -0.5389 0.8029 -0.2549
vn -0.8174 -0.4271 -0.3866
vn -0.6075 0.7405 -0.2873
vn -0.7756 -0.5136 -0.3668
vn -0.6702 0.6711 -0.3170
vn -0.7264 -0.5952 -0.3436
vn -0.7264 0.5952 -0.3436
vn -0.6702 -0.6711 -0.3170
vn -0.7756 0.5136 -0.3668
vn -0.4413 -0.8575 -0.2645
vn -0.8321 0.2427 -0.4987
vn -0.0421 0.9988 -0.0253
vn -0.3671 -0.9038 -0.2200
vn -0.8485 0.1466 -0.5086
vn -0.1260 0.9892 -0.0755
vn -0.2893 -0.9414 -0.1734
vn -0.8567 0.0490 -0.5135
vn -0.2086 0.9700 -0.1251
vn -0.2086 -0.9700 -0.1251
vn -0.8567 -0.0490 -0.5135
vn -0.2893 0.9414 -0.1734
vn -0.1260 -0.9892 -0.0755
vn -0.8485 -0.1466 -0.5086
vn -0.3671 0.9038 -0.2200
vn -0.0421 -0.9988 -0.0253
vn -0.8321 -0.2427 -0.4987
vn -0.4413 0.8575 -0.2645
vn -0.8077 -0.3365 -0.4841
vn -0.5113 0.8029 -0.3065
vn -0.7755 -0.4271 -0.4648
vn -0.5764 0.7405 -0.3455
vn -0.7359 -0.5136 -0.4411
vn -0.6359 0.6711 -0.3811
vn -0.6892 -0.5952 -0.4131
vn -0.6892 0.5952 -0.4131
vn -0.6359 -0.6711 -0.3811
vn -0.7359 0.5136 -0.4411
vn -0.5764 -0.7405 -0.3455
vn -0.7755 0.4271 -0.4648
vn -0.5113 -0.8029 -0.3065
vn -0.8077 0.3365 -0.4841
vn -0.1180 0.9892 -0.0875
vn -0.2709 -0.9414 -0.2009
vn -0.8022 0.0490 -0.5950
vn -0.1954 0.9700 -0.1449
vn -0.1954 -0.9700 -0.1449
vn -0.8022 -0.0490 -0.5950
vn -0.2709 0.9414 -0.2009
vn -0.1180 -0.9892 -0.0875
vn -0.7945 -0.1466 -0.5893
vn -0.3438 0.9038 -0.2549
vn -0.0395 -0.9988 -0.0293
vn -0.7792 -0.2427 -0.5779
vn -0.4133 0.8575 -0.3065
vn -0.7564 -0.3365 -0.5610
vn -0.4788 0.8029 -0.3551
vn -0.7263 -0.4271 -0.5386
vn -0.5398 0.7405 -0.4003
vn -0.6892 -0.5136 -0.5111
vn -0.5955 0.6711 -0.4416
vn -0.6454 -0.5952 -0.4787
vn -0.6454 0.5952 -0.4787
vn -0.5955 -0.6711 -0.4416
vn -0.6892 0.5136 -0.5111
vn -0.5398 -0.7405 -0.4003
vn -0.7263 0.4271 -0.5386
vn -0.4788 -0.8029 -0.3551
vn -0.7564 0.3365 -0.5610
vn -0.4133 -0.8575 -0.3065
vn -0.7792 0.2427 -0.5779
vn -0.0395 0.9988 -0.0293
vn -0.3438 -0.9038 -0.2549
vn -0.7945 0.1466 -0.5893
vn -0.2499 0.9414 -0.2265
vn -0.1089 -0.9891 -0.0987
vn -0.7330 -0.1466 -0.6643
vn -0.3171 0.9038 -0.2874
vn -0.0364 -0.9988 -0.0330
vn -0.7188 -0.2427 -0.6515
vn -0.3813 0.8575 -0.3456
vn -0.6977 -0.3365 -0.6324
vn -0.4417 0.8029 -0.4004
vn -0.6700 -0.4271 -0.6072
vn -0.4979 0.7405 -0.4513
vn -0.6357 -0.5136 -0.5762
vn -0.5493 0.6711 -0.4979
vn -0.5954 -0.5952 -0.5396
vn -0.5954 0.5952 -0.5396
vn -0.5493 -0.6711 -0.4979
vn -0.6357 0.5136 -0.5762
vn -0.4979 -0.7405 -0.4513
vn -0.6700 0.4271 -0.6072
vn -0.4417 -0.8029 -0.4004
vn -0.6977 0.3365 -0.6324
vn -0.3813 -0.8575 -0.3456
vn -0.7188 0.2427 -0.6515
vn -0.0364 0.9988 -0.0330
vn -0.3171 -0.9038 -0.2874
vn -0.7330 0.1466 -0.6643
vn -0.1088 0.9892 -0.0987
vn -0.2499 -0.9414 -0.2265
vn -0.7401 0.0490 -0.6708
vn -0.1802 0.9700 -0.1634
vn -0.1802 -0.9700 -0.1634
vn -0.7401 -0.0490 -0.6708
vn -0.3456 0.8575 -0.3813
vn -0.6324 -0.3365 -0.6977
vn -0.4004 0.8029 -0.4417
vn -0.6072 -0.4271 -0.6700
vn -0.4513 0.7405 -0.4979
vn -0.5762 -0.5136 -0.6357
vn -0.4979 0.6711 -0.5493
vn -0.5396 -0.5952 -0.5954
vn -0.5396 0.5952 -0.5954
vn -0.4979 -0.6711 -0.5493
vn -0.5762 0.5136 -0.6357
vn -0.4513 -0.7405 -0.4979
vn -0.6072 0.4271 -0.6700
vn -0.4004 -0.8029 -0.4417
vn -0.6324 0.3365 -0.6977
vn -0.3456 -0.8575 -0.3813
vn -0.6515 0.2427 -0.7188
vn -0.0330 0.9988 -0.0364
vn -0.2874 -0.9038 -0.3171
vn -0.6643 0.1466 -0.7330
vn -0.0987 0.9892 -0.1088
vn -0.2265 -0.9414 -0.2499
vn -0.6708 0.0490 -0.7401
vn -0.1634 0.9700 -0.1802
vn -0.1634 -0.9700 -0.1802
vn -0.6708 -0.0490 -0.7401
vn -0.2265 0.9414 -0.2499
vn -0.0987 -0.9892 -0.1088
vn -0.6643 -0.1466 -0.7330
vn -0.2874 0.9038 -0.3171
vn -0.0330 -0.9988 -0.0364
vn -0.6515 -0.2427 -0.7188
vn -0.4003 0.7405 -0.5398
vn -0.5111 -0.5136 -0.6892
vn -0.4416 0.6711 -0.5955
vn -0.4787 -0.5952 -0.6454
vn -0.4787 0.5952 -0.6454
vn -0.4416 -0.6711 -0.5955
vn -0.5111 0.5136 -0.6892
vn -0.4003 -0.7405 -0.5398
vn -0.5386 0.4271 -0.7263
vn -0.3551 -0.8029 -0.4788
vn -0.5610 0.3365 -0.7564
vn -0.3065 -0.8575 -0.4133
vn -0.5779 0.2427 -0.7792
vn -0.0293 0.9988 -0.0395
vn -0.2549 -0.9038 -0.3438
vn -0.5893 0.1466 -0.7945
vn -0.0875 0.9892 -0.1180
vn -0.2009 -0.9414 -0.2709
vn -0.5950 0.0490 -0.8022
vn -0.1449 0.9700 -0.1954
vn -0.1449 -0.9700 -0.1954
vn -0.5950 -0.0490 -0.8022
vn -0.2009 0.9414 -0.2709
vn -0.0875 -0.9891 -0.1180
vn -0.5893 -0.1466 -0.7945
vn -0.2549 0.9038 -0.3438
vn -0.0293 -0.9988 -0.0395
vn -0.5779 -0.2427 -0.7792
vn -0.3065 0.8575 -0.4133
vn -0.5610 -0.3365 -0.7564
vn -0.3551 0.8029 -0.4788
vn -0.5386 -0.4271 -0.7263
vn -0.4131 0.5952 -0.6892
vn -0.3811 -0.6711 -0.6359
vn -0.4411 0.5136 -0.7359
vn -0.3455 -0.7405 -0.5764
vn -0.4648 0.4271 -0.7755
vn -0.3065 -0.8029 -0.5113
vn -0.4841 0.3365 -0.8077
vn -0.2645 -0.8575 -0.4413
vn -0.4987 0.2427 -0.8321
vn -0.0253 0.9988 -0.0421
vn -0.2200 -0.9038 -0.3671
vn -0.5086 0.1466 -0.8485
vn -0.0755 0.9892 -0.1260
vn -0.1734 -0.9414 -0.2893
vn -0.5135 0.0490 -0.8567
vn -0.1251 0.9700 -0.2086
vn -0.1251 -0.9700 -0.2086
vn -0.5135 -0.0490 -0.8567
vn -0.1734 0.9414 -0.2893
vn -0.0755 -0.9892 -0.1260
vn -0.5086 -0.1466 -0.8485
vn -0.2200 0.9038 -0.3671
vn -0.0253 -0.9988 -0.0421
vn -0.4987 -0.2427 -0.8321
vn -0.2645 0.8575 -0.4413
vn -0.4841 -0.3365 -0.8077
vn -0.3065 0.8029 -0.5113
vn -0.4648 -0.4271 -0.7755
vn -0.3455 0.7405 -0.5764
vn -0.4411 -0.5136 -0.7359
vn -0.3811 0.6711 -0.6359
vn -0.4131 -0.5952 -0.6892
vn -0.3866 0.4271 -0.8174
vn -0.2549 -0.8029 -0.5389
vn -0.4026 0.3365 -0.8513
vn -0.2200 -0.8575 -0.4652
vn -0.4148 0.2427 -0.8770
vn -0.0210 0.9988 -0.0444
vn -0.1830 -0.9038 -0.3869
vn -0.4229 0.1466 -0.8942
vn -0.0628 0.9892 -0.1328
vn -0.1442 -0.9414 -0.3049
vn -0.4270 0.0490 -0.9029
vn -0.1040 0.9700 -0.2199
vn -0.1040 -0.9700 -0.2199
vn -0.4270 -0.0490 -0.9029
vn -0.1442 0.9414 -0.3049
vn -0.0628 -0.9892 -0.1328
vn -0.4229 -0.1466 -0.8942
vn -0.1830 0.9038 -0.3869
vn -0.0210 -0.9988 -0.0444
vn -0.4148 -0.2427 -0.8770
vn -0.2200 0.8575 -0.4652
vn -0.4026 -0.3365 -0.8513
vn -0.2549 0.8029 -0.5389
vn -0.3866 -0.4271 -0.8174
vn -0.2873 0.7405 -0.6075
vn -0.3668 -0.5136 -0.7756
vn -0.3170 0.6711 -0.6702
vn -0.3436 -0.5952 -0.7264
vn -0.3436 0.5952 -0.7264
vn -0.3170 -0.6711 -0.6702
vn -0.3668 0.5136 -0.7756
vn -0.2873 -0.7405 -0.6075
vn -0.3268 0.2427 -0.9134
vn -0.0165 0.9988 -0.0463
vn -0.1442 -0.9038 -0.4030
vn -0.3333 0.1466 -0.9314
vn -0.0495 0.9892 -0.1383
vn -0.1136 -0.9414 -0.3175
vn -0.3365 0.0490 -0.9404
vn -0.0819 0.9700 -0.2290
vn -0.0820 -0.9700 -0.2290
vn -0.3365 -0.0490 -0.9404
vn -0.1136 0.9414 -0.3175
vn -0.0495 -0.9892 -0.1383
vn -0.3333 -0.1466 -0.9314
vn -0.1442 0.9038 -0.4030
vn -0.0165 -0.9988 -0.0463
vn -0.3268 -0.2427 -0.9134
vn -0.1734 0.8575 -0.4845
vn -0.3172 -0.3365 -0.8866
vn -0.2008 0.8029 -0.5613
vn -0.3046 -0.4271 -0.8513
vn -0.2264 0.7405 -0.6327
vn -0.2891 -0.5136 -0.8078
vn -0.2498 0.6711 -0.6980
vn -0.2707 -0.5952 -0.7566
vn -0.2707 0.5952 -0.7566
vn -0.2498 -0.6711 -0.6980
vn -0.2891 0.5136 -0.8078
vn -0.2264 -0.7405 -0.6327
vn -0.3046 0.4271 -0.8513
vn -0.2008 -0.8029 -0.5613
vn -0.3172 0.3365 -0.8866
vn -0.1733 -0.8575 -0.4845
vn -0.2427 0.0490 -0.9689
vn -0.0591 0.9700 -0.2360
vn -0.0591 -0.9700 -0.2360
vn -0.2427 -0.0490 -0.9689
vn -0.0819 0.9414 -0.3271
vn -0.0357 -0.9892 -0.1425
vn -0.2404 -0.1466 -0.9596
vn -0.1040 0.9038 -0.4152
vn -0.0119 -0.9988 -0.0477
vn -0.2357 -0.2427 -0.9410
vn -0.1250 0.8575 -0.4991
vn -0.2288 -0.3365 -0.9135
vn -0.1449 0.8029 -0.5783
vn -0.2197 -0.4271 -0.8771
vn -0.1633 0.7405 -0.6519
vn -0.2085 -0.5136 -0.8323
vn -0.1801 0.6711 -0.7191
vn -0.1952 -0.5952 -0.7795
vn -0.1952 0.5952 -0.7795
vn -0.1801 -0.6711 -0.7191
vn -0.2085 0.5136 -0.8323
vn -0.1633 -0.7405 -0.6519
vn -0.2197 0.4271 -0.8771
vn -0.1449 -0.8029 -0.5783
vn -0.2288 0.3365 -0.9135
vn -0.1250 -0.8575 -0.4991
vn -0.2357 0.2427 -0.9410
vn -0.0119 0.9988 -0.0477
vn -0.1040 -0.9038 -0.4152
vn -0.2404 0.1466 -0.9596
vn -0.0357 0.9892 -0.1425
vn -0.0819 -0.9414 -0.3271
vn -0.1451 -0.1466 -0.9785
vn -0.0628 0.9038 -0.4233
vn -0.0072 -0.9988 -0.0486
vn -0.1423 -0.2427 -0.9596
vn -0.0755 0.8575 -0.5090
vn -0.1382 -0.3365 -0.9315
vn -0.0875 0.8029 -0.5897
vn -0.1327 -0.4271 -0.8944
vn -0.0986 0.7405 -0.6647
vn -0.1259 -0.5136 -0.8487
vn -0.1088 0.6711 -0.7333
vn -0.1179 -0.5952 -0.7949
vn -0.1179 0.5952 -0.7949
vn -0.1088 -0.6711 -0.7333
vn -0.1259 0.5136 -0.8487
vn -0.0986 -0.7405 -0.6647
vn -0.1327 0.4271 -0.8944
vn -0.0875 -0.8029 -0.5897
vn -0.1382 0.3365 -0.9315
vn -0.0755 -0.8575 -0.5090
vn -0.1423 0.2427 -0.9596
vn -0.0072 0.9988 -0.0486
vn -0.0628 -0.9038 -0.4233
vn -0.1451 0.1466 -0.9785
vn -0.0216 0.9892 -0.1453
vn -0.0495 -0.9414 -0.3336
vn -0.1466 0.0490 -0.9880
vn -0.0357 0.9700 -0.2406
vn -0.0357 -0.9700 -0.2406
vn -0.1466 -0.0490 -0.9880
vn -0.0495 0.9414 -0.3336
vn -0.0216 -0.9892 -0.1453
vn -0.0462 -0.3365 -0.9405
vn -0.0293 0.8029 -0.5954
vn -0.0444 -0.4271 -0.9031
vn -0.0330 0.7405 -0.6712
vn -0.0421 -0.5136 -0.8570
vn -0.0364 0.6711 -0.7405
vn -0.0394 -0.5952 -0.8026
vn -0.0394 0.5952 -0.8026
vn -0.0364 -0.6711 -0.7405
vn -0.0421 0.5136 -0.8570
vn -0.0330 -0.7405 -0.6712
vn -0.0444 0.4271 -0.9031
vn -0.0293 -0.8029 -0.5954
vn -0.0462 0.3365 -0.9405
vn -0.0252 -0.8575 -0.5139
vn -0.0476 0.2427 -0.9689
vn -0.0024 0.9988 -0.0491
vn -0.0210 -0.9038 -0.4275
vn -0.0485 0.1466 -0.9880
vn -0.0072 0.9892 -0.1467
vn -0.0166 -0.9414 -0.3368
vn -0.0490 0.0490 -0.9976
vn -0.0119 0.9700 -0.2430
vn -0.0119 -0.9700 -0.2430
vn -0.0490 -0.0490 -0.9976
vn -0.0165 0.9414 -0.3368
vn -0.0072 -0.9892 -0.1467
vn -0.0485 -0.1466 -0.9880
vn -0.0210 0.9038 -0.4275
vn -0.0024 -0.9988 -0.0491
vn -0.0476 -0.2427 -0.9689
vn -0.0252 0.8575 -0.5139
vn 0.0165 -0.9414 -0.3368
vn 0.0166 0.9414 -0.3368
vn 0.0252 0.8575 -0.5139
vn 0.0253 -0.8575 -0.5139
vn 0.0819 0.9700 -0.2290
vn 0.1733 -0.8575 -0.4845
vn 0.5386 -0.4271 -0.7263
vn 0.0875 0.9891 -0.1180
vn 0.0875 -0.9892 -0.1180
vn 0.6643 0.1466 -0.7329
vn 0.6643 -0.1466 -0.7330
vn 0.1088 0.9892 -0.0987
vn 0.1089 -0.9892 -0.0987
vn 0.4151 -0.9038 -0.1040
vn 0.4152 0.9038 -0.1040
vn 0.1425 0.9891 0.0357
vn 0.4845 -0.8575 0.1733
vn 0.4845 0.8575 0.1734
vn 0.1089 0.9891 0.0987
vn 0.0875 0.9891 0.1180
vn 0.0875 -0.9892 0.1180
vn 0.2645 0.8575 0.4414
vn 0.2645 -0.8575 0.4413
vn 0.0628 0.9891 0.1328
vn 0.1734 -0.8575 0.4845
vn 0.0820 0.9700 0.2290
vn 0.0819 -0.9700 0.2290
vn 0.1733 0.8575 0.4845
vn -0.0819 -0.9700 0.2290
vn -0.0875 -0.9892 0.1180
vn -0.7330 -0.1466 0.6643
vn -0.7329 0.1466 0.6643
vn -0.4151 -0.9038 0.1040
vn -0.4152 0.9038 0.1040
vn -0.4152 -0.9038 -0.1040
vn -0.4152 0.9038 -0.1040
vn -0.1088 -0.9892 -0.0987
vn -0.1089 0.9891 -0.0987
vn -0.0875 0.9891 -0.1180
vn -0.0875 -0.9892 -0.1180
vn -0.0819 -0.9700 -0.2290
vn -0.1733 0.8575 -0.4845
vn -0.1734 -0.8575 -0.4845
vn -0.0165 -0.9414 -0.3368
vn -0.0166 0.9414 -0.3368
vn -0.0253 0.8575 -0.5139
vt 0.750000 0.125000
vt 0.734375 0.093750
vt 0.750000 0.093750
vt 0.750000 0.531250
vt 0.734375 0.500000
vt 0.750000 0.500000
vt 0.750000 0.937500
vt 0.734375 0.906250
vt 0.750000 0.906250
vt 0.734375 0.062500
vt 0.750000 0.062500
vt 0.734375 0.468750
vt 0.750000 0.468750
vt 0.750000 0.875000
vt 0.734375 0.875000
vt 0.734375 0.031250
vt 0.750000 0.031250
vt 0.734375 0.437500
vt 0.750000 0.437500
vt 0.750000 0.843750
vt 0.734375 0.843750
vt 0.742188 0.000000
vt 0.734375 0.406250
vt 0.750000 0.406250
vt 0.734375 0.812500
vt 0.750000 0.812500
vt 0.734375 0.375000
vt 0.750000 0.375000
vt 0.734375 0.781250
vt 0.750000 0.781250
vt 0.734375 0.343750
vt 0.750000 0.343750
vt 0.750000 0.750000
vt 0.734375 0.750000
vt 0.734375 0.312500
vt 0.750000 0.312500
vt 0.750000 0.718750
vt 0.734375 0.718750
vt 0.734375 0.281250
vt 0.750000 0.281250
vt 0.750000 0.687500
vt 0.734375 0.687500
vt 0.734375 0.250000
vt 0.750000 0.250000
vt 0.750000 0.656250
vt 0.734375 0.656250
vt 0.734375 0.218750
vt 0.750000 0.218750
vt 0.734375 0.625000
vt 0.750000 0.625000
vt 0.750000 0.187500
vt 0.734375 0.187500
vt 0.750000 0.593750
vt 0.734375 0.593750
vt 0.750000 0.156250
vt 0.734375 0.156250
vt 0.750000 0.562500
vt 0.734375 0.562500
vt 0.750000 0.968750
vt 0.742188 1.000000
vt 0.734375 0.968750
vt 0.734375 0.125000
vt 0.734375 0.531250
vt 0.734375 0.937500
vt 0.718750 0.250000
vt 0.718750 0.656250
vt 0.718750 0.218750
vt 0.718750 0.625000
vt 0.718750 0.187500
vt 0.718750 0.593750
vt 0.718750 0.156250
vt 0.718750 0.562500
vt 0.726562 1.000000
vt 0.718750 0.968750
vt 0.718750 0.125000
vt 0.718750 0.531250
vt 0.718750 0.937500
vt 0.718750 0.093750
vt 0.718750 0.500000
vt 0.718750 0.906250
vt 0.718750 0.062500
vt 0.718750 0.468750
vt 0.718750 0.875000
vt 0.718750 0.031250
vt 0.718750 0.437500
vt 0.718750 0.843750
vt 0.726562 0.000000
vt 0.718750 0.406250
vt 0.718750 0.812500
vt 0.718750 0.375000
vt 0.718750 0.781250
vt 0.718750 0.343750
vt 0.718750 0.750000
vt 0.718750 0.312500
vt 0.718750 0.718750
vt 0.718750 0.281250
vt 0.718750 0.687500
vt 0.703125 0.187500
vt 0.703125 0.625000
vt 0.703125 0.593750
vt 0.703125 0.156250
vt 0.703125 0.562500
vt 0.710938 1.000000
vt 0.703125 0.968750
vt 0.703125 0.125000
vt 0.703125 0.531250
vt 0.703125 0.937500
vt 0.703125 0.093750
vt 0.703125 0.500000
vt 0.703125 0.906250
vt 0.703125 0.062500
vt 0.703125 0.468750
vt 0.703125 0.875000
vt 0.703125 0.031250
vt 0.703125 0.437500
vt 0.703125 0.843750
vt 0.710938 0.000000
vt 0.703125 0.406250
vt 0.703125 0.812500
vt 0.703125 0.375000
vt 0.703125 0.781250
vt 0.703125 0.343750
vt 0.703125 0.750000
vt 0.703125 0.312500
vt 0.703125 0.718750
vt 0.703125 0.281250
vt 0.703125 0.687500
vt 0.703125 0.250000
vt 0.703125 0.656250
vt 0.703125 0.218750
vt 0.695312 1.000000
vt 0.687500 0.968750
vt 0.687500 0.125000
vt 0.687500 0.531250
vt 0.687500 0.937500
vt 0.687500 0.093750
vt 0.687500 0.500000
vt 0.687500 0.906250
vt 0.687500 0.062500
vt 0.687500 0.468750
vt 0.687500 0.875000
vt 0.687500 0.031250
vt 0.687500 0.437500
vt 0.687500 0.843750
vt 0.695312 0.000000
vt 0.687500 0.406250
vt 0.687500 0.812500
vt 0.687500 0.375000
vt 0.687500 0.781250
vt 0.687500 0.343750
vt 0.687500 0.750000
vt 0.687500 0.312500
vt 0.687500 0.718750
vt 0.687500 0.281250
vt 0.687500 0.687500
vt 0.687500 0.250000
vt 0.687500 0.656250
vt 0.687500 0.218750
vt 0.687500 0.625000
vt 0.687500 0.187500
vt 0.687500 0.593750
vt 0.687500 0.156250
vt 0.687500 0.562500
vt 0.671875 0.937500
vt 0.671875 0.906250
vt 0.671875 0.062500
vt 0.671875 0.468750
vt 0.671875 0.875000
vt 0.671875 0.031250
vt 0.671875 0.437500
vt 0.671875 0.843750
vt 0.679688 0.000000
vt 0.671875 0.406250
vt 0.671875 0.812500
vt 0.671875 0.375000
vt 0.671875 0.781250
vt 0.671875 0.343750
vt 0.671875 0.750000
vt 0.671875 0.312500
vt 0.671875 0.718750
vt 0.671875 0.281250
vt 0.671875 0.687500
vt 0.671875 0.250000
vt 0.671875 0.656250
vt 0.671875 0.218750
vt 0.671875 0.625000
vt 0.671875 0.187500
vt 0.671875 0.593750
vt 0.671875 0.156250
vt 0.671875 0.562500
vt 0.679688 1.000000
vt 0.671875 0.968750
vt 0.671875 0.125000
vt 0.671875 0.531250
vt 0.671875 0.093750
vt 0.671875 0.500000
vt 0.656250 0.843750
vt 0.664062 0.000000
vt 0.656250 0.031250
vt 0.656250 0.406250
vt 0.656250 0.812500
vt 0.656250 0.375000
vt 0.656250 0.781250
vt 0.656250 0.343750
vt 0.656250 0.750000
vt 0.656250 0.312500
vt 0.656250 0.718750
vt 0.656250 0.281250
vt 0.656250 0.687500
vt 0.656250 0.250000
vt 0.656250 0.656250
vt 0.656250 0.218750
vt 0.656250 0.625000
vt 0.656250 0.187500
vt 0.656250 0.593750
vt 0.656250 0.156250
vt 0.656250 0.562500
vt 0.664062 1.000000
vt 0.656250 0.968750
vt 0.656250 0.125000
vt 0.656250 0.531250
vt 0.656250 0.937500
vt 0.656250 0.093750
vt 0.656250 0.500000
vt 0.656250 0.906250
vt 0.656250 0.062500
vt 0.656250 0.468750
vt 0.656250 0.875000
vt 0.656250 0.437500
vt 0.640625 0.812500
vt 0.640625 0.781250
vt 0.640625 0.343750
vt 0.640625 0.750000
vt 0.640625 0.312500
vt 0.640625 0.718750
vt 0.640625 0.281250
vt 0.640625 0.687500
vt 0.640625 0.250000
vt 0.640625 0.656250
vt 0.640625 0.218750
vt 0.640625 0.625000
vt 0.640625 0.187500
vt 0.640625 0.593750
vt 0.640625 0.156250
vt 0.640625 0.562500
vt 0.648438 1.000000
vt 0.640625 0.968750
vt 0.640625 0.125000
vt 0.640625 0.531250
vt 0.640625 0.937500
vt 0.640625 0.093750
vt 0.640625 0.500000
vt 0.640625 0.906250
vt 0.640625 0.062500
vt 0.640625 0.468750
vt 0.640625 0.875000
vt 0.640625 0.031250
vt 0.640625 0.437500
vt 0.640625 0.843750
vt 0.648438 0.000000
vt 0.640625 0.406250
vt 0.640625 0.375000
vt 0.625000 0.718750
vt 0.625000 0.312500
vt 0.625000 0.281250
vt 0.625000 0.687500
vt 0.625000 0.250000
vt 0.625000 0.656250
vt 0.625000 0.218750
vt 0.625000 0.625000
vt 0.625000 0.187500
vt 0.625000 0.593750
vt 0.625000 0.156250
vt 0.625000 0.562500
vt 0.632812 1.000000
vt 0.625000 0.968750
vt 0.625000 0.125000
vt 0.625000 0.531250
vt 0.625000 0.937500
vt 0.625000 0.093750
vt 0.625000 0.500000
vt 0.625000 0.906250
vt 0.625000 0.062500
vt 0.625000 0.468750
vt 0.625000 0.875000
vt 0.625000 0.031250
vt 0.625000 0.437500
vt 0.625000 0.843750
vt 0.632812 0.000000
vt 0.625000 0.406250
vt 0.625000 0.812500
vt 0.625000 0.375000
vt 0.625000 0.781250
vt 0.625000 0.343750
vt 0.625000 0.750000
vt 0.609375 0.687500
vt 0.609375 0.656250
vt 0.609375 0.218750
vt 0.609375 0.625000
vt 0.609375 0.187500
vt 0.609375 0.593750
vt 0.609375 0.156250
vt 0.609375 0.562500
vt 0.617188 1.000000
vt 0.609375 0.968750
vt 0.609375 0.125000
vt 0.609375 0.531250
vt 0.609375 0.937500
vt 0.609375 0.093750
vt 0.609375 0.500000
vt 0.609375 0.906250
vt 0.609375 0.062500
vt 0.609375 0.468750
vt 0.609375 0.875000
vt 0.609375 0.031250
vt 0.609375 0.437500
vt 0.609375 0.843750
vt 0.617188 0.000000
vt 0.609375 0.406250
vt 0.609375 0.812500
vt 0.609375 0.375000
vt 0.609375 0.781250
vt 0.609375 0.343750
vt 0.609375 0.750000
vt 0.609375 0.312500
vt 0.609375 0.718750
vt 0.609375 0.281250
vt 0.609375 0.250000
vt 0.593750 0.593750
vt 0.593750 0.187500
vt 0.593750 0.156250
vt 0.593750 0.562500
vt 0.601562 1.000000
vt 0.593750 0.968750
vt 0.593750 0.125000
vt 0.593750 0.531250
vt 0.593750 0.937500
vt 0.593750 0.093750
vt 0.593750 0.500000
vt 0.593750 0.906250
vt 0.593750 0.062500
vt 0.593750 0.468750
vt 0.593750 0.875000
vt 0.593750 0.031250
vt 0.593750 0.437500
vt 0.593750 0.843750
vt 0.601562 0.000000
vt 0.593750 0.406250
vt 0.593750 0.812500
vt 0.593750 0.375000
vt 0.593750 0.781250
vt 0.593750 0.343750
vt 0.593750 0.750000
vt 0.593750 0.312500
vt 0.593750 0.718750
vt 0.593750 0.281250
vt 0.593750 0.687500
vt 0.593750 0.250000
vt 0.593750 0.656250
vt 0.593750 0.218750
vt 0.593750 0.625000
vt 0.578125 0.562500
vt 0.578125 0.531250
vt 0.578125 0.937500
vt 0.578125 0.125000
vt 0.578125 0.093750
vt 0.578125 0.500000
vt 0.578125 0.906250
vt 0.578125 0.062500
vt 0.578125 0.468750
vt 0.578125 0.875000
vt 0.578125 0.031250
vt 0.578125 0.437500
vt 0.578125 0.843750
vt 0.585938 0.000000
vt 0.578125 0.406250
vt 0.578125 0.812500
vt 0.578125 0.375000
vt 0.578125 0.781250
vt 0.578125 0.343750
vt 0.578125 0.750000
vt 0.578125 0.312500
vt 0.578125 0.718750
vt 0.578125 0.281250
vt 0.578125 0.687500
vt 0.578125 0.250000
vt 0.578125 0.656250
vt 0.578125 0.218750
vt 0.578125 0.625000
vt 0.578125 0.187500
vt 0.578125 0.593750
vt 0.578125 0.156250
vt 0.585938 1.000000
vt 0.578125 0.968750
vt 0.562500 0.500000
vt 0.562500 0.468750
vt 0.562500 0.906250
vt 0.562500 0.875000
vt 0.562500 0.062500
vt 0.562500 0.031250
vt 0.562500 0.437500
vt 0.562500 0.843750
vt 0.570312 0.000000
vt 0.562500 0.406250
vt 0.562500 0.812500
vt 0.562500 0.375000
vt 0.562500 0.781250
vt 0.562500 0.343750
vt 0.562500 0.750000
vt 0.562500 0.312500
vt 0.562500 0.718750
vt 0.562500 0.281250
vt 0.562500 0.687500
vt 0.562500 0.250000
vt 0.562500 0.656250
vt 0.562500 0.218750
vt 0.562500 0.625000
vt 0.562500 0.187500
vt 0.562500 0.593750
vt 0.562500 0.156250
vt 0.562500 0.562500
vt 0.570312 1.000000
vt 0.562500 0.968750
vt 0.562500 0.125000
vt 0.562500 0.531250
vt 0.562500 0.937500
vt 0.562500 0.093750
vt 0.546875 0.406250
vt 0.546875 0.812500
vt 0.546875 0.375000
vt 0.546875 0.781250
vt 0.546875 0.343750
vt 0.546875 0.750000
vt 0.546875 0.312500
vt 0.546875 0.718750
vt 0.546875 0.281250
vt 0.546875 0.687500
vt 0.546875 0.250000
vt 0.546875 0.656250
vt 0.546875 0.218750
vt 0.546875 0.625000
vt 0.546875 0.187500
vt 0.546875 0.593750
vt 0.546875 0.156250
vt 0.546875 0.562500
vt 0.554688 1.000000
vt 0.546875 0.968750
vt 0.546875 0.125000
vt 0.546875 0.531250
vt 0.546875 0.937500
vt 0.546875 0.093750
vt 0.546875 0.500000
vt 0.546875 0.906250
vt 0.546875 0.062500
vt 0.546875 0.468750
vt 0.546875 0.875000
vt 0.546875 0.031250
vt 0.546875 0.437500
vt 0.546875 0.843750
vt 0.554688 0.000000
vt 0.531250 0.343750
vt 0.531250 0.781250
vt 0.531250 0.750000
vt 0.531250 0.312500
vt 0.531250 0.718750
vt 0.531250 0.281250
vt 0.531250 0.687500
vt 0.531250 0.250000
vt 0.531250 0.656250
vt 0.531250 0.218750
vt 0.531250 0.625000
vt 0.531250 0.187500
vt 0.531250 0.593750
vt 0.531250 0.156250
vt 0.531250 0.562500
vt 0.539062 1.000000
vt 0.531250 0.968750
vt 0.531250 0.125000
vt 0.531250 0.531250
vt 0.531250 0.937500
vt 0.531250 0.093750
vt 0.531250 0.500000
vt 0.531250 0.906250
vt 0.531250 0.062500
vt 0.531250 0.468750
vt 0.531250 0.875000
vt 0.531250 0.031250
vt 0.531250 0.437500
vt 0.531250 0.843750
vt 0.539062 0.000000
vt 0.531250 0.406250
vt 0.531250 0.812500
vt 0.531250 0.375000
vt 0.515625 0.281250
vt 0.515625 0.687500
vt 0.515625 0.250000
vt 0.515625 0.656250
vt 0.515625 0.218750
vt 0.515625 0.625000
vt 0.515625 0.187500
vt 0.515625 0.593750
vt 0.515625 0.156250
vt 0.515625 0.562500
vt 0.523438 1.000000
vt 0.515625 0.968750
vt 0.515625 0.125000
vt 0.515625 0.531250
vt 0.515625 0.937500
vt 0.515625 0.093750
vt 0.515625 0.500000
vt 0.515625 0.906250
vt 0.515625 0.062500
vt 0.515625 0.468750
vt 0.515625 0.875000
vt 0.515625 0.031250
vt 0.515625 0.437500
vt 0.515625 0.843750
vt 0.523438 0.000000
vt 0.515625 0.406250
vt 0.515625 0.812500
vt 0.515625 0.375000
vt 0.515625 0.781250
vt 0.515625 0.343750
vt 0.515625 0.750000
vt 0.515625 0.312500
vt 0.515625 0.718750
vt 0.500000 0.218750
vt 0.500000 0.625000
vt 0.500000 0.187500
vt 0.500000 0.593750
vt 0.500000 0.156250
vt 0.500000 0.562500
vt 0.507812 1.000000
vt 0.500000 0.968750
vt 0.500000 0.125000
vt 0.500000 0.531250
vt 0.500000 0.937500
vt 0.500000 0.093750
vt 0.500000 0.500000
vt 0.500000 0.906250
vt 0.500000 0.062500
vt 0.500000 0.468750
vt 0.500000 0.875000
vt 0.500000 0.031250
vt 0.500000 0.437500
vt 0.500000 0.843750
vt 0.507812 0.000000
vt 0.500000 0.406250
vt 0.500000 0.812500
vt 0.500000 0.375000
vt 0.500000 0.781250
vt 0.500000 0.343750
vt 0.500000 0.750000
vt 0.500000 0.312500
vt 0.500000 0.718750
vt 0.500000 0.281250
vt 0.500000 0.687500
vt 0.500000 0.250000
vt 0.500000 0.656250
vt 0.484375 0.187500
vt 0.484375 0.156250
vt 0.484375 0.593750
vt 0.484375 0.562500
vt 0.492188 1.000000
vt 0.484375 0.968750
vt 0.484375 0.125000
vt 0.484375 0.531250
vt 0.484375 0.937500
vt 0.484375 0.093750
vt 0.484375 0.500000
vt 0.484375 0.906250
vt 0.484375 0.062500
vt 0.484375 0.468750
vt 0.484375 0.875000
vt 0.484375 0.031250
vt 0.484375 0.437500
vt 0.484375 0.843750
vt 0.492188 0.000000
vt 0.484375 0.406250
vt 0.484375 0.812500
vt 0.484375 0.375000
vt 0.484375 0.781250
vt 0.484375 0.343750
vt 0.484375 0.750000
vt 0.484375 0.312500
vt 0.484375 0.718750
vt 0.484375 0.281250
vt 0.484375 0.687500
vt 0.484375 0.250000
vt 0.484375 0.656250
vt 0.484375 0.218750
vt 0.484375 0.625000
vt 0.468750 0.093750
vt 0.468750 0.500000
vt 0.468750 0.937500
vt 0.468750 0.906250
vt 0.468750 0.062500
vt 0.468750 0.468750
vt 0.468750 0.875000
vt 0.468750 0.031250
vt 0.468750 0.437500
vt 0.468750 0.843750
vt 0.476562 0.000000
vt 0.468750 0.406250
vt 0.468750 0.812500
vt 0.468750 0.375000
vt 0.468750 0.781250
vt 0.468750 0.343750
vt 0.468750 0.750000
vt 0.468750 0.312500
vt 0.468750 0.718750
vt 0.468750 0.281250
vt 0.468750 0.687500
vt 0.468750 0.250000
vt 0.468750 0.656250
vt 0.468750 0.218750
vt 0.468750 0.625000
vt 0.468750 0.187500
vt 0.468750 0.593750
vt 0.468750 0.156250
vt 0.468750 0.562500
vt 0.476562 1.000000
vt 0.468750 0.968750
vt 0.468750 0.125000
vt 0.468750 0.531250
vt 0.453125 0.031250
vt 0.453125 0.437500
vt 0.453125 0.843750
vt 0.460938 0.000000
vt 0.453125 0.406250
vt 0.453125 0.812500
vt 0.453125 0.375000
vt 0.453125 0.781250
vt 0.453125 0.343750
vt 0.453125 0.750000
vt 0.453125 0.312500
vt 0.453125 0.718750
vt 0.453125 0.281250
vt 0.453125 0.687500
vt 0.453125 0.250000
vt 0.453125 0.656250
vt 0.453125 0.218750
vt 0.453125 0.625000
vt 0.453125 0.187500
vt 0.453125 0.593750
vt 0.453125 0.156250
vt 0.453125 0.562500
vt 0.460938 1.000000
vt 0.453125 0.968750
vt 0.453125 0.125000
vt 0.453125 0.531250
vt 0.453125 0.937500
vt 0.453125 0.093750
vt 0.453125 0.500000
vt 0.453125 0.906250
vt 0.453125 0.062500
vt 0.453125 0.468750
vt 0.453125 0.875000
vt 0.437500 0.406250
vt 0.437500 0.375000
vt 0.437500 0.812500
vt 0.437500 0.781250
vt 0.437500 0.343750
vt 0.437500 0.750000
vt 0.437500 0.312500
vt 0.437500 0.718750
vt 0.437500 0.281250
vt 0.437500 0.687500
vt 0.437500 0.250000
vt 0.437500 0.656250
vt 0.437500 0.218750
vt 0.437500 0.625000
vt 0.437500 0.187500
vt 0.437500 0.593750
vt 0.437500 0.156250
vt 0.437500 0.562500
vt 0.445312 1.000000
vt 0.437500 0.968750
vt 0.437500 0.125000
vt 0.437500 0.531250
vt 0.437500 0.937500
vt 0.437500 0.093750
vt 0.437500 0.500000
vt 0.437500 0.906250
vt 0.437500 0.062500
vt 0.437500 0.468750
vt 0.437500 0.875000
vt 0.437500 0.031250
vt 0.437500 0.437500
vt 0.437500 0.843750
vt 0.445312 0.000000
vt 0.421875 0.312500
vt 0.421875 0.718750
vt 0.421875 0.281250
vt 0.421875 0.687500
vt 0.421875 0.250000
vt 0.421875 0.656250
vt 0.421875 0.218750
vt 0.421875 0.625000
vt 0.421875 0.187500
vt 0.421875 0.593750
vt 0.421875 0.156250
vt 0.421875 0.562500
vt 0.429688 1.000000
vt 0.421875 0.968750
vt 0.421875 0.125000
vt 0.421875 0.531250
vt 0.421875 0.937500
vt 0.421875 0.093750
vt 0.421875 0.500000
vt 0.421875 0.906250
vt 0.421875 0.062500
vt 0.421875 0.468750
vt 0.421875 0.875000
vt 0.421875 0.031250
vt 0.421875 0.437500
vt 0.421875 0.843750
vt 0.429688 0.000000
vt 0.421875 0.406250
vt 0.421875 0.812500
vt 0.421875 0.375000
vt 0.421875 0.781250
vt 0.421875 0.343750
vt 0.421875 0.750000
vt 0.406250 0.281250
vt 0.406250 0.250000
vt 0.406250 0.687500
vt 0.406250 0.656250
vt 0.406250 0.218750
vt 0.406250 0.625000
vt 0.406250 0.187500
vt 0.406250 0.593750
vt 0.406250 0.156250
vt 0.406250 0.562500
vt 0.414062 1.000000
vt 0.406250 0.968750
vt 0.406250 0.125000
vt 0.406250 0.531250
vt 0.406250 0.937500
vt 0.406250 0.093750
vt 0.406250 0.500000
vt 0.406250 0.906250
vt 0.406250 0.062500
vt 0.406250 0.468750
vt 0.406250 0.875000
vt 0.406250 0.031250
vt 0.406250 0.437500
vt 0.406250 0.843750
vt 0.414062 0.000000
vt 0.406250 0.406250
vt 0.406250 0.812500
vt 0.406250 0.375000
vt 0.406250 0.781250
vt 0.406250 0.343750
vt 0.406250 0.750000
vt 0.406250 0.312500
vt 0.406250 0.718750
vt 0.390625 0.187500
vt 0.390625 0.593750
vt 0.390625 0.156250
vt 0.390625 0.562500
vt 0.398437 1.000000
vt 0.390625 0.968750
vt 0.390625 0.125000
vt 0.390625 0.531250
vt 0.390625 0.937500
vt 0.390625 0.093750
vt 0.390625 0.500000
vt 0.390625 0.906250
vt 0.390625 0.062500
vt 0.390625 0.468750
vt 0.390625 0.875000
vt 0.390625 0.031250
vt 0.390625 0.437500
vt 0.390625 0.843750
vt 0.398437 0.000000
vt 0.390625 0.406250
vt 0.390625 0.812500
vt 0.390625 0.375000
vt 0.390625 0.781250
vt 0.390625 0.343750
vt 0.390625 0.750000
vt 0.390625 0.312500
vt 0.390625 0.718750
vt 0.390625 0.281250
vt 0.390625 0.687500
vt 0.390625 0.250000
vt 0.390625 0.656250
vt 0.390625 0.218750
vt 0.390625 0.625000
vt 0.382812 1.000000
vt 0.375000 0.968750
vt 0.375000 0.156250
vt 0.375000 0.125000
vt 0.375000 0.562500
vt 0.375000 0.531250
vt 0.375000 0.937500
vt 0.375000 0.093750
vt 0.375000 0.500000
vt 0.375000 0.906250
vt 0.375000 0.062500
vt 0.375000 0.468750
vt 0.375000 0.875000
vt 0.375000 0.031250
vt 0.375000 0.437500
vt 0.375000 0.843750
vt 0.382812 0.000000
vt 0.375000 0.406250
vt 0.375000 0.812500
vt 0.375000 0.375000
vt 0.375000 0.781250
vt 0.375000 0.343750
vt 0.375000 0.750000
vt 0.375000 0.312500
vt 0.375000 0.718750
vt 0.375000 0.281250
vt 0.375000 0.687500
vt 0.375000 0.250000
vt 0.375000 0.656250
vt 0.375000 0.218750
vt 0.375000 0.625000
vt 0.375000 0.187500
vt 0.375000 0.593750
vt 0.359375 0.937500
vt 0.359375 0.906250
vt 0.359375 0.062500
vt 0.359375 0.468750
vt 0.359375 0.875000
vt 0.359375 0.031250
vt 0.359375 0.437500
vt 0.359375 0.843750
vt 0.367188 0.000000
vt 0.359375 0.406250
vt 0.359375 0.812500
vt 0.359375 0.375000
vt 0.359375 0.781250
vt 0.359375 0.343750
vt 0.359375 0.750000
vt 0.359375 0.312500
vt 0.359375 0.718750
vt 0.359375 0.281250
vt 0.359375 0.687500
vt 0.359375 0.250000
vt 0.359375 0.656250
vt 0.359375 0.218750
vt 0.359375 0.625000
vt 0.359375 0.187500
vt 0.359375 0.593750
vt 0.359375 0.156250
vt 0.359375 0.562500
vt 0.367188 1.000000
vt 0.359375 0.968750
vt 0.359375 0.125000
vt 0.359375 0.531250
vt 0.359375 0.093750
vt 0.359375 0.500000
vt 0.343750 0.843750
vt 0.351562 0.000000
vt 0.343750 0.031250
vt 0.343750 0.437500
vt 0.343750 0.406250
vt 0.343750 0.812500
vt 0.343750 0.375000
vt 0.343750 0.781250
vt 0.343750 0.343750
vt 0.343750 0.750000
vt 0.343750 0.312500
vt 0.343750 0.718750
vt 0.343750 0.281250
vt 0.343750 0.687500
vt 0.343750 0.250000
vt 0.343750 0.656250
vt 0.343750 0.218750
vt 0.343750 0.625000
vt 0.343750 0.187500
vt 0.343750 0.593750
vt 0.343750 0.156250
vt 0.343750 0.562500
vt 0.351562 1.000000
vt 0.343750 0.968750
vt 0.343750 0.125000
vt 0.343750 0.531250
vt 0.343750 0.937500
vt 0.343750 0.093750
vt 0.343750 0.500000
vt 0.343750 0.906250
vt 0.343750 0.062500
vt 0.343750 0.468750
vt 0.343750 0.875000
vt 0.328125 0.468750
vt 0.328125 0.906250
vt 0.328125 0.875000
vt 0.328125 0.062500
vt 0.328125 0.031250
vt 0.328125 0.437500
vt 0.328125 0.843750
vt 0.335937 0.000000
vt 0.328125 0.406250
vt 0.328125 0.812500
vt 0.328125 0.375000
vt 0.328125 0.781250
vt 0.328125 0.343750
vt 0.328125 0.750000
vt 0.328125 0.312500
vt 0.328125 0.718750
vt 0.328125 0.281250
vt 0.328125 0.687500
vt 0.328125 0.250000
vt 0.328125 0.656250
vt 0.328125 0.218750
vt 0.328125 0.625000
vt 0.328125 0.187500
vt 0.328125 0.593750
vt 0.328125 0.156250
vt 0.328125 0.562500
vt 0.335937 1.000000
vt 0.328125 0.968750
vt 0.328125 0.125000
vt 0.328125 0.531250
vt 0.328125 0.937500
vt 0.328125 0.093750
vt 0.328125 0.500000
vt 0.312500 0.437500
vt 0.312500 0.406250
vt 0.312500 0.812500
vt 0.312500 0.375000
vt 0.312500 0.781250
vt 0.312500 0.343750
vt 0.312500 0.750000
vt 0.312500 0.312500
vt 0.312500 0.718750
vt 0.312500 0.281250
vt 0.312500 0.687500
vt 0.312500 0.250000
vt 0.312500 0.656250
vt 0.312500 0.218750
vt 0.312500 0.625000
vt 0.312500 0.187500
vt 0.312500 0.593750
vt 0.312500 0.156250
vt 0.312500 0.562500
vt 0.320312 1.000000
vt 0.312500 0.968750
vt 0.312500 0.125000
vt 0.312500 0.531250
vt 0.312500 0.937500
vt 0.312500 0.093750
vt 0.312500 0.500000
vt 0.312500 0.906250
vt 0.312500 0.062500
vt 0.312500 0.468750
vt 0.312500 0.875000
vt 0.312500 0.031250
vt 0.312500 0.843750
vt 0.320312 0.000000
vt 0.296875 0.343750
vt 0.296875 0.781250
vt 0.296875 0.750000
vt 0.296875 0.312500
vt 0.296875 0.718750
vt 0.296875 0.281250
vt 0.296875 0.687500
vt 0.296875 0.250000
vt 0.296875 0.656250
vt 0.296875 0.218750
vt 0.296875 0.625000
vt 0.296875 0.187500
vt 0.296875 0.593750
vt 0.296875 0.156250
vt 0.296875 0.562500
vt 0.304688 1.000000
vt 0.296875 0.968750
vt 0.296875 0.125000
vt 0.296875 0.531250
vt 0.296875 0.937500
vt 0.296875 0.093750
vt 0.296875 0.500000
vt 0.296875 0.906250
vt 0.296875 0.062500
vt 0.296875 0.468750
vt 0.296875 0.875000
vt 0.296875 0.031250
vt 0.296875 0.437500
vt 0.296875 0.843750
vt 0.304688 0.000000
vt 0.296875 0.406250
vt 0.296875 0.812500
vt 0.296875 0.375000
vt 0.281250 0.312500
vt 0.281250 0.281250
vt 0.281250 0.687500
vt 0.281250 0.250000
vt 0.281250 0.656250
vt 0.281250 0.218750
vt 0.281250 0.625000
vt 0.281250 0.187500
vt 0.281250 0.593750
vt 0.281250 0.156250
vt 0.281250 0.562500
vt 0.289062 1.000000
vt 0.281250 0.968750
vt 0.281250 0.125000
vt 0.281250 0.531250
vt 0.281250 0.937500
vt 0.281250 0.093750
vt 0.281250 0.500000
vt 0.281250 0.906250
vt 0.281250 0.062500
vt 0.281250 0.468750
vt 0.281250 0.875000
vt 0.281250 0.031250
vt 0.281250 0.437500
vt 0.281250 0.843750
vt 0.289062 0.000000
vt 0.281250 0.406250
vt 0.281250 0.812500
vt 0.281250 0.375000
vt 0.281250 0.781250
vt 0.281250 0.343750
vt 0.281250 0.750000
vt 0.281250 0.718750
vt 0.265625 0.218750
vt 0.265625 0.625000
vt 0.265625 0.187500
vt 0.265625 0.593750
vt 0.265625 0.156250
vt 0.265625 0.562500
vt 0.273438 1.000000
vt 0.265625 0.968750
vt 0.265625 0.125000
vt 0.265625 0.531250
vt 0.265625 0.937500
vt 0.265625 0.093750
vt 0.265625 0.500000
vt 0.265625 0.906250
vt 0.265625 0.062500
vt 0.265625 0.468750
vt 0.265625 0.875000
vt 0.265625 0.031250
vt 0.265625 0.437500
vt 0.265625 0.843750
vt 0.273438 0.000000
vt 0.265625 0.406250
vt 0.265625 0.812500
vt 0.265625 0.375000
vt 0.265625 0.781250
vt 0.265625 0.343750
vt 0.265625 0.750000
vt 0.265625 0.312500
vt 0.265625 0.718750
vt 0.265625 0.281250
vt 0.265625 0.687500
vt 0.265625 0.250000
vt 0.265625 0.656250
vt 0.250000 0.187500
vt 0.250000 0.156250
vt 0.250000 0.562500
vt 0.257812 1.000000
vt 0.250000 0.968750
vt 0.250000 0.125000
vt 0.250000 0.531250
vt 0.250000 0.937500
vt 0.250000 0.093750
vt 0.250000 0.500000
vt 0.250000 0.906250
vt 0.250000 0.062500
vt 0.250000 0.468750
vt 0.250000 0.875000
vt 0.250000 0.031250
vt 0.250000 0.437500
vt 0.250000 0.843750
vt 0.257812 0.000000
vt 0.250000 0.406250
vt 0.250000 0.812500
vt 0.250000 0.375000
vt 0.250000 0.781250
vt 0.250000 0.343750
vt 0.250000 0.750000
vt 0.250000 0.312500
vt 0.250000 0.718750
vt 0.250000 0.281250
vt 0.250000 0.687500
vt 0.250000 0.250000
vt 0.250000 0.656250
vt 0.250000 0.218750
vt 0.250000 0.625000
vt 0.250000 0.593750
vt 0.234375 0.937500
vt 0.234375 0.125000
vt 0.234375 0.093750
vt 0.234375 0.531250
vt 0.234375 0.500000
vt 0.234375 0.906250
vt 0.234375 0.062500
vt 0.234375 0.468750
vt 0.234375 0.875000
vt 0.234375 0.031250
vt 0.234375 0.437500
vt 0.234375 0.843750
vt 0.242187 0.000000
vt 0.234375 0.406250
vt 0.234375 0.812500
vt 0.234375 0.375000
vt 0.234375 0.781250
vt 0.234375 0.343750
vt 0.234375 0.750000
vt 0.234375 0.312500
vt 0.234375 0.718750
vt 0.234375 0.281250
vt 0.234375 0.687500
vt 0.234375 0.250000
vt 0.234375 0.656250
vt 0.234375 0.218750
vt 0.234375 0.625000
vt 0.234375 0.187500
vt 0.234375 0.593750
vt 0.234375 0.156250
vt 0.234375 0.562500
vt 0.242187 1.000000
vt 0.234375 0.968750
vt 0.218750 0.875000
vt 0.218750 0.031250
vt 0.218750 0.437500
vt 0.218750 0.843750
vt 0.226562 0.000000
vt 0.218750 0.406250
vt 0.218750 0.812500
vt 0.218750 0.375000
vt 0.218750 0.781250
vt 0.218750 0.343750
vt 0.218750 0.750000
vt 0.218750 0.312500
vt 0.218750 0.718750
vt 0.218750 0.281250
vt 0.218750 0.687500
vt 0.218750 0.250000
vt 0.218750 0.656250
vt 0.218750 0.218750
vt 0.218750 0.625000
vt 0.218750 0.187500
vt 0.218750 0.593750
vt 0.218750 0.156250
vt 0.218750 0.562500
vt 0.226562 1.000000
vt 0.218750 0.968750
vt 0.218750 0.125000
vt 0.218750 0.531250
vt 0.218750 0.937500
vt 0.218750 0.093750
vt 0.218750 0.500000
vt 0.218750 0.906250
vt 0.218750 0.062500
vt 0.218750 0.468750
vt 0.203125 0.812500
vt 0.203125 0.375000
vt 0.203125 0.781250
vt 0.203125 0.343750
vt 0.203125 0.750000
vt 0.203125 0.312500
vt 0.203125 0.718750
vt 0.203125 0.281250
vt 0.203125 0.687500
vt 0.203125 0.250000
vt 0.203125 0.656250
vt 0.203125 0.218750
vt 0.203125 0.625000
vt 0.203125 0.187500
vt 0.203125 0.593750
vt 0.203125 0.156250
vt 0.203125 0.562500
vt 0.210938 1.000000
vt 0.203125 0.968750
vt 0.203125 0.125000
vt 0.203125 0.531250
vt 0.203125 0.937500
vt 0.203125 0.093750
vt 0.203125 0.500000
vt 0.203125 0.906250
vt 0.203125 0.062500
vt 0.203125 0.468750
vt 0.203125 0.875000
vt 0.203125 0.031250
vt 0.203125 0.437500
vt 0.203125 0.843750
vt 0.210938 0.000000
vt 0.203125 0.406250
vt 0.187500 0.781250
vt 0.187500 0.750000
vt 0.187500 0.312500
vt 0.187500 0.718750
vt 0.187500 0.281250
vt 0.187500 0.687500
vt 0.187500 0.250000
vt 0.187500 0.656250
vt 0.187500 0.218750
vt 0.187500 0.625000
vt 0.187500 0.187500
vt 0.187500 0.593750
vt 0.187500 0.156250
vt 0.187500 0.562500
vt 0.195312 1.000000
vt 0.187500 0.968750
vt 0.187500 0.125000
vt 0.187500 0.531250
vt 0.187500 0.937500
vt 0.187500 0.093750
vt 0.187500 0.500000
vt 0.187500 0.906250
vt 0.187500 0.062500
vt 0.187500 0.468750
vt 0.187500 0.875000
vt 0.187500 0.031250
vt 0.187500 0.437500
vt 0.187500 0.843750
vt 0.195312 0.000000
vt 0.187500 0.406250
vt 0.187500 0.812500
vt 0.187500 0.375000
vt 0.187500 0.343750
vt 0.171875 0.687500
vt 0.171875 0.281250
vt 0.171875 0.250000
vt 0.171875 0.656250
vt 0.171875 0.218750
vt 0.171875 0.625000
vt 0.171875 0.187500
vt 0.171875 0.593750
vt 0.171875 0.156250
vt 0.171875 0.562500
vt 0.179687 1.000000
vt 0.171875 0.968750
vt 0.171875 0.125000
vt 0.171875 0.531250
vt 0.171875 0.937500
vt 0.171875 0.093750
vt 0.171875 0.500000
vt 0.171875 0.906250
vt 0.171875 0.062500
vt 0.171875 0.468750
vt 0.171875 0.875000
vt 0.171875 0.031250
vt 0.171875 0.437500
vt 0.171875 0.843750
vt 0.179687 0.000000
vt 0.171875 0.406250
vt 0.171875 0.812500
vt 0.171875 0.375000
vt 0.171875 0.781250
vt 0.171875 0.343750
vt 0.171875 0.750000
vt 0.171875 0.312500
vt 0.171875 0.718750
vt 0.156250 0.625000
vt 0.156250 0.187500
vt 0.156250 0.593750
vt 0.156250 0.156250
vt 0.156250 0.562500
vt 0.164062 1.000000
vt 0.156250 0.968750
vt 0.156250 0.125000
vt 0.156250 0.531250
vt 0.156250 0.937500
vt 0.156250 0.093750
vt 0.156250 0.500000
vt 0.156250 0.906250
vt 0.156250 0.062500
vt 0.156250 0.468750
vt 0.156250 0.875000
vt 0.156250 0.031250
vt 0.156250 0.437500
vt 0.156250 0.843750
vt 0.164062 0.000000
vt 0.156250 0.406250
vt 0.156250 0.812500
vt 0.156250 0.375000
vt 0.156250 0.781250
vt 0.156250 0.343750
vt 0.156250 0.750000
vt 0.156250 0.312500
vt 0.156250 0.718750
vt 0.156250 0.281250
vt 0.156250 0.687500
vt 0.156250 0.250000
vt 0.156250 0.656250
vt 0.156250 0.218750
vt 0.140625 0.562500
vt 0.148437 1.000000
vt 0.140625 0.968750
vt 0.140625 0.125000
vt 0.140625 0.531250
vt 0.140625 0.937500
vt 0.140625 0.093750
vt 0.140625 0.500000
vt 0.140625 0.906250
vt 0.140625 0.062500
vt 0.140625 0.468750
vt 0.140625 0.875000
vt 0.140625 0.031250
vt 0.140625 0.437500
vt 0.140625 0.843750
vt 0.148437 0.000000
vt 0.140625 0.406250
vt 0.140625 0.812500
vt 0.140625 0.375000
vt 0.140625 0.781250
vt 0.140625 0.343750
vt 0.140625 0.750000
vt 0.140625 0.312500
vt 0.140625 0.718750
vt 0.140625 0.281250
vt 0.140625 0.687500
vt 0.140625 0.250000
vt 0.140625 0.656250
vt 0.140625 0.218750
vt 0.140625 0.625000
vt 0.140625 0.187500
vt 0.140625 0.593750
vt 0.140625 0.156250
vt 0.125000 0.531250
vt 0.125000 0.500000
vt 0.125000 0.937500
vt 0.125000 0.906250
vt 0.125000 0.062500
vt 0.125000 0.468750
vt 0.125000 0.875000
vt 0.125000 0.031250
vt 0.125000 0.437500
vt 0.125000 0.843750
vt 0.132812 0.000000
vt 0.125000 0.406250
vt 0.125000 0.812500
vt 0.125000 0.375000
vt 0.125000 0.781250
vt 0.125000 0.343750
vt 0.125000 0.750000
vt 0.125000 0.312500
vt 0.125000 0.718750
vt 0.125000 0.281250
vt 0.125000 0.687500
vt 0.125000 0.250000
vt 0.125000 0.656250
vt 0.125000 0.218750
vt 0.125000 0.625000
vt 0.125000 0.187500
vt 0.125000 0.593750
vt 0.125000 0.156250
vt 0.125000 0.562500
vt 0.132812 1.000000
vt 0.125000 0.968750
vt 0.125000 0.125000
vt 0.125000 0.093750
vt 0.109375 0.437500
vt 0.109375 0.875000
vt 0.109375 0.843750
vt 0.117188 0.000000
vt 0.109375 0.031250
vt 0.109375 0.406250
vt 0.109375 0.812500
vt 0.109375 0.375000
vt 0.109375 0.781250
vt 0.109375 0.343750
vt 0.109375 0.750000
vt 0.109375 0.312500
vt 0.109375 0.718750
vt 0.109375 0.281250
vt 0.109375 0.687500
vt 0.109375 0.250000
vt 0.109375 0.656250
vt 0.109375 0.218750
vt 0.109375 0.625000
vt 0.109375 0.187500
vt 0.109375 0.593750
vt 0.109375 0.156250
vt 0.109375 0.562500
vt 0.117188 1.000000
vt 0.109375 0.968750
vt 0.109375 0.125000
vt 0.109375 0.531250
vt 0.109375 0.937500
vt 0.109375 0.093750
vt 0.109375 0.500000
vt 0.109375 0.906250
vt 0.109375 0.062500
vt 0.109375 0.468750
vt 0.093750 0.375000
vt 0.093750 0.781250
vt 0.093750 0.343750
vt 0.093750 0.750000
vt 0.093750 0.312500
vt 0.093750 0.718750
vt 0.093750 0.281250
vt 0.093750 0.687500
vt 0.093750 0.250000
vt 0.093750 0.656250
vt 0.093750 0.218750
vt 0.093750 0.625000
vt 0.093750 0.187500
vt 0.093750 0.593750
vt 0.093750 0.156250
vt 0.093750 0.562500
vt 0.101562 1.000000
vt 0.093750 0.968750
vt 0.093750 0.125000
vt 0.093750 0.531250
vt 0.093750 0.937500
vt 0.093750 0.093750
vt 0.093750 0.500000
vt 0.093750 0.906250
vt 0.093750 0.062500
vt 0.093750 0.468750
vt 0.093750 0.875000
vt 0.093750 0.031250
vt 0.093750 0.437500
vt 0.093750 0.843750
vt 0.101562 0.000000
vt 0.093750 0.406250
vt 0.093750 0.812500
vt 0.078125 0.312500
vt 0.078125 0.718750
vt 0.078125 0.281250
vt 0.078125 0.687500
vt 0.078125 0.250000
vt 0.078125 0.656250
vt 0.078125 0.218750
vt 0.078125 0.625000
vt 0.078125 0.187500
vt 0.078125 0.593750
vt 0.078125 0.156250
vt 0.078125 0.562500
vt 0.085937 1.000000
vt 0.078125 0.968750
vt 0.078125 0.125000
vt 0.078125 0.531250
vt 0.078125 0.937500
vt 0.078125 0.093750
vt 0.078125 0.500000
vt 0.078125 0.906250
vt 0.078125 0.062500
vt 0.078125 0.468750
vt 0.078125 0.875000
vt 0.078125 0.031250
vt 0.078125 0.437500
vt 0.078125 0.843750
vt 0.085937 0.000000
vt 0.078125 0.406250
vt 0.078125 0.812500
vt 0.078125 0.375000
vt 0.078125 0.781250
vt 0.078125 0.343750
vt 0.078125 0.750000
vt 0.062500 0.281250
vt 0.062500 0.250000
vt 0.062500 0.687500
vt 0.062500 0.656250
vt 0.062500 0.218750
vt 0.062500 0.625000
vt 0.062500 0.187500
vt 0.062500 0.593750
vt 0.062500 0.156250
vt 0.062500 0.562500
vt 0.070312 1.000000
vt 0.062500 0.968750
vt 0.062500 0.125000
vt 0.062500 0.531250
vt 0.062500 0.937500
vt 0.062500 0.093750
vt 0.062500 0.500000
vt 0.062500 0.906250
vt 0.062500 0.062500
vt 0.062500 0.468750
vt 0.062500 0.875000
vt 0.062500 0.031250
vt 0.062500 0.437500
vt 0.062500 0.843750
vt 0.070312 0.000000
vt 0.062500 0.406250
vt 0.062500 0.812500
vt 0.062500 0.375000
vt 0.062500 0.781250
vt 0.062500 0.343750
vt 0.062500 0.750000
vt 0.062500 0.312500
vt 0.062500 0.718750
vt 0.046875 0.187500
vt 0.046875 0.593750
vt 0.046875 0.156250
vt 0.046875 0.562500
vt 0.054688 1.000000
vt 0.046875 0.968750
vt 0.046875 0.125000
vt 0.046875 0.531250
vt 0.046875 0.937500
vt 0.046875 0.093750
vt 0.046875 0.500000
vt 0.046875 0.906250
vt 0.046875 0.062500
vt 0.046875 0.468750
vt 0.046875 0.875000
vt 0.046875 0.031250
vt 0.046875 0.437500
vt 0.046875 0.843750
vt 0.054688 0.000000
vt 0.046875 0.406250
vt 0.046875 0.812500
vt 0.046875 0.375000
vt 0.046875 0.781250
vt 0.046875 0.343750
vt 0.046875 0.750000
vt 0.046875 0.312500
vt 0.046875 0.718750
vt 0.046875 0.281250
vt 0.046875 0.687500
vt 0.046875 0.250000
vt 0.046875 0.656250
vt 0.046875 0.218750
vt 0.046875 0.625000
vt 0.031250 0.125000
vt 0.031250 0.562500
vt 0.031250 0.531250
vt 0.031250 0.937500
vt 0.031250 0.093750
vt 0.031250 0.500000
vt 0.031250 0.906250
vt 0.031250 0.062500
vt 0.031250 0.468750
vt 0.031250 0.875000
vt 0.031250 0.031250
vt 0.031250 0.437500
vt 0.031250 0.843750
vt 0.039062 0.000000
vt 0.031250 0.406250
vt 0.031250 0.812500
vt 0.031250 0.375000
vt 0.031250 0.781250
vt 0.031250 0.343750
vt 0.031250 0.750000
vt 0.031250 0.312500
vt 0.031250 0.718750
vt 0.031250 0.281250
vt 0.031250 0.687500
vt 0.031250 0.250000
vt 0.031250 0.656250
vt 0.031250 0.218750
vt 0.031250 0.625000
vt 0.031250 0.187500
vt 0.031250 0.593750
vt 0.031250 0.156250
vt 0.039062 1.000000
vt 0.031250 0.968750
vt 0.015625 0.062500
vt 0.015625 0.468750
vt 0.015625 0.906250
vt 0.015625 0.875000
vt 0.015625 0.031250
vt 0.015625 0.437500
vt 0.015625 0.843750
vt 0.023438 0.000000
vt 0.015625 0.406250
vt 0.015625 0.812500
vt 0.015625 0.375000
vt 0.015625 0.781250
vt 0.015625 0.343750
vt 0.015625 0.750000
vt 0.015625 0.312500
vt 0.015625 0.718750
vt 0.015625 0.281250
vt 0.015625 0.687500
vt 0.015625 0.250000
vt 0.015625 0.656250
vt 0.015625 0.218750
vt 0.015625 0.625000
vt 0.015625 0.187500
vt 0.015625 0.593750
vt 0.015625 0.156250
vt 0.015625 0.562500
vt 0.023438 1.000000
vt 0.015625 0.968750
vt 0.015625 0.125000
vt 0.015625 0.531250
vt 0.015625 0.937500
vt 0.015625 0.093750
vt 0.015625 0.500000
vt 0.007812 0.000000
vt 0.000000 0.031250
vt 0.000000 0.437500
vt 0.000000 0.406250
vt 0.000000 0.812500
vt 0.000000 0.375000
vt 0.000000 0.781250
vt 0.000000 0.343750
vt 0.000000 0.750000
vt 0.000000 0.312500
vt 0.000000 0.718750
vt 0.000000 0.281250
vt 0.000000 0.687500
vt 0.000000 0.250000
vt 0.000000 0.656250
vt 0.000000 0.218750
vt 0.000000 0.625000
vt 0.000000 0.187500
vt 0.000000 0.593750
vt 0.000000 0.156250
vt 0.000000 0.562500
vt 0.007812 1.000000
vt 0.000000 0.968750
vt 0.000000 0.125000
vt 0.000000 0.531250
vt 0.000000 0.937500
vt 0.000000 0.093750
vt 0.000000 0.500000
vt 0.000000 0.906250
vt 0.000000 0.062500
vt 0.000000 0.468750
vt 0.000000 0.875000
vt 0.000000 0.843750
vt 1.000000 0.375000
vt 0.984375 0.343750
vt 1.000000 0.343750
vt 1.000000 0.750000
vt 0.984375 0.781250
vt 0.984375 0.750000
vt 0.984375 0.312500
vt 1.000000 0.312500
vt 0.984375 0.718750
vt 1.000000 0.718750
vt 1.000000 0.281250
vt 0.984375 0.281250
vt 0.984375 0.687500
vt 1.000000 0.687500
vt 1.000000 0.250000
vt 0.984375 0.250000
vt 1.000000 0.656250
vt 0.984375 0.656250
vt 0.984375 0.218750
vt 1.000000 0.218750
vt 1.000000 0.625000
vt 0.984375 0.625000
vt 1.000000 0.187500
vt 0.984375 0.187500
vt 1.000000 0.593750
vt 0.984375 0.593750
vt 1.000000 0.156250
vt 0.984375 0.156250
vt 0.984375 0.562500
vt 1.000000 0.562500
vt 1.000000 0.968750
vt 0.992188 1.000000
vt 0.984375 0.968750
vt 1.000000 0.125000
vt 0.984375 0.125000
vt 1.000000 0.531250
vt 0.984375 0.531250
vt 0.984375 0.937500
vt 1.000000 0.937500
vt 1.000000 0.093750
vt 0.984375 0.093750
vt 1.000000 0.500000
vt 0.984375 0.500000
vt 1.000000 0.906250
vt 0.984375 0.906250
vt 0.984375 0.062500
vt 1.000000 0.062500
vt 0.984375 0.468750
vt 1.000000 0.468750
vt 0.984375 0.875000
vt 1.000000 0.875000
vt 0.984375 0.031250
vt 1.000000 0.031250
vt 0.984375 0.437500
vt 1.000000 0.437500
vt 1.000000 0.843750
vt 0.984375 0.843750
vt 0.992188 0.000000
vt 1.000000 0.406250
vt 0.984375 0.406250
vt 0.984375 0.812500
vt 1.000000 0.812500
vt 0.984375 0.375000
vt 1.000000 0.781250
vt 0.968750 0.312500
vt 0.968750 0.281250
vt 0.968750 0.687500
vt 0.968750 0.250000
vt 0.968750 0.656250
vt 0.968750 0.218750
vt 0.968750 0.625000
vt 0.968750 0.187500
vt 0.968750 0.593750
vt 0.968750 0.156250
vt 0.968750 0.562500
vt 0.976562 1.000000
vt 0.968750 0.968750
vt 0.968750 0.125000
vt 0.968750 0.531250
vt 0.968750 0.937500
vt 0.968750 0.093750
vt 0.968750 0.500000
vt 0.968750 0.906250
vt 0.968750 0.062500
vt 0.968750 0.468750
vt 0.968750 0.875000
vt 0.968750 0.031250
vt 0.968750 0.437500
vt 0.968750 0.843750
vt 0.976562 0.000000
vt 0.968750 0.406250
vt 0.968750 0.812500
vt 0.968750 0.375000
vt 0.968750 0.781250
vt 0.968750 0.343750
vt 0.968750 0.750000
vt 0.968750 0.718750
vt 0.953125 0.218750
vt 0.953125 0.656250
vt 0.953125 0.625000
vt 0.953125 0.187500
vt 0.953125 0.593750
vt 0.953125 0.156250
vt 0.953125 0.562500
vt 0.960938 1.000000
vt 0.953125 0.968750
vt 0.953125 0.125000
vt 0.953125 0.531250
vt 0.953125 0.937500
vt 0.953125 0.093750
vt 0.953125 0.500000
vt 0.953125 0.906250
vt 0.953125 0.062500
vt 0.953125 0.468750
vt 0.953125 0.875000
vt 0.953125 0.031250
vt 0.953125 0.437500
vt 0.953125 0.843750
vt 0.960938 0.000000
vt 0.953125 0.406250
vt 0.953125 0.812500
vt 0.953125 0.375000
vt 0.953125 0.781250
vt 0.953125 0.343750
vt 0.953125 0.750000
vt 0.953125 0.312500
vt 0.953125 0.718750
vt 0.953125 0.281250
vt 0.953125 0.687500
vt 0.953125 0.250000
vt 0.937500 0.312500
vt 0.937500 0.281250
vt 0.937500 0.687500
vt 0.937500 0.250000
vt 0.937500 0.656250
vt 0.937500 0.218750
vt 0.937500 0.625000
vt 0.937500 0.187500
vt 0.937500 0.593750
vt 0.937500 0.156250
vt 0.937500 0.562500
vt 0.945312 1.000000
vt 0.937500 0.968750
vt 0.937500 0.125000
vt 0.937500 0.531250
vt 0.937500 0.937500
vt 0.937500 0.093750
vt 0.937500 0.500000
vt 0.937500 0.906250
vt 0.937500 0.062500
vt 0.937500 0.468750
vt 0.937500 0.875000
vt 0.937500 0.031250
vt 0.937500 0.437500
vt 0.937500 0.843750
vt 0.945312 0.000000
vt 0.937500 0.406250
vt 0.937500 0.812500
vt 0.937500 0.375000
vt 0.937500 0.781250
vt 0.937500 0.343750
vt 0.937500 0.750000
vt 0.937500 0.718750
vt 0.921875 0.218750
vt 0.921875 0.656250
vt 0.921875 0.625000
vt 0.921875 0.187500
vt 0.921875 0.593750
vt 0.921875 0.156250
vt 0.921875 0.562500
vt 0.929687 1.000000
vt 0.921875 0.968750
vt 0.921875 0.125000
vt 0.921875 0.531250
vt 0.921875 0.937500
vt 0.921875 0.093750
vt 0.921875 0.500000
vt 0.921875 0.906250
vt 0.921875 0.062500
vt 0.921875 0.468750
vt 0.921875 0.875000
vt 0.921875 0.031250
vt 0.921875 0.437500
vt 0.921875 0.843750
vt 0.929687 0.000000
vt 0.921875 0.406250
vt 0.921875 0.812500
vt 0.921875 0.375000
vt 0.921875 0.781250
vt 0.921875 0.343750
vt 0.921875 0.750000
vt 0.921875 0.312500
vt 0.921875 0.718750
vt 0.921875 0.281250
vt 0.921875 0.687500
vt 0.921875 0.250000
vt 0.906250 0.187500
vt 0.906250 0.156250
vt 0.906250 0.562500
vt 0.914062 1.000000
vt 0.906250 0.968750
vt 0.906250 0.125000
vt 0.906250 0.531250
vt 0.906250 0.937500
vt 0.906250 0.093750
vt 0.906250 0.500000
vt 0.906250 0.906250
vt 0.906250 0.062500
vt 0.906250 0.468750
vt 0.906250 0.875000
vt 0.906250 0.031250
vt 0.906250 0.437500
vt 0.906250 0.843750
vt 0.914062 0.000000
vt 0.906250 0.406250
vt 0.906250 0.812500
vt 0.906250 0.375000
vt 0.906250 0.781250
vt 0.906250 0.343750
vt 0.906250 0.750000
vt 0.906250 0.312500
vt 0.906250 0.718750
vt 0.906250 0.281250
vt 0.906250 0.687500
vt 0.906250 0.250000
vt 0.906250 0.656250
vt 0.906250 0.218750
vt 0.906250 0.625000
vt 0.906250 0.593750
vt 0.890625 0.937500
vt 0.890625 0.093750
vt 0.890625 0.531250
vt 0.890625 0.500000
vt 0.890625 0.906250
vt 0.890625 0.062500
vt 0.890625 0.468750
vt 0.890625 0.875000
vt 0.890625 0.031250
vt 0.890625 0.437500
vt 0.890625 0.843750
vt 0.898438 0.000000
vt 0.890625 0.406250
vt 0.890625 0.812500
vt 0.890625 0.375000
vt 0.890625 0.781250
vt 0.890625 0.343750
vt 0.890625 0.750000
vt 0.890625 0.312500
vt 0.890625 0.718750
vt 0.890625 0.281250
vt 0.890625 0.687500
vt 0.890625 0.250000
vt 0.890625 0.656250
vt 0.890625 0.218750
vt 0.890625 0.625000
vt 0.890625 0.187500
vt 0.890625 0.593750
vt 0.890625 0.156250
vt 0.890625 0.562500
vt 0.898438 1.000000
vt 0.890625 0.968750
vt 0.890625 0.125000
vt 0.875000 0.875000
vt 0.875000 0.062500
vt 0.875000 0.031250
vt 0.875000 0.437500
vt 0.875000 0.843750
vt 0.882812 0.000000
vt 0.875000 0.406250
vt 0.875000 0.812500
vt 0.875000 0.375000
vt 0.875000 0.781250
vt 0.875000 0.343750
vt 0.875000 0.750000
vt 0.875000 0.312500
vt 0.875000 0.718750
vt 0.875000 0.281250
vt 0.875000 0.687500
vt 0.875000 0.250000
vt 0.875000 0.656250
vt 0.875000 0.218750
vt 0.875000 0.625000
vt 0.875000 0.187500
vt 0.875000 0.593750
vt 0.875000 0.156250
vt 0.875000 0.562500
vt 0.882812 1.000000
vt 0.875000 0.968750
vt 0.875000 0.125000
vt 0.875000 0.531250
vt 0.875000 0.937500
vt 0.875000 0.093750
vt 0.875000 0.500000
vt 0.875000 0.906250
vt 0.875000 0.468750
vt 0.859375 0.812500
vt 0.859375 0.375000
vt 0.859375 0.781250
vt 0.859375 0.343750
vt 0.859375 0.750000
vt 0.859375 0.312500
vt 0.859375 0.718750
vt 0.859375 0.281250
vt 0.859375 0.687500
vt 0.859375 0.250000
vt 0.859375 0.656250
vt 0.859375 0.218750
vt 0.859375 0.625000
vt 0.859375 0.187500
vt 0.859375 0.593750
vt 0.859375 0.156250
vt 0.859375 0.562500
vt 0.867188 1.000000
vt 0.859375 0.968750
vt 0.859375 0.125000
vt 0.859375 0.531250
vt 0.859375 0.937500
vt 0.859375 0.093750
vt 0.859375 0.500000
vt 0.859375 0.906250
vt 0.859375 0.062500
vt 0.859375 0.468750
vt 0.859375 0.875000
vt 0.859375 0.031250
vt 0.859375 0.437500
vt 0.859375 0.843750
vt 0.867188 0.000000
vt 0.859375 0.406250
vt 0.843750 0.781250
vt 0.843750 0.750000
vt 0.843750 0.312500
vt 0.843750 0.718750
vt 0.843750 0.281250
vt 0.843750 0.687500
vt 0.843750 0.250000
vt 0.843750 0.656250
vt 0.843750 0.218750
vt 0.843750 0.625000
vt 0.843750 0.187500
vt 0.843750 0.593750
vt 0.843750 0.156250
vt 0.843750 0.562500
vt 0.851562 1.000000
vt 0.843750 0.968750
vt 0.843750 0.125000
vt 0.843750 0.531250
vt 0.843750 0.937500
vt 0.843750 0.093750
vt 0.843750 0.500000
vt 0.843750 0.906250
vt 0.843750 0.062500
vt 0.843750 0.468750
vt 0.843750 0.875000
vt 0.843750 0.031250
vt 0.843750 0.437500
vt 0.843750 0.843750
vt 0.851562 0.000000
vt 0.843750 0.406250
vt 0.843750 0.812500
vt 0.843750 0.375000
vt 0.843750 0.343750
vt 0.828125 0.687500
vt 0.828125 0.281250
vt 0.828125 0.250000
vt 0.828125 0.656250
vt 0.828125 0.218750
vt 0.828125 0.625000
vt 0.828125 0.187500
vt 0.828125 0.593750
vt 0.828125 0.156250
vt 0.828125 0.562500
vt 0.835938 1.000000
vt 0.828125 0.968750
vt 0.828125 0.125000
vt 0.828125 0.531250
vt 0.828125 0.937500
vt 0.828125 0.093750
vt 0.828125 0.500000
vt 0.828125 0.906250
vt 0.828125 0.062500
vt 0.828125 0.468750
vt 0.828125 0.875000
vt 0.828125 0.031250
vt 0.828125 0.437500
vt 0.828125 0.843750
vt 0.835938 0.000000
vt 0.828125 0.406250
vt 0.828125 0.812500
vt 0.828125 0.375000
vt 0.828125 0.781250
vt 0.828125 0.343750
vt 0.828125 0.750000
vt 0.828125 0.312500
vt 0.828125 0.718750
vt 0.812500 0.625000
vt 0.812500 0.187500
vt 0.812500 0.593750
vt 0.812500 0.156250
vt 0.812500 0.562500
vt 0.820312 1.000000
vt 0.812500 0.968750
vt 0.812500 0.125000
vt 0.812500 0.531250
vt 0.812500 0.937500
vt 0.812500 0.093750
vt 0.812500 0.500000
vt 0.812500 0.906250
vt 0.812500 0.062500
vt 0.812500 0.468750
vt 0.812500 0.875000
vt 0.812500 0.031250
vt 0.812500 0.437500
vt 0.812500 0.843750
vt 0.820312 0.000000
vt 0.812500 0.406250
vt 0.812500 0.812500
vt 0.812500 0.375000
vt 0.812500 0.781250
vt 0.812500 0.343750
vt 0.812500 0.750000
vt 0.812500 0.312500
vt 0.812500 0.718750
vt 0.812500 0.281250
vt 0.812500 0.687500
vt 0.812500 0.250000
vt 0.812500 0.656250
vt 0.812500 0.218750
vt 0.796875 0.562500
vt 0.804688 1.000000
vt 0.796875 0.968750
vt 0.796875 0.125000
vt 0.796875 0.531250
vt 0.796875 0.937500
vt 0.796875 0.093750
vt 0.796875 0.500000
vt 0.796875 0.906250
vt 0.796875 0.062500
vt 0.796875 0.468750
vt 0.796875 0.875000
vt 0.796875 0.031250
vt 0.796875 0.437500
vt 0.796875 0.843750
vt 0.804688 0.000000
vt 0.796875 0.406250
vt 0.796875 0.812500
vt 0.796875 0.375000
vt 0.796875 0.781250
vt 0.796875 0.343750
vt 0.796875 0.750000
vt 0.796875 0.312500
vt 0.796875 0.718750
vt 0.796875 0.281250
vt 0.796875 0.687500
vt 0.796875 0.250000
vt 0.796875 0.656250
vt 0.796875 0.218750
vt 0.796875 0.625000
vt 0.796875 0.187500
vt 0.796875 0.593750
vt 0.796875 0.156250
vt 0.781250 0.531250
vt 0.781250 0.500000
vt 0.781250 0.906250
vt 0.781250 0.062500
vt 0.781250 0.468750
vt 0.781250 0.875000
vt 0.781250 0.031250
vt 0.781250 0.437500
vt 0.781250 0.843750
vt 0.789062 0.000000
vt 0.781250 0.406250
vt 0.781250 0.812500
vt 0.781250 0.375000
vt 0.781250 0.781250
vt 0.781250 0.343750
vt 0.781250 0.750000
vt 0.781250 0.312500
vt 0.781250 0.718750
vt 0.781250 0.281250
vt 0.781250 0.687500
vt 0.781250 0.250000
vt 0.781250 0.656250
vt 0.781250 0.218750
vt 0.781250 0.625000
vt 0.781250 0.187500
vt 0.781250 0.593750
vt 0.781250 0.156250
vt 0.781250 0.562500
vt 0.789062 1.000000
vt 0.781250 0.968750
vt 0.781250 0.125000
vt 0.781250 0.937500
vt 0.781250 0.093750
vt 0.765625 0.437500
vt 0.765625 0.843750
vt 0.773438 0.000000
vt 0.765625 0.031250
vt 0.765625 0.406250
vt 0.765625 0.812500
vt 0.765625 0.375000
vt 0.765625 0.781250
vt 0.765625 0.343750
vt 0.765625 0.750000
vt 0.765625 0.312500
vt 0.765625 0.718750
vt 0.765625 0.281250
vt 0.765625 0.687500
vt 0.765625 0.250000
vt 0.765625 0.656250
vt 0.765625 0.218750
vt 0.765625 0.625000
vt 0.765625 0.187500
vt 0.765625 0.593750
vt 0.765625 0.156250
vt 0.765625 0.562500
vt 0.773438 1.000000
vt 0.765625 0.968750
vt 0.765625 0.125000
vt 0.765625 0.531250
vt 0.765625 0.937500
vt 0.765625 0.093750
vt 0.765625 0.500000
vt 0.765625 0.906250
vt 0.765625 0.062500
vt 0.765625 0.468750
vt 0.765625 0.875000
vt 0.757812 1.000000
vt 0.757812 0.000000
s 0
usemtl Material.005
f 1985/1/1 44/2/1 14/3/1
f 8/4/2 31/5/2 9/6/2
f 2/7/3 18/8/3 3/9/3
f 14/3/4 45/10/4 1986/11/4
f 9/6/5 32/12/5 10/13/5
f 1971/14/6 18/8/6 19/15/6
f 1986/11/7 46/16/7 15/17/7
f 10/13/8 33/18/8 1978/19/8
f 4/20/9 19/15/9 20/21/9
f 1226/22/10 15/17/10 46/16/10
f 1978/19/11 34/23/11 11/24/11
f 4/20/12 21/25/12 1972/26/12
f 11/24/13 35/27/13 12/28/13
f 1972/26/14 22/29/14 1973/30/14
f 12/28/15 36/31/15 13/32/15
f 1974/33/16 22/29/16 23/34/16
f 13/32/17 37/35/17 1979/36/17
f 1975/37/18 23/34/18 24/38/18
f 1979/36/19 38/39/19 1980/40/19
f 1976/41/20 24/38/20 25/42/20
f 1980/40/21 39/43/21 1981/44/21
f 5/45/22 25/42/22 26/46/22
f 1981/44/23 40/47/23 1982/48/23
f 5/45/24 27/49/24 6/50/24
f 1983/51/25 40/47/25 41/52/25
f 7/53/26 27/49/26 28/54/26
f 1984/55/27 41/52/27 42/56/27
f 1977/57/28 28/54/28 29/58/28
f 1/59/29 1039/60/29 16/61/29
f 1984/55/30 43/62/30 1985/1/30
f 1977/57/31 30/63/31 8/4/31
f 1/59/32 17/64/32 2/7/32
f 38/39/33 70/65/33 39/43/33
f 25/42/34 57/66/34 26/46/34
f 40/47/35 70/65/35 71/67/35
f 26/46/36 58/68/36 27/49/36
f 41/52/37 71/67/37 72/69/37
f 28/54/38 58/68/38 59/70/38
f 42/56/39 72/69/39 73/71/39
f 28/54/40 60/72/40 29/58/40
f 16/61/41 1039/73/41 47/74/41
f 43/62/42 73/71/42 74/75/42
f 29/58/43 61/76/43 30/63/43
f 17/64/44 47/74/44 48/77/44
f 44/2/45 74/75/45 75/78/45
f 31/5/46 61/76/46 62/79/46
f 18/8/47 48/77/47 49/80/47
f 45/10/48 75/78/48 76/81/48
f 31/5/49 63/82/49 32/12/49
f 18/8/50 50/83/50 19/15/50
f 45/10/51 77/84/51 46/16/51
f 33/18/52 63/82/52 64/85/52
f 19/15/53 51/86/53 20/21/53
f 1226/87/54 46/16/54 77/84/54
f 34/23/55 64/85/55 65/88/55
f 20/21/56 52/89/56 21/25/56
f 34/23/57 66/90/57 35/27/57
f 21/25/58 53/91/58 22/29/58
f 36/31/59 66/90/59 67/92/59
f 22/29/60 54/93/60 23/34/60
f 36/31/61 68/94/61 37/35/61
f 24/38/62 54/93/62 55/95/62
f 37/35/63 69/96/63 38/39/63
f 25/42/64 55/95/64 56/97/64
f 71/67/65 103/98/65 72/69/65
f 59/70/66 89/99/66 90/100/66
f 72/69/67 104/101/67 73/71/67
f 59/70/68 91/102/68 60/72/68
f 47/74/69 1039/103/69 78/104/69
f 73/71/70 105/105/70 74/75/70
f 61/76/71 91/102/71 92/106/71
f 47/74/72 79/107/72 48/77/72
f 75/78/73 105/105/73 106/108/73
f 62/79/74 92/106/74 93/109/74
f 48/77/75 80/110/75 49/80/75
f 75/78/76 107/111/76 76/81/76
f 63/82/77 93/109/77 94/112/77
f 50/83/78 80/110/78 81/113/78
f 77/84/79 107/111/79 108/114/79
f 63/82/80 95/115/80 64/85/80
f 50/83/81 82/116/81 51/86/81
f 1226/117/82 77/84/82 108/114/82
f 64/85/83 96/118/83 65/88/83
f 52/89/84 82/116/84 83/119/84
f 65/88/85 97/120/85 66/90/85
f 53/91/86 83/119/86 84/121/86
f 67/92/87 97/120/87 98/122/87
f 53/91/88 85/123/88 54/93/88
f 68/94/89 98/122/89 99/124/89
f 54/93/90 86/125/90 55/95/90
f 68/94/91 100/126/91 69/96/91
f 56/97/92 86/125/92 87/127/92
f 70/65/93 100/126/93 101/128/93
f 56/97/94 88/129/94 57/66/94
f 71/67/95 101/128/95 102/130/95
f 57/66/96 89/99/96 58/68/96
f 78/104/97 1039/131/97 109/132/97
f 104/101/98 136/133/98 105/105/98
f 91/102/99 123/134/99 92/106/99
f 78/104/100 110/135/100 79/107/100
f 106/108/101 136/133/101 137/136/101
f 93/109/102 123/134/102 124/137/102
f 79/107/103 111/138/103 80/110/103
f 106/108/104 138/139/104 107/111/104
f 93/109/105 125/140/105 94/112/105
f 80/110/106 112/141/106 81/113/106
f 108/114/107 138/139/107 139/142/107
f 95/115/108 125/140/108 126/143/108
f 81/113/109 113/144/109 82/116/109
f 1226/145/110 108/114/110 139/142/110
f 95/115/111 127/146/111 96/118/111
f 82/116/112 114/147/112 83/119/112
f 96/118/113 128/148/113 97/120/113
f 84/121/114 114/147/114 115/149/114
f 98/122/115 128/148/115 129/150/115
f 84/121/116 116/151/116 85/123/116
f 99/124/117 129/150/117 130/152/117
f 85/123/118 117/153/118 86/125/118
f 99/124/119 131/154/119 100/126/119
f 87/127/120 117/153/120 118/155/120
f 101/128/121 131/154/121 132/156/121
f 87/127/122 119/157/122 88/129/122
f 101/128/123 133/158/123 102/130/123
f 88/129/124 120/159/124 89/99/124
f 102/130/125 134/160/125 103/98/125
f 90/100/126 120/159/126 121/161/126
f 103/98/127 135/162/127 104/101/127
f 91/102/128 121/161/128 122/163/128
f 111/138/129 141/164/129 142/165/129
f 137/136/130 169/166/130 138/139/130
f 124/137/131 156/167/131 125/140/131
f 112/141/132 142/165/132 143/168/132
f 139/142/133 169/166/133 170/169/133
f 126/143/134 156/167/134 157/170/134
f 112/141/135 144/171/135 113/144/135
f 1226/172/136 139/142/136 170/169/136
f 126/143/137 158/173/137 127/146/137
f 113/144/138 145/174/138 114/147/138
f 127/146/139 159/175/139 128/148/139
f 115/149/140 145/174/140 146/176/140
f 128/148/141 160/177/141 129/150/141
f 115/149/142 147/178/142 116/151/142
f 129/150/143 161/179/143 130/152/143
f 116/151/144 148/180/144 117/153/144
f 130/152/145 162/181/145 131/154/145
f 118/155/146 148/180/146 149/182/146
f 132/156/147 162/181/147 163/183/147
f 119/157/148 149/182/148 150/184/148
f 133/158/149 163/183/149 164/185/149
f 119/157/150 151/186/150 120/159/150
f 133/158/151 165/187/151 134/160/151
f 120/159/152 152/188/152 121/161/152
f 134/160/153 166/189/153 135/162/153
f 122/163/154 152/188/154 153/190/154
f 109/132/155 1039/191/155 140/192/155
f 136/133/156 166/189/156 167/193/156
f 122/163/157 154/194/157 123/134/157
f 109/132/158 141/164/158 110/135/158
f 136/133/159 168/195/159 137/136/159
f 124/137/160 154/194/160 155/196/160
f 143/168/161 175/197/161 144/171/161
f 1226/198/162 170/169/162 201/199/162
f 157/170/163 189/200/163 158/173/163
f 144/171/164 176/201/164 145/174/164
f 159/175/165 189/200/165 190/202/165
f 146/176/166 176/201/166 177/203/166
f 159/175/167 191/204/167 160/177/167
f 147/178/168 177/203/168 178/205/168
f 160/177/169 192/206/169 161/179/169
f 147/178/170 179/207/170 148/180/170
f 161/179/171 193/208/171 162/181/171
f 149/182/172 179/207/172 180/209/172
f 163/183/173 193/208/173 194/210/173
f 150/184/174 180/209/174 181/211/174
f 163/183/175 195/212/175 164/185/175
f 151/186/176 181/211/176 182/213/176
f 164/185/177 196/214/177 165/187/177
f 151/186/178 183/215/178 152/188/178
f 165/187/179 197/216/179 166/189/179
f 152/188/180 184/217/180 153/190/180
f 140/192/181 1039/218/181 171/219/181
f 167/193/182 197/216/182 198/220/182
f 153/190/183 185/221/183 154/194/183
f 140/192/184 172/222/184 141/164/184
f 167/193/185 199/223/185 168/195/185
f 155/196/186 185/221/186 186/224/186
f 142/165/187 172/222/187 173/225/187
f 168/195/188 200/226/188 169/166/188
f 155/196/189 187/227/189 156/167/189
f 142/165/190 174/228/190 143/168/190
f 170/169/191 200/226/191 201/199/191
f 157/170/192 187/227/192 188/229/192
f 177/203/193 207/230/193 208/231/193
f 190/202/194 222/232/194 191/204/194
f 178/205/195 208/231/195 209/233/195
f 191/204/196 223/234/196 192/206/196
f 178/205/197 210/235/197 179/207/197
f 192/206/198 224/236/198 193/208/198
f 180/209/199 210/235/199 211/237/199
f 194/210/200 224/236/200 225/238/200
f 181/211/201 211/237/201 212/239/201
f 194/210/202 226/240/202 195/212/202
f 181/211/203 213/241/203 182/213/203
f 195/212/204 227/242/204 196/214/204
f 182/213/205 214/243/205 183/215/205
f 197/216/206 227/242/206 228/244/206
f 184/217/207 214/243/207 215/245/207
f 171/219/208 1039/246/208 202/247/208
f 197/216/209 229/248/209 198/220/209
f 184/217/210 216/249/210 185/221/210
f 172/222/211 202/247/211 203/250/211
f 198/220/212 230/251/212 199/223/212
f 186/224/213 216/249/213 217/252/213
f 172/222/214 204/253/214 173/225/214
f 199/223/215 231/254/215 200/226/215
f 186/224/216 218/255/216 187/227/216
f 174/228/217 204/253/217 205/256/217
f 200/226/218 232/257/218 201/199/218
f 188/229/219 218/255/219 219/258/219
f 174/228/220 206/259/220 175/197/220
f 1226/260/221 201/199/221 232/257/221
f 188/229/222 220/261/222 189/200/222
f 175/197/223 207/230/223 176/201/223
f 190/202/224 220/261/224 221/262/224
f 209/233/225 241/263/225 210/235/225
f 224/236/226 254/264/226 255/265/226
f 210/235/227 242/266/227 211/237/227
f 225/238/228 255/265/228 256/267/228
f 212/239/229 242/266/229 243/268/229
f 225/238/230 257/269/230 226/240/230
f 213/241/231 243/268/231 244/270/231
f 226/240/232 258/271/232 227/242/232
f 213/241/233 245/272/233 214/243/233
f 228/244/234 258/271/234 259/273/234
f 215/245/235 245/272/235 246/274/235
f 202/247/236 1039/275/236 233/276/236
f 228/244/237 260/277/237 229/248/237
f 215/245/238 247/278/238 216/249/238
f 202/247/239 234/279/239 203/250/239
f 229/248/240 261/280/240 230/251/240
f 217/252/241 247/278/241 248/281/241
f 203/250/242 235/282/242 204/253/242
f 230/251/243 262/283/243 231/254/243
f 217/252/244 249/284/244 218/255/244
f 205/256/245 235/282/245 236/285/245
f 231/254/246 263/286/246 232/257/246
f 219/258/247 249/284/247 250/287/247
f 206/259/248 236/285/248 237/288/248
f 1226/289/249 232/257/249 263/286/249
f 219/258/250 251/290/250 220/261/250
f 206/259/251 238/291/251 207/230/251
f 221/262/252 251/290/252 252/292/252
f 207/230/253 239/293/253 208/231/253
f 221/262/254 253/294/254 222/232/254
f 209/233/255 239/293/255 240/295/255
f 222/232/256 254/264/256 223/234/256
f 243/268/257 273/296/257 274/297/257
f 256/267/258 288/298/258 257/269/258
f 244/270/259 274/297/259 275/299/259
f 257/269/260 289/300/260 258/271/260
f 244/270/261 276/301/261 245/272/261
f 259/273/262 289/300/262 290/302/262
f 246/274/263 276/301/263 277/303/263
f 233/276/264 1039/304/264 264/305/264
f 259/273/265 291/306/265 260/277/265
f 246/274/266 278/307/266 247/278/266
f 233/276/267 265/308/267 234/279/267
f 260/277/268 292/309/268 261/280/268
f 248/281/269 278/307/269 279/310/269
f 234/279/270 266/311/270 235/282/270
f 261/280/271 293/312/271 262/283/271
f 248/281/272 280/313/272 249/284/272
f 235/282/273 267/314/273 236/285/273
f 262/283/274 294/315/274 263/286/274
f 249/284/275 281/316/275 250/287/275
f 237/288/276 267/314/276 268/317/276
f 1226/318/277 263/286/277 294/315/277
f 250/287/278 282/319/278 251/290/278
f 237/288/279 269/320/279 238/291/279
f 252/292/280 282/319/280 283/321/280
f 239/293/281 269/320/281 270/322/281
f 252/292/282 284/323/282 253/294/282
f 240/295/283 270/322/283 271/324/283
f 253/294/284 285/325/284 254/264/284
f 240/295/285 272/326/285 241/263/285
f 254/264/286 286/327/286 255/265/286
f 241/263/287 273/296/287 242/266/287
f 256/267/288 286/327/288 287/328/288
f 275/299/289 307/329/289 276/301/289
f 290/302/290 320/330/290 321/331/290
f 277/303/291 307/329/291 308/332/291
f 264/305/292 1039/333/292 295/334/292
f 290/302/293 322/335/293 291/306/293
f 277/303/294 309/336/294 278/307/294
f 265/308/295 295/334/295 296/337/295
f 291/306/296 323/338/296 292/309/296
f 279/310/297 309/336/297 310/339/297
f 266/311/298 296/337/298 297/340/298
f 292/309/299 324/341/299 293/312/299
f 279/310/300 311/342/300 280/313/300
f 266/311/301 298/343/301 267/314/301
f 293/312/302 325/344/302 294/315/302
f 280/313/303 312/345/303 281/316/303
f 268/317/304 298/343/304 299/346/304
f 1226/347/305 294/315/305 325/344/305
f 281/316/306 313/348/306 282/319/306
f 268/317/307 300/349/307 269/320/307
f 283/321/308 313/348/308 314/350/308
f 269/320/309 301/351/309 270/322/309
f 283/321/310 315/352/310 284/323/310
f 271/324/311 301/351/311 302/353/311
f 284/323/312 316/354/312 285/325/312
f 271/324/313 303/355/313 272/326/313
f 286/327/314 316/354/314 317/356/314
f 272/326/315 304/357/315 273/296/315
f 287/328/316 317/356/316 318/358/316
f 274/297/317 304/357/317 305/359/317
f 287/328/318 319/360/318 288/298/318
f 274/297/319 306/361/319 275/299/319
f 289/300/320 319/360/320 320/330/320
f 309/336/321 339/362/321 340/363/321
f 295/334/322 327/364/322 296/337/322
f 323/338/323 353/365/323 354/366/323
f 309/336/324 341/367/324 310/339/324
f 296/337/325 328/368/325 297/340/325
f 324/341/326 354/366/326 355/369/326
f 310/339/327 342/370/327 311/342/327
f 297/340/328 329/371/328 298/343/328
f 325/344/329 355/369/329 356/372/329
f 311/342/330 343/373/330 312/345/330
f 299/346/331 329/371/331 330/374/331
f 1226/375/332 325/344/332 356/372/332
f 312/345/333 344/376/333 313/348/333
f 299/346/334 331/377/334 300/349/334
f 314/350/335 344/376/335 345/378/335
f 301/351/336 331/377/336 332/379/336
f 314/350/337 346/380/337 315/352/337
f 302/353/338 332/379/338 333/381/338
f 315/352/339 347/382/339 316/354/339
f 302/353/340 334/383/340 303/355/340
f 316/354/341 348/384/341 317/356/341
f 303/355/342 335/385/342 304/357/342
f 318/358/343 348/384/343 349/386/343
f 305/359/344 335/385/344 336/387/344
f 318/358/345 350/388/345 319/360/345
f 306/361/346 336/387/346 337/389/346
f 319/360/347 351/390/347 320/330/347
f 306/361/348 338/391/348 307/329/348
f 321/331/349 351/390/349 352/392/349
f 308/332/350 338/391/350 339/362/350
f 295/334/351 1039/393/351 326/394/351
f 321/331/352 353/365/352 322/335/352
f 342/370/353 372/395/353 373/396/353
f 329/371/354 359/397/354 360/398/354
f 356/372/355 386/399/355 387/400/355
f 342/370/356 374/401/356 343/373/356
f 329/371/357 361/402/357 330/374/357
f 1226/403/358 356/372/358 387/400/358
f 343/373/359 375/404/359 344/376/359
f 330/374/360 362/405/360 331/377/360
f 345/378/361 375/404/361 376/406/361
f 331/377/362 363/407/362 332/379/362
f 345/378/363 377/408/363 346/380/363
f 333/381/364 363/407/364 364/409/364
f 346/380/365 378/410/365 347/382/365
f 333/381/366 365/411/366 334/383/366
f 348/384/367 378/410/367 379/412/367
f 334/383/368 366/413/368 335/385/368
f 349/386/369 379/412/369 380/414/369
f 336/387/370 366/413/370 367/415/370
f 349/386/371 381/416/371 350/388/371
f 337/389/372 367/415/372 368/417/372
f 350/388/373 382/418/373 351/390/373
f 337/389/374 369/419/374 338/391/374
f 352/392/375 382/418/375 383/420/375
f 339/362/376 369/419/376 370/421/376
f 326/394/377 1039/422/377 357/423/377
f 352/392/378 384/424/378 353/365/378
f 340/363/379 370/421/379 371/425/379
f 326/394/380 358/426/380 327/364/380
f 353/365/381 385/427/381 354/366/381
f 340/363/382 372/395/382 341/367/382
f 327/364/383 359/397/383 328/368/383
f 354/366/384 386/399/384 355/369/384
f 374/401/385 406/428/385 375/404/385
f 361/402/386 393/429/386 362/405/386
f 376/406/387 406/428/387 407/430/387
f 362/405/388 394/431/388 363/407/388
f 376/406/389 408/432/389 377/408/389
f 364/409/390 394/431/390 395/433/390
f 377/408/391 409/434/391 378/410/391
f 364/409/392 396/435/392 365/411/392
f 378/410/393 410/436/393 379/412/393
f 365/411/394 397/437/394 366/413/394
f 380/414/395 410/436/395 411/438/395
f 367/415/396 397/437/396 398/439/396
f 380/414/397 412/440/397 381/416/397
f 367/415/398 399/441/398 368/417/398
f 381/416/399 413/442/399 382/418/399
f 368/417/400 400/443/400 369/419/400
f 383/420/401 413/442/401 414/444/401
f 370/421/402 400/443/402 401/445/402
f 357/423/403 1039/446/403 388/447/403
f 383/420/404 415/448/404 384/424/404
f 371/425/405 401/445/405 402/449/405
f 357/423/406 389/450/406 358/426/406
f 384/424/407 416/451/407 385/427/407
f 371/425/408 403/452/408 372/395/408
f 359/397/409 389/450/409 390/453/409
f 385/427/410 417/454/410 386/399/410
f 373/396/411 403/452/411 404/455/411
f 360/398/412 390/453/412 391/456/412
f 386/399/413 418/457/413 387/400/413
f 373/396/414 405/458/414 374/401/414
f 361/402/415 391/456/415 392/459/415
f 1226/460/416 387/400/416 418/457/416
f 407/430/417 439/461/417 408/432/417
f 395/433/418 425/462/418 426/463/418
f 408/432/419 440/464/419 409/434/419
f 395/433/420 427/465/420 396/435/420
f 410/436/421 440/464/421 441/466/421
f 396/435/422 428/467/422 397/437/422
f 411/438/423 441/466/423 442/468/423
f 398/439/424 428/467/424 429/469/424
f 411/438/425 443/470/425 412/440/425
f 399/441/426 429/469/426 430/471/426
f 412/440/427 444/472/427 413/442/427
f 399/441/428 431/473/428 400/443/428
f 414/444/429 444/472/429 445/474/429
f 401/445/430 431/473/430 432/475/430
f 388/447/431 1039/476/431 419/477/431
f 415/448/432 445/474/432 446/478/432
f 402/449/433 432/475/433 433/479/433
f 388/447/434 420/480/434 389/450/434
f 415/448/435 447/481/435 416/451/435
f 402/449/436 434/482/436 403/452/436
f 389/450/437 421/483/437 390/453/437
f 416/451/438 448/484/438 417/454/438
f 404/455/439 434/482/439 435/485/439
f 390/453/440 422/486/440 391/456/440
f 417/454/441 449/487/441 418/457/441
f 404/455/442 436/488/442 405/458/442
f 391/456/443 423/489/443 392/459/443
f 1226/490/444 418/457/444 449/487/444
f 405/458/445 437/491/445 406/428/445
f 392/459/446 424/492/446 393/429/446
f 407/430/447 437/491/447 438/493/447
f 393/429/448 425/462/448 394/431/448
f 440/464/449 472/494/449 441/466/449
f 427/465/450 459/495/450 428/467/450
f 442/468/451 472/494/451 473/496/451
f 429/469/452 459/495/452 460/497/452
f 442/468/453 474/498/453 443/470/453
f 429/469/454 461/499/454 430/471/454
f 443/470/455 475/500/455 444/472/455
f 430/471/456 462/501/456 431/473/456
f 445/474/457 475/500/457 476/502/457
f 432/475/458 462/501/458 463/503/458
f 419/477/459 1039/504/459 450/505/459
f 446/478/460 476/502/460 477/506/460
f 433/479/461 463/503/461 464/507/461
f 419/477/462 451/508/462 420/480/462
f 446/478/463 478/509/463 447/481/463
f 433/479/464 465/510/464 434/482/464
f 420/480/465 452/511/465 421/483/465
f 447/481/466 479/512/466 448/484/466
f 435/485/467 465/510/467 466/513/467
f 422/486/468 452/511/468 453/514/468
f 449/487/469 479/512/469 480/515/469
f 435/485/470 467/516/470 436/488/470
f 422/486/471 454/517/471 423/489/471
f 1226/518/472 449/487/472 480/515/472
f 436/488/473 468/519/473 437/491/473
f 423/489/474 455/520/474 424/492/474
f 438/493/475 468/519/475 469/521/475
f 425/462/476 455/520/476 456/522/476
f 438/493/477 470/523/477 439/461/477
f 426/463/478 456/522/478 457/524/478
f 439/461/479 471/525/479 440/464/479
f 426/463/480 458/526/480 427/465/480
f 473/496/481 505/527/481 474/498/481
f 460/497/482 492/528/482 461/499/482
f 474/498/483 506/529/483 475/500/483
f 461/499/484 493/530/484 462/501/484
f 476/502/485 506/529/485 507/531/485
f 463/503/486 493/530/486 494/532/486
f 450/505/487 1039/533/487 481/534/487
f 476/502/488 508/535/488 477/506/488
f 464/507/489 494/532/489 495/536/489
f 450/505/490 482/537/490 451/508/490
f 478/509/491 508/535/491 509/538/491
f 464/507/492 496/539/492 465/510/492
f 452/511/493 482/537/493 483/540/493
f 479/512/494 509/538/494 510/541/494
f 466/513/495 496/539/495 497/542/495
f 452/511/496 484/543/496 453/514/496
f 479/512/497 511/544/497 480/515/497
f 466/513/498 498/545/498 467/516/498
f 453/514/499 485/546/499 454/517/499
f 1226/547/500 480/515/500 511/544/500
f 467/516/501 499/548/501 468/519/501
f 454/517/502 486/549/502 455/520/502
f 469/521/503 499/548/503 500/550/503
f 455/520/504 487/551/504 456/522/504
f 469/521/505 501/552/505 470/523/505
f 457/524/506 487/551/506 488/553/506
f 470/523/507 502/554/507 471/525/507
f 457/524/508 489/555/508 458/526/508
f 472/494/509 502/554/509 503/556/509
f 458/526/510 490/557/510 459/495/510
f 473/496/511 503/556/511 504/558/511
f 460/497/512 490/557/512 491/559/512
f 507/531/513 537/560/513 538/561/513
f 494/532/514 524/562/514 525/563/514
f 481/534/515 1039/564/515 512/565/515
f 507/531/516 539/566/516 508/535/516
f 495/536/517 525/563/517 526/567/517
f 481/534/518 513/568/518 482/537/518
f 508/535/519 540/569/519 509/538/519
f 495/536/520 527/570/520 496/539/520
f 483/540/521 513/568/521 514/571/521
f 509/538/522 541/572/522 510/541/522
f 497/542/523 527/570/523 528/573/523
f 483/540/524 515/574/524 484/543/524
f 510/541/525 542/575/525 511/544/525
f 497/542/526 529/576/526 498/545/526
f 484/543/527 516/577/527 485/546/527
f 1226/578/528 511/544/528 542/575/528
f 498/545/529 530/579/529 499/548/529
f 485/546/530 517/580/530 486/549/530
f 500/550/531 530/579/531 531/581/531
f 486/549/532 518/582/532 487/551/532
f 500/550/533 532/583/533 501/552/533
f 488/553/534 518/582/534 519/584/534
f 501/552/535 533/585/535 502/554/535
f 488/553/536 520/586/536 489/555/536
f 503/556/537 533/585/537 534/587/537
f 489/555/538 521/588/538 490/557/538
f 504/558/539 534/587/539 535/589/539
f 491/559/540 521/588/540 522/590/540
f 504/558/541 536/591/541 505/527/541
f 492/528/542 522/590/542 523/592/542
f 506/529/543 536/591/543 537/560/543
f 492/528/544 524/562/544 493/530/544
f 539/566/545 571/593/545 540/569/545
f 526/567/546 558/594/546 527/570/546
f 514/571/547 544/595/547 545/596/547
f 540/569/548 572/597/548 541/572/548
f 528/573/549 558/594/549 559/598/549
f 514/571/550 546/599/550 515/574/550
f 541/572/551 573/600/551 542/575/551
f 528/573/552 560/601/552 529/576/552
f 515/574/553 547/602/553 516/577/553
f 1226/603/554 542/575/554 573/600/554
f 529/576/555 561/604/555 530/579/555
f 516/577/556 548/605/556 517/580/556
f 531/581/557 561/604/557 562/606/557
f 517/580/558 549/607/558 518/582/558
f 531/581/559 563/608/559 532/583/559
f 519/584/560 549/607/560 550/609/560
f 532/583/561 564/610/561 533/585/561
f 519/584/562 551/611/562 520/586/562
f 534/587/563 564/610/563 565/612/563
f 520/586/564 552/613/564 521/588/564
f 535/589/565 565/612/565 566/614/565
f 522/590/566 552/613/566 553/615/566
f 535/589/567 567/616/567 536/591/567
f 522/590/568 554/617/568 523/592/568
f 537/560/569 567/616/569 568/618/569
f 523/592/570 555/619/570 524/562/570
f 538/561/571 568/618/571 569/620/571
f 525/563/572 555/619/572 556/621/572
f 512/565/573 1039/622/573 543/623/573
f 538/561/574 570/624/574 539/566/574
f 526/567/575 556/621/575 557/625/575
f 512/565/576 544/595/576 513/568/576
f 572/597/577 604/626/577 573/600/577
f 559/598/578 591/627/578 560/601/578
f 546/599/579 578/628/579 547/602/579
f 1226/629/580 573/600/580 604/626/580
f 560/601/581 592/630/581 561/604/581
f 547/602/582 579/631/582 548/605/582
f 562/606/583 592/630/583 593/632/583
f 549/607/584 579/631/584 580/633/584
f 562/606/585 594/634/585 563/608/585
f 550/609/586 580/633/586 581/635/586
f 563/608/587 595/636/587 564/610/587
f 550/609/588 582/637/588 551/611/588
f 564/610/589 596/638/589 565/612/589
f 552/613/590 582/637/590 583/639/590
f 566/614/591 596/638/591 597/640/591
f 553/615/592 583/639/592 584/641/592
f 566/614/593 598/642/593 567/616/593
f 553/615/594 585/643/594 554/617/594
f 567/616/595 599/644/595 568/618/595
f 554/617/596 586/645/596 555/619/596
f 568/618/597 600/646/597 569/620/597
f 556/621/598 586/645/598 587/647/598
f 543/623/599 1039/648/599 574/649/599
f 570/624/600 600/646/600 601/650/600
f 557/625/601 587/647/601 588/651/601
f 543/623/602 575/652/602 544/595/602
f 570/624/603 602/653/603 571/593/603
f 557/625/604 589/654/604 558/594/604
f 544/595/605 576/655/605 545/596/605
f 571/593/606 603/656/606 572/597/606
f 559/598/607 589/654/607 590/657/607
f 545/596/608 577/658/608 546/599/608
f 593/632/609 623/659/609 624/660/609
f 580/633/610 610/661/610 611/662/610
f 594/634/611 624/660/611 625/663/611
f 581/635/612 611/662/612 612/664/612
f 594/634/613 626/665/613 595/636/613
f 581/635/614 613/666/614 582/637/614
f 596/638/615 626/665/615 627/667/615
f 582/637/616 614/668/616 583/639/616
f 597/640/617 627/667/617 628/669/617
f 584/641/618 614/668/618 615/670/618
f 597/640/619 629/671/619 598/642/619
f 584/641/620 616/672/620 585/643/620
f 598/642/621 630/673/621 599/644/621
f 585/643/622 617/674/622 586/645/622
f 600/646/623 630/673/623 631/675/623
f 587/647/624 617/674/624 618/676/624
f 574/649/625 1039/677/625 605/678/625
f 600/646/626 632/679/626 601/650/626
f 588/651/627 618/676/627 619/680/627
f 574/649/628 606/681/628 575/652/628
f 602/653/629 632/679/629 633/682/629
f 588/651/630 620/683/630 589/654/630
f 575/652/631 607/684/631 576/655/631
f 602/653/632 634/685/632 603/656/632
f 590/657/633 620/683/633 621/686/633
f 576/655/634 608/687/634 577/658/634
f 603/656/635 635/688/635 604/626/635
f 590/657/636 622/689/636 591/627/636
f 578/628/637 608/687/637 609/690/637
f 1226/691/638 604/626/638 635/688/638
f 591/627/639 623/659/639 592/630/639
f 578/628/640 610/661/640 579/631/640
f 625/663/641 657/692/641 626/665/641
f 612/664/642 644/693/642 613/666/642
f 626/665/643 658/694/643 627/667/643
f 614/668/644 644/693/644 645/695/644
f 628/669/645 658/694/645 659/696/645
f 615/670/646 645/695/646 646/697/646
f 628/669/647 660/698/647 629/671/647
f 615/670/648 647/699/648 616/672/648
f 629/671/649 661/700/649 630/673/649
f 616/672/650 648/701/650 617/674/650
f 631/675/651 661/700/651 662/702/651
f 617/674/652 649/703/652 618/676/652
f 605/678/653 1039/704/653 636/705/653
f 631/675/654 663/706/654 632/679/654
f 619/680/655 649/703/655 650/707/655
f 605/678/656 637/708/656 606/681/656
f 633/682/657 663/706/657 664/709/657
f 619/680/658 651/710/658 620/683/658
f 607/684/659 637/708/659 638/711/659
f 633/682/660 665/712/660 634/685/660
f 621/686/661 651/710/661 652/713/661
f 607/684/662 639/714/662 608/687/662
f 635/688/663 665/712/663 666/715/663
f 621/686/664 653/716/664 622/689/664
f 608/687/665 640/717/665 609/690/665
f 1226/718/666 635/688/666 666/715/666
f 622/689/667 654/719/667 623/659/667
f 609/690/668 641/720/668 610/661/668
f 624/660/669 654/719/669 655/721/669
f 611/662/670 641/720/670 642/722/670
f 625/663/671 655/721/671 656/723/671
f 612/664/672 642/722/672 643/724/672
f 659/696/673 689/725/673 690/726/673
f 646/697/674 676/727/674 677/728/674
f 659/696/675 691/729/675 660/698/675
f 646/697/676 678/730/676 647/699/676
f 660/698/677 692/731/677 661/700/677
f 647/699/678 679/732/678 648/701/678
f 662/702/679 692/731/679 693/733/679
f 648/701/680 680/734/680 649/703/680
f 636/705/681 1039/735/681 667/736/681
f 663/706/682 693/733/682 694/737/682
f 650/707/683 680/734/683 681/738/683
f 636/705/684 668/739/684 637/708/684
f 664/709/685 694/737/685 695/740/685
f 650/707/686 682/741/686 651/710/686
f 638/711/687 668/739/687 669/742/687
f 664/709/688 696/743/688 665/712/688
f 652/713/689 682/741/689 683/744/689
f 638/711/690 670/745/690 639/714/690
f 666/715/691 696/743/691 697/746/691
f 652/713/692 684/747/692 653/716/692
f 639/714/693 671/748/693 640/717/693
f 1226/749/694 666/715/694 697/746/694
f 653/716/695 685/750/695 654/719/695
f 640/717/696 672/751/696 641/720/696
f 655/721/697 685/750/697 686/752/697
f 642/722/698 672/751/698 673/753/698
f 656/723/699 686/752/699 687/754/699
f 643/724/700 673/753/700 674/755/700
f 656/723/701 688/756/701 657/692/701
f 643/724/702 675/757/702 644/693/702
f 657/692/703 689/725/703 658/694/703
f 645/695/704 675/757/704 676/727/704
f 691/729/705 723/758/705 692/731/705
f 678/730/706 710/759/706 679/732/706
f 693/733/707 723/758/707 724/760/707
f 680/734/708 710/759/708 711/761/708
f 667/736/709 1039/762/709 698/763/709
f 693/733/710 725/764/710 694/737/710
f 681/738/711 711/761/711 712/765/711
f 667/736/712 699/766/712 668/739/712
f 694/737/713 726/767/713 695/740/713
f 681/738/714 713/768/714 682/741/714
f 668/739/715 700/769/715 669/742/715
f 695/740/716 727/770/716 696/743/716
f 682/741/717 714/771/717 683/744/717
f 669/742/718 701/772/718 670/745/718
f 697/746/719 727/770/719 728/773/719
f 683/744/720 715/774/720 684/747/720
f 671/748/721 701/772/721 702/775/721
f 1226/776/722 697/746/722 728/773/722
f 684/747/723 716/777/723 685/750/723
f 671/748/724 703/778/724 672/751/724
f 686/752/725 716/777/725 717/779/725
f 673/753/726 703/778/726 704/780/726
f 686/752/727 718/781/727 687/754/727
f 674/755/728 704/780/728 705/782/728
f 687/754/729 719/783/729 688/756/729
f 674/755/730 706/784/730 675/757/730
f 688/756/731 720/785/731 689/725/731
f 676/727/732 706/784/732 707/786/732
f 690/726/733 720/785/733 721/787/733
f 677/728/734 707/786/734 708/788/734
f 690/726/735 722/789/735 691/729/735
f 678/730/736 708/788/736 709/790/736
f 698/763/737 1039/791/737 729/792/737
f 725/764/738 755/793/738 756/794/738
f 712/765/739 742/795/739 743/796/739
f 698/763/740 730/797/740 699/766/740
f 726/767/741 756/794/741 757/798/741
f 713/768/742 743/796/742 744/799/742
f 700/769/743 730/797/743 731/800/743
f 726/767/744 758/801/744 727/770/744
f 713/768/745 745/802/745 714/771/745
f 700/769/746 732/803/746 701/772/746
f 727/770/747 759/804/747 728/773/747
f 714/771/748 746/805/748 715/774/748
f 701/772/749 733/806/749 702/775/749
f 1226/807/750 728/773/750 759/804/750
f 715/774/751 747/808/751 716/777/751
f 702/775/752 734/809/752 703/778/752
f 717/779/753 747/808/753 748/810/753
f 704/780/754 734/809/754 735/811/754
f 717/779/755 749/812/755 718/781/755
f 705/782/756 735/811/756 736/813/756
f 718/781/757 750/814/757 719/783/757
f 705/782/758 737/815/758 706/784/758
f 719/783/759 751/816/759 720/785/759
f 707/786/760 737/815/760 738/817/760
f 721/787/761 751/816/761 752/818/761
f 708/788/762 738/817/762 739/819/762
f 721/787/763 753/820/763 722/789/763
f 709/790/764 739/819/764 740/821/764
f 722/789/765 754/822/765 723/758/765
f 709/790/766 741/823/766 710/759/766
f 724/760/767 754/822/767 755/793/767
f 710/759/768 742/795/768 711/761/768
f 731/800/769 761/824/769 762/825/769
f 757/798/770 789/826/770 758/801/770
f 744/799/771 776/827/771 745/802/771
f 731/800/772 763/828/772 732/803/772
f 759/804/773 789/826/773 790/829/773
f 745/802/774 777/830/774 746/805/774
f 733/806/775 763/828/775 764/831/775
f 1226/832/776 759/804/776 790/829/776
f 746/805/777 778/833/777 747/808/777
f 733/806/778 765/834/778 734/809/778
f 748/810/779 778/833/779 779/835/779
f 735/811/780 765/834/780 766/836/780
f 748/810/781 780/837/781 749/812/781
f 736/813/782 766/836/782 767/838/782
f 749/812/783 781/839/783 750/814/783
f 736/813/784 768/840/784 737/815/784
f 750/814/785 782/841/785 751/816/785
f 738/817/786 768/840/786 769/842/786
f 752/818/787 782/841/787 783/843/787
f 739/819/788 769/842/788 770/844/788
f 752/818/789 784/845/789 753/820/789
f 740/821/790 770/844/790 771/846/790
f 753/820/791 785/847/791 754/822/791
f 740/821/792 772/848/792 741/823/792
f 755/793/793 785/847/793 786/849/793
f 741/823/794 773/850/794 742/795/794
f 729/792/795 1039/851/795 760/852/795
f 755/793/796 787/853/796 756/794/796
f 743/796/797 773/850/797 774/854/797
f 729/792/798 761/824/798 730/797/798
f 757/798/799 787/853/799 788/855/799
f 744/799/800 774/854/800 775/856/800
f 763/828/801 795/857/801 764/831/801
f 1226/858/802 790/829/802 821/859/802
f 778/833/803 808/860/803 809/861/803
f 764/831/804 796/862/804 765/834/804
f 779/835/805 809/861/805 810/863/805
f 766/836/806 796/862/806 797/864/806
f 779/835/807 811/865/807 780/837/807
f 767/838/808 797/864/808 798/866/808
f 780/837/809 812/867/809 781/839/809
f 767/838/810 799/868/810 768/840/810
f 781/839/811 813/869/811 782/841/811
f 769/842/812 799/868/812 800/870/812
f 783/843/813 813/869/813 814/871/813
f 770/844/814 800/870/814 801/872/814
f 783/843/815 815/873/815 784/845/815
f 771/846/816 801/872/816 802/874/816
f 784/845/817 816/875/817 785/847/817
f 771/846/818 803/876/818 772/848/818
f 786/849/819 816/875/819 817/877/819
f 773/850/820 803/876/820 804/878/820
f 760/852/821 1039/879/821 791/880/821
f 786/849/822 818/881/822 787/853/822
f 774/854/823 804/878/823 805/882/823
f 760/852/824 792/883/824 761/824/824
f 788/855/825 818/881/825 819/884/825
f 775/856/826 805/882/826 806/885/826
f 762/825/827 792/883/827 793/886/827
f 788/855/828 820/887/828 789/826/828
f 775/856/829 807/888/829 776/827/829
f 762/825/830 794/889/830 763/828/830
f 790/829/831 820/887/831 821/859/831
f 776/827/832 808/860/832 777/830/832
f 806/885/833 838/890/833 807/888/833
f 794/889/834 824/891/834 825/892/834
f 821/859/835 851/893/835 852/894/835
f 807/888/836 839/895/836 808/860/836
f 795/857/837 825/892/837 826/896/837
f 1226/897/838 821/859/838 852/894/838
f 809/861/839 839/895/839 840/898/839
f 795/857/840 827/899/840 796/862/840
f 810/863/841 840/898/841 841/900/841
f 797/864/842 827/899/842 828/901/842
f 810/863/843 842/902/843 811/865/843
f 798/866/844 828/901/844 829/903/844
f 811/865/845 843/904/845 812/867/845
f 798/866/846 830/905/846 799/868/846
f 812/867/847 844/906/847 813/869/847
f 799/868/848 831/907/848 800/870/848
f 814/871/849 844/906/849 845/908/849
f 801/872/850 831/907/850 832/909/850
f 814/871/851 846/910/851 815/873/851
f 802/874/852 832/909/852 833/911/852
f 815/873/853 847/912/853 816/875/853
f 802/874/854 834/913/854 803/876/854
f 817/877/855 847/912/855 848/914/855
f 803/876/856 835/915/856 804/878/856
f 791/880/857 1039/916/857 822/917/857
f 817/877/858 849/918/858 818/881/858
f 805/882/859 835/915/859 836/919/859
f 791/880/860 823/920/860 792/883/860
f 819/884/861 849/918/861 850/921/861
f 806/885/862 836/919/862 837/922/862
f 793/886/863 823/920/863 824/891/863
f 819/884/864 851/893/864 820/887/864
f 840/898/865 870/923/865 871/924/865
f 826/896/866 858/925/866 827/899/866
f 841/900/867 871/924/867 872/926/867
f 828/901/868 858/925/868 859/927/868
f 841/900/869 873/928/869 842/902/869
f 829/903/870 859/927/870 860/929/870
f 842/902/871 874/930/871 843/904/871
f 829/903/872 861/931/872 830/905/872
f 843/904/873 875/932/873 844/906/873
f 830/905/874 862/933/874 831/907/874
f 845/908/875 875/932/875 876/934/875
f 832/909/876 862/933/876 863/935/876
f 845/908/877 877/936/877 846/910/877
f 833/911/878 863/935/878 864/937/878
f 846/910/879 878/938/879 847/912/879
f 833/911/880 865/939/880 834/913/880
f 848/914/881 878/938/881 879/940/881
f 834/913/882 866/941/882 835/915/882
f 822/917/883 1039/942/883 853/943/883
f 848/914/884 880/944/884 849/918/884
f 836/919/885 866/941/885 867/945/885
f 822/917/886 854/946/886 823/920/886
f 849/918/887 881/947/887 850/921/887
f 837/922/888 867/945/888 868/948/888
f 824/891/889 854/946/889 855/949/889
f 850/921/890 882/950/890 851/893/890
f 837/922/891 869/951/891 838/890/891
f 824/891/892 856/952/892 825/892/892
f 852/894/893 882/950/893 883/953/893
f 838/890/894 870/923/894 839/895/894
f 826/896/895 856/952/895 857/954/895
f 1226/955/896 852/894/896 883/953/896
f 872/926/897 904/956/897 873/928/897
f 860/929/898 890/957/898 891/958/898
f 873/928/899 905/959/899 874/930/899
f 860/929/900 892/960/900 861/931/900
f 875/932/901 905/959/901 906/961/901
f 861/931/902 893/962/902 862/933/902
f 876/934/903 906/961/903 907/963/903
f 863/935/904 893/962/904 894/964/904
f 876/934/905 908/965/905 877/936/905
f 864/937/906 894/964/906 895/966/906
f 877/936/907 909/967/907 878/938/907
f 864/937/908 896/968/908 865/939/908
f 879/940/909 909/967/909 910/969/909
f 865/939/910 897/970/910 866/941/910
f 853/943/911 1039/971/911 884/972/911
f 880/944/912 910/969/912 911/973/912
f 867/945/913 897/970/913 898/974/913
f 853/943/914 885/975/914 854/946/914
f 881/947/915 911/973/915 912/976/915
f 868/948/916 898/974/916 899/977/916
f 855/949/917 885/975/917 886/978/917
f 881/947/918 913/979/918 882/950/918
f 868/948/919 900/980/919 869/951/919
f 855/949/920 887/981/920 856/952/920
f 882/950/921 914/982/921 883/953/921
f 869/951/922 901/983/922 870/923/922
f 856/952/923 888/984/923 857/954/923
f 1226/985/924 883/953/924 914/982/924
f 871/924/925 901/983/925 902/986/925
f 857/954/926 889/987/926 858/925/926
f 872/926/927 902/986/927 903/988/927
f 858/925/928 890/957/928 859/927/928
f 906/961/929 936/989/929 937/990/929
f 892/960/930 924/991/930 893/962/930
f 907/963/931 937/990/931 938/992/931
f 894/964/932 924/991/932 925/993/932
f 907/963/933 939/994/933 908/965/933
f 894/964/934 926/995/934 895/966/934
f 908/965/935 940/996/935 909/967/935
f 895/966/936 927/997/936 896/968/936
f 910/969/937 940/996/937 941/998/937
f 896/968/938 928/999/938 897/970/938
f 884/972/939 1039/1000/939 915/1001/939
f 910/969/940 942/1002/940 911/973/940
f 898/974/941 928/999/941 929/1003/941
f 884/972/942 916/1004/942 885/975/942
f 911/973/943 943/1005/943 912/976/943
f 899/977/944 929/1003/944 930/1006/944
f 886/978/945 916/1004/945 917/1007/945
f 912/976/946 944/1008/946 913/979/946
f 899/977/947 931/1009/947 900/980/947
f 886/978/948 918/1010/948 887/981/948
f 914/982/949 944/1008/949 945/1011/949
f 900/980/950 932/1012/950 901/983/950
f 887/981/951 919/1013/951 888/984/951
f 1226/1014/952 914/982/952 945/1011/952
f 902/986/953 932/1012/953 933/1015/953
f 888/984/954 920/1016/954 889/987/954
f 903/988/955 933/1015/955 934/1017/955
f 889/987/956 921/1018/956 890/957/956
f 903/988/957 935/1019/957 904/956/957
f 891/958/958 921/1018/958 922/1020/958
f 904/956/959 936/989/959 905/959/959
f 891/958/960 923/1021/960 892/960/960
f 938/992/961 970/1022/961 939/994/961
f 925/993/962 957/1023/962 926/995/962
f 939/994/963 971/1024/963 940/996/963
f 926/995/964 958/1025/964 927/997/964
f 941/998/965 971/1024/965 972/1026/965
f 927/997/966 959/1027/966 928/999/966
f 915/1001/967 1039/1028/967 946/1029/967
f 942/1002/968 972/1026/968 973/1030/968
f 929/1003/969 959/1027/969 960/1031/969
f 915/1001/970 947/1032/970 916/1004/970
f 942/1002/971 974/1033/971 943/1005/971
f 930/1006/972 960/1031/972 961/1034/972
f 916/1004/973 948/1035/973 917/1007/973
f 943/1005/974 975/1036/974 944/1008/974
f 930/1006/975 962/1037/975 931/1009/975
f 918/1010/976 948/1035/976 949/1038/976
f 945/1011/977 975/1036/977 976/1039/977
f 931/1009/978 963/1040/978 932/1012/978
f 918/1010/979 950/1041/979 919/1013/979
f 1226/1042/980 945/1011/980 976/1039/980
f 933/1015/981 963/1040/981 964/1043/981
f 919/1013/982 951/1044/982 920/1016/982
f 934/1017/983 964/1043/983 965/1045/983
f 921/1018/984 951/1044/984 952/1046/984
f 935/1019/985 965/1045/985 966/1047/985
f 922/1020/986 952/1046/986 953/1048/986
f 935/1019/987 967/1049/987 936/989/987
f 922/1020/988 954/1050/988 923/1021/988
f 937/990/989 967/1049/989 968/1051/989
f 923/1021/990 955/1052/990 924/991/990
f 938/992/991 968/1051/991 969/1053/991
f 925/993/992 955/1052/992 956/1054/992
f 972/1026/993 1002/1055/993 1003/1056/993
f 958/1025/994 990/1057/994 959/1027/994
f 946/1029/995 1039/1058/995 977/1059/995
f 972/1026/996 1004/1060/996 973/1030/996
f 960/1031/997 990/1057/997 991/1061/997
f 946/1029/998 978/1062/998 947/1032/998
f 974/1033/999 1004/1060/999 1005/1063/999
f 961/1034/1000 991/1061/1000 992/1064/1000
f 948/1035/1001 978/1062/1001 979/1065/1001
f 974/1033/1002 1006/1066/1002 975/1036/1002
f 961/1034/1003 993/1067/1003 962/1037/1003
f 948/1035/1004 980/1068/1004 949/1038/1004
f 975/1036/1005 1007/1069/1005 976/1039/1005
f 962/1037/1006 994/1070/1006 963/1040/1006
f 950/1041/1007 980/1068/1007 981/1071/1007
f 1226/1072/1008 976/1039/1008 1007/1069/1008
f 964/1043/1009 994/1070/1009 995/1073/1009
f 950/1041/1010 982/1074/1010 951/1044/1010
f 965/1045/1011 995/1073/1011 996/1075/1011
f 951/1044/1012 983/1076/1012 952/1046/1012
f 965/1045/1013 997/1077/1013 966/1047/1013
f 953/1048/1014 983/1076/1014 984/1078/1014
f 966/1047/1015 998/1079/1015 967/1049/1015
f 953/1048/1016 985/1080/1016 954/1050/1016
f 968/1051/1017 998/1079/1017 999/1081/1017
f 954/1050/1018 986/1082/1018 955/1052/1018
f 969/1053/1019 999/1081/1019 1000/1083/1019
f 956/1054/1020 986/1082/1020 987/1084/1020
f 969/1053/1021 1001/1085/1021 970/1022/1021
f 956/1054/1022 988/1086/1022 957/1023/1022
f 970/1022/1023 1002/1055/1023 971/1024/1023
f 957/1023/1024 989/1087/1024 958/1025/1024
f 977/1059/1025 1009/1088/1025 978/1062/1025
f 1005/1063/1026 1035/1089/1026 1036/1090/1026
f 992/1064/1027 1022/1091/1027 1023/1092/1027
f 979/1065/1028 1009/1088/1028 1010/1093/1028
f 1005/1063/1029 1037/1094/1029 1006/1066/1029
f 992/1064/1030 1024/1095/1030 993/1067/1030
f 979/1065/1031 1011/1096/1031 980/1068/1031
f 1007/1069/1032 1037/1094/1032 1038/1097/1032
f 993/1067/1033 1025/1098/1033 994/1070/1033
f 980/1068/1034 1012/1099/1034 981/1071/1034
f 1226/1100/1035 1007/1069/1035 1038/1097/1035
f 995/1073/1036 1025/1098/1036 1026/1101/1036
f 981/1071/1037 1013/1102/1037 982/1074/1037
f 995/1073/1038 1027/1103/1038 996/1075/1038
f 982/1074/1039 1014/1104/1039 983/1076/1039
f 996/1075/1040 1028/1105/1040 997/1077/1040
f 984/1078/1041 1014/1104/1041 1015/1106/1041
f 997/1077/1042 1029/1107/1042 998/1079/1042
f 984/1078/1043 1016/1108/1043 985/1080/1043
f 999/1081/1044 1029/1107/1044 1030/1109/1044
f 985/1080/1045 1017/1110/1045 986/1082/1045
f 1000/1083/1046 1030/1109/1046 1031/1111/1046
f 987/1084/1047 1017/1110/1047 1018/1112/1047
f 1000/1083/1048 1032/1113/1048 1001/1085/1048
f 988/1086/1049 1018/1112/1049 1019/1114/1049
f 1001/1085/1050 1033/1115/1050 1002/1055/1050
f 989/1087/1051 1019/1114/1051 1020/1116/1051
f 1003/1056/1052 1033/1115/1052 1034/1117/1052
f 989/1087/1053 1021/1118/1053 990/1057/1053
f 977/1059/1054 1039/1119/1054 1008/1120/1054
f 1003/1056/1055 1035/1089/1055 1004/1060/1055
f 991/1061/1056 1021/1118/1056 1022/1091/1056
f 1010/1093/1057 1043/1121/1057 1011/1096/1057
f 1037/1094/1058 1070/1122/1058 1038/1097/1058
f 1024/1095/1059 1057/1123/1059 1025/1098/1059
f 1011/1096/1060 1044/1124/1060 1012/1099/1060
f 1226/1125/1061 1038/1097/1061 1070/1122/1061
f 1026/1101/1062 1057/1123/1062 1058/1126/1062
f 1012/1099/1063 1045/1127/1063 1013/1102/1063
f 1027/1103/1064 1058/1126/1064 1059/1128/1064
f 1014/1104/1065 1045/1127/1065 1046/1129/1065
f 1027/1103/1066 1060/1130/1066 1028/1105/1066
f 1015/1106/1067 1046/1129/1067 1047/1131/1067
f 1028/1105/1068 1061/1132/1068 1029/1107/1068
f 1015/1106/1069 1048/1133/1069 1016/1108/1069
f 1029/1107/1070 1062/1134/1070 1030/1109/1070
f 1017/1110/1071 1048/1133/1071 1049/1135/1071
f 1031/1111/1072 1062/1134/1072 1063/1136/1072
f 1018/1112/1073 1049/1135/1073 1050/1137/1073
f 1031/1111/1074 1064/1138/1074 1032/1113/1074
f 1019/1114/1075 1050/1137/1075 1051/1139/1075
f 1032/1113/1076 1065/1140/1076 1033/1115/1076
f 1019/1114/1077 1052/1141/1077 1020/1116/1077
f 1034/1117/1078 1065/1140/1078 1066/1142/1078
f 1020/1116/1079 1053/1143/1079 1021/1118/1079
f 1008/1120/1080 1039/1144/1080 1040/1145/1080
f 1035/1089/1081 1066/1142/1081 1067/1146/1081
f 1022/1091/1082 1053/1143/1082 1054/1147/1082
f 1008/1120/1083 1041/1148/1083 1009/1088/1083
f 1035/1089/1084 1068/1149/1084 1036/1090/1084
f 1023/1092/1085 1054/1147/1085 1055/1150/1085
f 1010/1093/1086 1041/1148/1086 1042/1151/1086
f 1036/1090/1087 1069/1152/1087 1037/1094/1087
f 1023/1092/1088 1056/1153/1088 1024/1095/1088
f 1044/1124/1089 1076/1154/1089 1045/1127/1089
f 1058/1126/1090 1090/1155/1090 1059/1128/1090
f 1045/1127/1091 1077/1156/1091 1046/1129/1091
f 1059/1128/1092 1091/1157/1092 1060/1130/1092
f 1047/1131/1093 1077/1156/1093 1078/1158/1093
f 1060/1130/1094 1092/1159/1094 1061/1132/1094
f 1047/1131/1095 1079/1160/1095 1048/1133/1095
f 1062/1134/1096 1092/1159/1096 1093/1161/1096
f 1048/1133/1097 1080/1162/1097 1049/1135/1097
f 1063/1136/1098 1093/1161/1098 1094/1163/1098
f 1050/1137/1099 1080/1162/1099 1081/1164/1099
f 1063/1136/1100 1095/1165/1100 1064/1138/1100
f 1050/1137/1101 1082/1166/1101 1051/1139/1101
f 1064/1138/1102 1096/1167/1102 1065/1140/1102
f 1052/1141/1103 1082/1166/1103 1083/1168/1103
f 1066/1142/1104 1096/1167/1104 1097/1169/1104
f 1052/1141/1105 1084/1170/1105 1053/1143/1105
f 1040/1145/1106 1039/1171/1106 1071/1172/1106
f 1067/1146/1107 1097/1169/1107 1098/1173/1107
f 1054/1147/1108 1084/1170/1108 1085/1174/1108
f 1040/1145/1109 1072/1175/1109 1041/1148/1109
f 1068/1149/1110 1098/1173/1110 1099/1176/1110
f 1055/1150/1111 1085/1174/1111 1086/1177/1111
f 1041/1148/1112 1073/1178/1112 1042/1151/1112
f 1068/1149/1113 1100/1179/1113 1069/1152/1113
f 1055/1150/1114 1087/1180/1114 1056/1153/1114
f 1042/1151/1115 1074/1181/1115 1043/1121/1115
f 1070/1122/1116 1100/1179/1116 1101/1182/1116
f 1056/1153/1117 1088/1183/1117 1057/1123/1117
f 1043/1121/1118 1075/1184/1118 1044/1124/1118
f 1226/1185/1119 1070/1122/1119 1101/1182/1119
f 1058/1126/1120 1088/1183/1120 1089/1186/1120
f 1078/1158/1121 1108/1187/1121 1109/1188/1121
f 1091/1157/1122 1123/1189/1122 1092/1159/1122
f 1078/1158/1123 1110/1190/1123 1079/1160/1123
f 1093/1161/1124 1123/1189/1124 1124/1191/1124
f 1079/1160/1125 1111/1192/1125 1080/1162/1125
f 1094/1163/1126 1124/1191/1126 1125/1193/1126
f 1081/1164/1127 1111/1192/1127 1112/1194/1127
f 1094/1163/1128 1126/1195/1128 1095/1165/1128
f 1081/1164/1129 1113/1196/1129 1082/1166/1129
f 1096/1167/1130 1126/1195/1130 1127/1197/1130
f 1083/1168/1131 1113/1196/1131 1114/1198/1131
f 1097/1169/1132 1127/1197/1132 1128/1199/1132
f 1083/1168/1133 1115/1200/1133 1084/1170/1133
f 1071/1172/1134 1039/1201/1134 1102/1202/1134
f 1097/1169/1135 1129/1203/1135 1098/1173/1135
f 1085/1174/1136 1115/1200/1136 1116/1204/1136
f 1071/1172/1137 1103/1205/1137 1072/1175/1137
f 1098/1173/1138 1130/1206/1138 1099/1176/1138
f 1086/1177/1139 1116/1204/1139 1117/1207/1139
f 1072/1175/1140 1104/1208/1140 1073/1178/1140
f 1099/1176/1141 1131/1209/1141 1100/1179/1141
f 1086/1177/1142 1118/1210/1142 1087/1180/1142
f 1073/1178/1143 1105/1211/1143 1074/1181/1143
f 1101/1182/1144 1131/1209/1144 1132/1212/1144
f 1087/1180/1145 1119/1213/1145 1088/1183/1145
f 1075/1184/1146 1105/1211/1146 1106/1214/1146
f 1226/1215/1147 1101/1182/1147 1132/1212/1147
f 1089/1186/1148 1119/1213/1148 1120/1216/1148
f 1075/1184/1149 1107/1217/1149 1076/1154/1149
f 1089/1186/1150 1121/1218/1150 1090/1155/1150
f 1076/1154/1151 1108/1187/1151 1077/1156/1151
f 1091/1157/1152 1121/1218/1152 1122/1219/1152
f 1110/1190/1153 1142/1220/1153 1111/1192/1153
f 1125/1193/1154 1155/1221/1154 1156/1222/1154
f 1112/1194/1155 1142/1220/1155 1143/1223/1155
f 1125/1193/1156 1157/1224/1156 1126/1195/1156
f 1112/1194/1157 1144/1225/1157 1113/1196/1157
f 1126/1195/1158 1158/1226/1158 1127/1197/1158
f 1114/1198/1159 1144/1225/1159 1145/1227/1159
f 1128/1199/1160 1158/1226/1160 1159/1228/1160
f 1114/1198/1161 1146/1229/1161 1115/1200/1161
f 1102/1202/1162 1039/1230/1162 1133/1231/1162
f 1128/1199/1163 1160/1232/1163 1129/1203/1163
f 1116/1204/1164 1146/1229/1164 1147/1233/1164
f 1102/1202/1165 1134/1234/1165 1103/1205/1165
f 1130/1206/1166 1160/1232/1166 1161/1235/1166
f 1117/1207/1167 1147/1233/1167 1148/1236/1167
f 1103/1205/1168 1135/1237/1168 1104/1208/1168
f 1130/1206/1169 1162/1238/1169 1131/1209/1169
f 1117/1207/1170 1149/1239/1170 1118/1210/1170
f 1104/1208/1171 1136/1240/1171 1105/1211/1171
f 1132/1212/1172 1162/1238/1172 1163/1241/1172
f 1118/1210/1173 1150/1242/1173 1119/1213/1173
f 1106/1214/1174 1136/1240/1174 1137/1243/1174
f 1226/1244/1175 1132/1212/1175 1163/1241/1175
f 1120/1216/1176 1150/1242/1176 1151/1245/1176
f 1106/1214/1177 1138/1246/1177 1107/1217/1177
f 1120/1216/1178 1152/1247/1178 1121/1218/1178
f 1108/1187/1179 1138/1246/1179 1139/1248/1179
f 1121/1218/1180 1153/1249/1180 1122/1219/1180
f 1109/1188/1181 1139/1248/1181 1140/1250/1181
f 1122/1219/1182 1154/1251/1182 1123/1189/1182
f 1109/1188/1183 1141/1252/1183 1110/1190/1183
f 1124/1191/1184 1154/1251/1184 1155/1221/1184
f 1143/1223/1185 1175/1253/1185 1144/1225/1185
f 1157/1224/1186 1189/1254/1186 1158/1226/1186
f 1145/1227/1187 1175/1253/1187 1176/1255/1187
f 1159/1228/1188 1189/1254/1188 1190/1256/1188
f 1145/1227/1189 1177/1257/1189 1146/1229/1189
f 1133/1231/1190 1039/1258/1190 1164/1259/1190
f 1159/1228/1191 1191/1260/1191 1160/1232/1191
f 1147/1233/1192 1177/1257/1192 1178/1261/1192
f 1133/1231/1193 1165/1262/1193 1134/1234/1193
f 1161/1235/1194 1191/1260/1194 1192/1263/1194
f 1148/1236/1195 1178/1261/1195 1179/1264/1195
f 1134/1234/1196 1166/1265/1196 1135/1237/1196
f 1161/1235/1197 1193/1266/1197 1162/1238/1197
f 1148/1236/1198 1180/1267/1198 1149/1239/1198
f 1136/1240/1199 1166/1265/1199 1167/1268/1199
f 1163/1241/1200 1193/1266/1200 1194/1269/1200
f 1149/1239/1201 1181/1270/1201 1150/1242/1201
f 1137/1243/1202 1167/1268/1202 1168/1271/1202
f 1226/1272/1203 1163/1241/1203 1194/1269/1203
f 1151/1245/1204 1181/1270/1204 1182/1273/1204
f 1137/1243/1205 1169/1274/1205 1138/1246/1205
f 1151/1245/1206 1183/1275/1206 1152/1247/1206
f 1139/1248/1207 1169/1274/1207 1170/1276/1207
f 1153/1249/1208 1183/1275/1208 1184/1277/1208
f 1140/1250/1209 1170/1276/1209 1171/1278/1209
f 1153/1249/1210 1185/1279/1210 1154/1251/1210
f 1140/1250/1211 1172/1280/1211 1141/1252/1211
f 1154/1251/1212 1186/1281/1212 1155/1221/1212
f 1142/1220/1213 1172/1280/1213 1173/1282/1213
f 1156/1222/1214 1186/1281/1214 1187/1283/1214
f 1143/1223/1215 1173/1282/1215 1174/1284/1215
f 1156/1222/1216 1188/1285/1216 1157/1224/1216
f 1176/1255/1217 1208/1286/1217 1177/1257/1217
f 1164/1259/1218 1039/1287/1218 1195/1288/1218
f 1190/1256/1219 1222/1289/1219 1191/1260/1219
f 1178/1261/1220 1208/1286/1220 1209/1290/1220
f 1164/1259/1221 1196/1291/1221 1165/1262/1221
f 1192/1263/1222 1222/1289/1222 1223/1292/1222
f 1179/1264/1223 1209/1290/1223 1210/1293/1223
f 1166/1265/1224 1196/1291/1224 1197/1294/1224
f 1193/1266/1225 1223/1292/1225 1224/1295/1225
f 1179/1264/1226 1211/1296/1226 1180/1267/1226
f 1166/1265/1227 1198/1297/1227 1167/1268/1227
f 1193/1266/1228 1225/1298/1228 1194/1269/1228
f 1180/1267/1229 1212/1299/1229 1181/1270/1229
f 1167/1268/1230 1199/1300/1230 1168/1271/1230
f 1226/1301/1231 1194/1269/1231 1225/1298/1231
f 1182/1273/1232 1212/1299/1232 1213/1302/1232
f 1168/1271/1233 1200/1303/1233 1169/1274/1233
f 1182/1273/1234 1214/1304/1234 1183/1275/1234
f 1169/1274/1235 1201/1305/1235 1170/1276/1235
f 1183/1275/1236 1215/1306/1236 1184/1277/1236
f 1171/1278/1237 1201/1305/1237 1202/1307/1237
f 1184/1277/1238 1216/1308/1238 1185/1279/1238
f 1171/1278/1239 1203/1309/1239 1172/1280/1239
f 1186/1281/1240 1216/1308/1240 1217/1310/1240
f 1173/1282/1241 1203/1309/1241 1204/1311/1241
f 1187/1283/1242 1217/1310/1242 1218/1312/1242
f 1174/1284/1243 1204/1311/1243 1205/1313/1243
f 1187/1283/1244 1219/1314/1244 1188/1285/1244
f 1175/1253/1245 1205/1313/1245 1206/1315/1245
f 1189/1254/1246 1219/1314/1246 1220/1316/1246
f 1176/1255/1247 1206/1315/1247 1207/1317/1247
f 1190/1256/1248 1220/1316/1248 1221/1318/1248
f 1210/1293/1249 1241/1319/1249 1242/1320/1249
f 1197/1294/1250 1228/1321/1250 1229/1322/1250
f 1223/1292/1251 1256/1323/1251 1224/1295/1251
f 1210/1293/1252 1243/1324/1252 1211/1296/1252
f 1197/1294/1253 1230/1325/1253 1198/1297/1253
f 1224/1295/1254 1257/1326/1254 1225/1298/1254
f 1211/1296/1255 1244/1327/1255 1212/1299/1255
f 1198/1297/1256 1231/1328/1256 1199/1300/1256
f 1226/1329/1257 1225/1298/1257 1257/1326/1257
f 1213/1302/1258 1244/1327/1258 1245/1330/1258
f 1199/1300/1259 1232/1331/1259 1200/1303/1259
f 1213/1302/1260 1246/1332/1260 1214/1304/1260
f 1200/1303/1261 1233/1333/1261 1201/1305/1261
f 1214/1304/1262 1247/1334/1262 1215/1306/1262
f 1202/1307/1263 1233/1333/1263 1234/1335/1263
f 1215/1306/1264 1248/1336/1264 1216/1308/1264
f 1202/1307/1265 1235/1337/1265 1203/1309/1265
f 1217/1310/1266 1248/1336/1266 1249/1338/1266
f 1203/1309/1267 1236/1339/1267 1204/1311/1267
f 1218/1312/1268 1249/1338/1268 1250/1340/1268
f 1205/1313/1269 1236/1339/1269 1237/1341/1269
f 1218/1312/1270 1251/1342/1270 1219/1314/1270
f 1206/1315/1271 1237/1341/1271 1238/1343/1271
f 1219/1314/1272 1252/1344/1272 1220/1316/1272
f 1207/1317/1273 1238/1343/1273 1239/1345/1273
f 1221/1318/1274 1252/1344/1274 1253/1346/1274
f 1207/1317/1275 1240/1347/1275 1208/1286/1275
f 1195/1288/1276 1039/1348/1276 1227/1349/1276
f 1221/1318/1277 1254/1350/1277 1222/1289/1277
f 1209/1290/1278 1240/1347/1278 1241/1319/1278
f 1195/1288/1279 1228/1321/1279 1196/1291/1279
f 1222/1289/1280 1255/1351/1280 1223/1292/1280
f 1243/1324/1281 1275/1352/1281 1244/1327/1281
f 1231/1328/1282 1261/1353/1282 1262/1354/1282
f 1226/1355/1283 1257/1326/1283 1288/1356/1283
f 1245/1330/1284 1275/1352/1284 1276/1357/1284
f 1231/1328/1285 1263/1358/1285 1232/1331/1285
f 1246/1332/1286 1276/1357/1286 1277/1359/1286
f 1232/1331/1287 1264/1360/1287 1233/1333/1287
f 1246/1332/1288 1278/1361/1288 1247/1334/1288
f 1234/1335/1289 1264/1360/1289 1265/1362/1289
f 1247/1334/1290 1279/1363/1290 1248/1336/1290
f 1234/1335/1291 1266/1364/1291 1235/1337/1291
f 1248/1336/1292 1280/1365/1292 1249/1338/1292
f 1236/1339/1293 1266/1364/1293 1267/1366/1293
f 1250/1340/1294 1280/1365/1294 1281/1367/1294
f 1237/1341/1295 1267/1366/1295 1268/1368/1295
f 1250/1340/1296 1282/1369/1296 1251/1342/1296
f 1238/1343/1297 1268/1368/1297 1269/1370/1297
f 1251/1342/1298 1283/1371/1298 1252/1344/1298
f 1238/1343/1299 1270/1372/1299 1239/1345/1299
f 1253/1346/1300 1283/1371/1300 1284/1373/1300
f 1239/1345/1301 1271/1374/1301 1240/1347/1301
f 1227/1349/1302 1039/1375/1302 1258/1376/1302
f 1253/1346/1303 1285/1377/1303 1254/1350/1303
f 1241/1319/1304 1271/1374/1304 1272/1378/1304
f 1227/1349/1305 1259/1379/1305 1228/1321/1305
f 1255/1351/1306 1285/1377/1306 1286/1380/1306
f 1242/1320/1307 1272/1378/1307 1273/1381/1307
f 1229/1322/1308 1259/1379/1308 1260/1382/1308
f 1255/1351/1309 1287/1383/1309 1256/1323/1309
f 1242/1320/1310 1274/1384/1310 1243/1324/1310
f 1229/1322/1311 1261/1353/1311 1230/1325/1311
f 1257/1326/1312 1287/1383/1312 1288/1356/1312
f 1276/1357/1313 1308/1385/1313 1277/1359/1313
f 1263/1358/1314 1295/1386/1314 1264/1360/1314
f 1277/1359/1315 1309/1387/1315 1278/1361/1315
f 1265/1362/1316 1295/1386/1316 1296/1388/1316
f 1278/1361/1317 1310/1389/1317 1279/1363/1317
f 1265/1362/1318 1297/1390/1318 1266/1364/1318
f 1279/1363/1319 1311/1391/1319 1280/1365/1319
f 1266/1364/1320 1298/1392/1320 1267/1366/1320
f 1281/1367/1321 1311/1391/1321 1312/1393/1321
f 1268/1368/1322 1298/1392/1322 1299/1394/1322
f 1281/1367/1323 1313/1395/1323 1282/1369/1323
f 1269/1370/1324 1299/1394/1324 1300/1396/1324
f 1283/1371/1325 1313/1395/1325 1314/1397/1325
f 1269/1370/1326 1301/1398/1326 1270/1372/1326
f 1284/1373/1327 1314/1397/1327 1315/1399/1327
f 1270/1372/1328 1302/1400/1328 1271/1374/1328
f 1258/1376/1329 1039/1401/1329 1289/1402/1329
f 1284/1373/1330 1316/1403/1330 1285/1377/1330
f 1272/1378/1331 1302/1400/1331 1303/1404/1331
f 1258/1376/1332 1290/1405/1332 1259/1379/1332
f 1286/1380/1333 1316/1403/1333 1317/1406/1333
f 1273/1381/1334 1303/1404/1334 1304/1407/1334
f 1260/1382/1335 1290/1405/1335 1291/1408/1335
f 1286/1380/1336 1318/1409/1336 1287/1383/1336
f 1273/1381/1337 1305/1410/1337 1274/1384/1337
f 1260/1382/1338 1292/1411/1338 1261/1353/1338
f 1288/1356/1339 1318/1409/1339 1319/1412/1339
f 1274/1384/1340 1306/1413/1340 1275/1352/1340
f 1261/1353/1341 1293/1414/1341 1262/1354/1341
f 1226/1415/1342 1288/1356/1342 1319/1412/1342
f 1276/1357/1343 1306/1413/1343 1307/1416/1343
f 1262/1354/1344 1294/1417/1344 1263/1358/1344
f 1309/1387/1345 1341/1418/1345 1310/1389/1345
f 1296/1388/1346 1328/1419/1346 1297/1390/1346
f 1311/1391/1347 1341/1418/1347 1342/1420/1347
f 1297/1390/1348 1329/1421/1348 1298/1392/1348
f 1312/1393/1349 1342/1420/1349 1343/1422/1349
f 1299/1394/1350 1329/1421/1350 1330/1423/1350
f 1312/1393/1351 1344/1424/1351 1313/1395/1351
f 1300/1396/1352 1330/1423/1352 1331/1425/1352
f 1313/1395/1353 1345/1426/1353 1314/1397/1353
f 1300/1396/1354 1332/1427/1354 1301/1398/1354
f 1315/1399/1355 1345/1426/1355 1346/1428/1355
f 1301/1398/1356 1333/1429/1356 1302/1400/1356
f 1289/1402/1357 1039/1430/1357 1320/1431/1357
f 1316/1403/1358 1346/1428/1358 1347/1432/1358
f 1303/1404/1359 1333/1429/1359 1334/1433/1359
f 1289/1402/1360 1321/1434/1360 1290/1405/1360
f 1316/1403/1361 1348/1435/1361 1317/1406/1361
f 1304/1407/1362 1334/1433/1362 1335/1436/1362
f 1291/1408/1363 1321/1434/1363 1322/1437/1363
f 1317/1406/1364 1349/1438/1364 1318/1409/1364
f 1304/1407/1365 1336/1439/1365 1305/1410/1365
f 1291/1408/1366 1323/1440/1366 1292/1411/1366
f 1319/1412/1367 1349/1438/1367 1350/1441/1367
f 1305/1410/1368 1337/1442/1368 1306/1413/1368
f 1293/1414/1369 1323/1440/1369 1324/1443/1369
f 1226/1444/1370 1319/1412/1370 1350/1441/1370
f 1307/1416/1371 1337/1442/1371 1338/1445/1371
f 1293/1414/1372 1325/1446/1372 1294/1417/1372
f 1308/1385/1373 1338/1445/1373 1339/1447/1373
f 1294/1417/1374 1326/1448/1374 1295/1386/1374
f 1308/1385/1375 1340/1449/1375 1309/1387/1375
f 1296/1388/1376 1326/1448/1376 1327/1450/1376
f 1343/1422/1377 1373/1451/1377 1374/1452/1377
f 1330/1423/1378 1360/1453/1378 1361/1454/1378
f 1343/1422/1379 1375/1455/1379 1344/1424/1379
f 1331/1425/1380 1361/1454/1380 1362/1456/1380
f 1344/1424/1381 1376/1457/1381 1345/1426/1381
f 1332/1427/1382 1362/1456/1382 1363/1458/1382
f 1346/1428/1383 1376/1457/1383 1377/1459/1383
f 1332/1427/1384 1364/1460/1384 1333/1429/1384
f 1320/1431/1385 1039/1461/1385 1351/1462/1385
f 1346/1428/1386 1378/1463/1386 1347/1432/1386
f 1334/1433/1387 1364/1460/1387 1365/1464/1387
f 1320/1431/1388 1352/1465/1388 1321/1434/1388
f 1348/1435/1389 1378/1463/1389 1379/1466/1389
f 1335/1436/1390 1365/1464/1390 1366/1467/1390
f 1322/1437/1391 1352/1465/1391 1353/1468/1391
f 1348/1435/1392 1380/1469/1392 1349/1438/1392
f 1335/1436/1393 1367/1470/1393 1336/1439/1393
f 1323/1440/1394 1353/1468/1394 1354/1471/1394
f 1350/1441/1395 1380/1469/1395 1381/1472/1395
f 1336/1439/1396 1368/1473/1396 1337/1442/1396
f 1324/1443/1397 1354/1471/1397 1355/1474/1397
f 1226/1475/1398 1350/1441/1398 1381/1472/1398
f 1338/1445/1399 1368/1473/1399 1369/1476/1399
f 1324/1443/1400 1356/1477/1400 1325/1446/1400
f 1338/1445/1401 1370/1478/1401 1339/1447/1401
f 1325/1446/1402 1357/1479/1402 1326/1448/1402
f 1339/1447/1403 1371/1480/1403 1340/1449/1403
f 1327/1450/1404 1357/1479/1404 1358/1481/1404
f 1340/1449/1405 1372/1482/1405 1341/1418/1405
f 1327/1450/1406 1359/1483/1406 1328/1419/1406
f 1342/1420/1407 1372/1482/1407 1373/1451/1407
f 1328/1419/1408 1360/1453/1408 1329/1421/1408
f 1375/1455/1409 1407/1484/1409 1376/1457/1409
f 1362/1456/1410 1394/1485/1410 1363/1458/1410
f 1377/1459/1411 1407/1484/1411 1408/1486/1411
f 1363/1458/1412 1395/1487/1412 1364/1460/1412
f 1351/1462/1413 1039/1488/1413 1382/1489/1413
f 1377/1459/1414 1409/1490/1414 1378/1463/1414
f 1365/1464/1415 1395/1487/1415 1396/1491/1415
f 1351/1462/1416 1383/1492/1416 1352/1465/1416
f 1379/1466/1417 1409/1490/1417 1410/1493/1417
f 1366/1467/1418 1396/1491/1418 1397/1494/1418
f 1352/1465/1419 1384/1495/1419 1353/1468/1419
f 1379/1466/1420 1411/1496/1420 1380/1469/1420
f 1366/1467/1421 1398/1497/1421 1367/1470/1421
f 1353/1468/1422 1385/1498/1422 1354/1471/1422
f 1380/1469/1423 1412/1499/1423 1381/1472/1423
f 1367/1470/1424 1399/1500/1424 1368/1473/1424
f 1354/1471/1425 1386/1501/1425 1355/1474/1425
f 1226/1502/1426 1381/1472/1426 1412/1499/1426
f 1369/1476/1427 1399/1500/1427 1400/1503/1427
f 1355/1474/1428 1387/1504/1428 1356/1477/1428
f 1370/1478/1429 1400/1503/1429 1401/1505/1429
f 1357/1479/1430 1387/1504/1430 1388/1506/1430
f 1370/1478/1431 1402/1507/1431 1371/1480/1431
f 1358/1481/1432 1388/1506/1432 1389/1508/1432
f 1371/1480/1433 1403/1509/1433 1372/1482/1433
f 1358/1481/1434 1390/1510/1434 1359/1483/1434
f 1373/1451/1435 1403/1509/1435 1404/1511/1435
f 1359/1483/1436 1391/1512/1436 1360/1453/1436
f 1374/1452/1437 1404/1511/1437 1405/1513/1437
f 1361/1454/1438 1391/1512/1438 1392/1514/1438
f 1374/1452/1439 1406/1515/1439 1375/1455/1439
f 1362/1456/1440 1392/1514/1440 1393/1516/1440
f 1408/1486/1441 1440/1517/1441 1409/1490/1441
f 1396/1491/1442 1426/1518/1442 1427/1519/1442
f 1382/1489/1443 1414/1520/1443 1383/1492/1443
f 1410/1493/1444 1440/1517/1444 1441/1521/1444
f 1397/1494/1445 1427/1519/1445 1428/1522/1445
f 1384/1495/1446 1414/1520/1446 1415/1523/1446
f 1410/1493/1447 1442/1524/1447 1411/1496/1447
f 1397/1494/1448 1429/1525/1448 1398/1497/1448
f 1384/1495/1449 1416/1526/1449 1385/1498/1449
f 1411/1496/1450 1443/1527/1450 1412/1499/1450
f 1398/1497/1451 1430/1528/1451 1399/1500/1451
f 1385/1498/1452 1417/1529/1452 1386/1501/1452
f 1226/1530/1453 1412/1499/1453 1443/1527/1453
f 1400/1503/1454 1430/1528/1454 1431/1531/1454
f 1386/1501/1455 1418/1532/1455 1387/1504/1455
f 1400/1503/1456 1432/1533/1456 1401/1505/1456
f 1387/1504/1457 1419/1534/1457 1388/1506/1457
f 1401/1505/1458 1433/1535/1458 1402/1507/1458
f 1389/1508/1459 1419/1534/1459 1420/1536/1459
f 1402/1507/1460 1434/1537/1460 1403/1509/1460
f 1389/1508/1461 1421/1538/1461 1390/1510/1461
f 1404/1511/1462 1434/1537/1462 1435/1539/1462
f 1390/1510/1463 1422/1540/1463 1391/1512/1463
f 1405/1513/1464 1435/1539/1464 1436/1541/1464
f 1392/1514/1465 1422/1540/1465 1423/1542/1465
f 1405/1513/1466 1437/1543/1466 1406/1515/1466
f 1393/1516/1467 1423/1542/1467 1424/1544/1467
f 1407/1484/1468 1437/1543/1468 1438/1545/1468
f 1393/1516/1469 1425/1546/1469 1394/1485/1469
f 1408/1486/1470 1438/1545/1470 1439/1547/1470
f 1394/1485/1471 1426/1518/1471 1395/1487/1471
f 1382/1489/1472 1039/1548/1472 1413/1549/1472
f 1441/1521/1473 1473/1550/1473 1442/1524/1473
f 1428/1522/1474 1460/1551/1474 1429/1525/1474
f 1416/1526/1475 1446/1552/1475 1447/1553/1475
f 1443/1527/1476 1473/1550/1476 1474/1554/1476
f 1429/1525/1477 1461/1555/1477 1430/1528/1477
f 1416/1526/1478 1448/1556/1478 1417/1529/1478
f 1226/1557/1479 1443/1527/1479 1474/1554/1479
f 1431/1531/1480 1461/1555/1480 1462/1558/1480
f 1417/1529/1481 1449/1559/1481 1418/1532/1481
f 1432/1533/1482 1462/1558/1482 1463/1560/1482
f 1418/1532/1483 1450/1561/1483 1419/1534/1483
f 1432/1533/1484 1464/1562/1484 1433/1535/1484
f 1420/1536/1485 1450/1561/1485 1451/1563/1485
f 1433/1535/1486 1465/1564/1486 1434/1537/1486
f 1420/1536/1487 1452/1565/1487 1421/1538/1487
f 1435/1539/1488 1465/1564/1488 1466/1566/1488
f 1422/1540/1489 1452/1565/1489 1453/1567/1489
f 1436/1541/1490 1466/1566/1490 1467/1568/1490
f 1423/1542/1491 1453/1567/1491 1454/1569/1491
f 1436/1541/1492 1468/1570/1492 1437/1543/1492
f 1424/1544/1493 1454/1569/1493 1455/1571/1493
f 1438/1545/1494 1468/1570/1494 1469/1572/1494
f 1425/1546/1495 1455/1571/1495 1456/1573/1495
f 1439/1547/1496 1469/1572/1496 1470/1574/1496
f 1425/1546/1497 1457/1575/1497 1426/1518/1497
f 1413/1549/1498 1039/1576/1498 1444/1577/1498
f 1439/1547/1499 1471/1578/1499 1440/1517/1499
f 1427/1519/1500 1457/1575/1500 1458/1579/1500
f 1413/1549/1501 1445/1580/1501 1414/1520/1501
f 1440/1517/1502 1472/1581/1502 1441/1521/1502
f 1428/1522/1503 1458/1579/1503 1459/1582/1503
f 1414/1520/1504 1446/1552/1504 1415/1523/1504
f 1226/1583/1505 1474/1554/1505 1505/1584/1505
f 1462/1558/1506 1492/1585/1506 1493/1586/1506
f 1448/1556/1507 1480/1587/1507 1449/1559/1507
f 1463/1560/1508 1493/1586/1508 1494/1588/1508
f 1449/1559/1509 1481/1589/1509 1450/1561/1509
f 1463/1560/1510 1495/1590/1510 1464/1562/1510
f 1451/1563/1511 1481/1589/1511 1482/1591/1511
f 1464/1562/1512 1496/1592/1512 1465/1564/1512
f 1451/1563/1513 1483/1593/1513 1452/1565/1513
f 1466/1566/1514 1496/1592/1514 1497/1594/1514
f 1452/1565/1515 1484/1595/1515 1453/1567/1515
f 1467/1568/1516 1497/1594/1516 1498/1596/1516
f 1454/1569/1517 1484/1595/1517 1485/1597/1517
f 1467/1568/1518 1499/1598/1518 1468/1570/1518
f 1455/1571/1519 1485/1597/1519 1486/1599/1519
f 1468/1570/1520 1500/1600/1520 1469/1572/1520
f 1455/1571/1521 1487/1601/1521 1456/1573/1521
f 1470/1574/1522 1500/1600/1522 1501/1602/1522
f 1456/1573/1523 1488/1603/1523 1457/1575/1523
f 1444/1577/1524 1039/1604/1524 1475/1605/1524
f 1470/1574/1525 1502/1606/1525 1471/1578/1525
f 1458/1579/1526 1488/1603/1526 1489/1607/1526
f 1444/1577/1527 1476/1608/1527 1445/1580/1527
f 1472/1581/1528 1502/1606/1528 1503/1609/1528
f 1459/1582/1529 1489/1607/1529 1490/1610/1529
f 1446/1552/1530 1476/1608/1530 1477/1611/1530
f 1472/1581/1531 1504/1612/1531 1473/1550/1531
f 1459/1582/1532 1491/1613/1532 1460/1551/1532
f 1446/1552/1533 1478/1614/1533 1447/1553/1533
f 1473/1550/1534 1505/1584/1534 1474/1554/1534
f 1460/1551/1535 1492/1585/1535 1461/1555/1535
f 1447/1553/1536 1479/1615/1536 1448/1556/1536
f 1494/1616/1537 1526/1617/1537 1495/1618/1537
f 1482/1619/1538 1512/1620/1538 1513/1621/1538
f 1495/1618/1539 1527/1622/1539 1496/1623/1539
f 1482/1619/1540 1514/1624/1540 1483/1625/1540
f 1497/1626/1541 1527/1622/1541 1528/1627/1541
f 1483/1625/1542 1515/1628/1542 1484/1629/1542
f 1498/1630/1543 1528/1627/1543 1529/1631/1543
f 1485/1632/1544 1515/1628/1544 1516/1633/1544
f 1498/1630/1545 1530/1634/1545 1499/1635/1545
f 1486/1636/1546 1516/1633/1546 1517/1637/1546
f 1500/1638/1547 1530/1634/1547 1531/1639/1547
f 1487/1640/1548 1517/1637/1548 1518/1641/1548
f 1501/1642/1549 1531/1639/1549 1532/1643/1549
f 1487/1640/1550 1519/1644/1550 1488/1645/1550
f 1475/1646/1551 1039/1647/1551 1506/1648/1551
f 1502/1649/1552 1532/1643/1552 1533/1650/1552
f 1489/1651/1553 1519/1644/1553 1520/1652/1553
f 1475/1646/1554 1507/1653/1554 1476/1654/1554
f 1503/1655/1555 1533/1650/1555 1534/1656/1555
f 1490/1657/1556 1520/1652/1556 1521/1658/1556
f 1477/1659/1557 1507/1653/1557 1508/1660/1557
f 1503/1655/1558 1535/1661/1558 1504/1662/1558
f 1490/1657/1559 1522/1663/1559 1491/1664/1559
f 1477/1659/1560 1509/1665/1560 1478/1666/1560
f 1504/1662/1561 1536/1667/1561 1505/1668/1561
f 1491/1664/1562 1523/1669/1562 1492/1670/1562
f 1479/1671/1563 1509/1665/1563 1510/1672/1563
f 1226/1673/1564 1505/1668/1564 1536/1667/1564
f 1493/1674/1565 1523/1669/1565 1524/1675/1565
f 1479/1671/1566 1511/1676/1566 1480/1677/1566
f 1493/1674/1567 1525/1678/1567 1494/1616/1567
f 1480/1677/1568 1512/1620/1568 1481/1679/1568
f 1528/1627/1569 1558/1680/1569 1559/1681/1569
f 1514/1624/1570 1546/1682/1570 1515/1628/1570
f 1529/1631/1571 1559/1681/1571 1560/1683/1571
f 1516/1633/1572 1546/1682/1572 1547/1684/1572
f 1529/1631/1573 1561/1685/1573 1530/1634/1573
f 1517/1637/1574 1547/1684/1574 1548/1686/1574
f 1530/1634/1575 1562/1687/1575 1531/1639/1575
f 1518/1641/1576 1548/1686/1576 1549/1688/1576
f 1532/1643/1577 1562/1687/1577 1563/1689/1577
f 1518/1641/1578 1550/1690/1578 1519/1644/1578
f 1506/1648/1579 1039/1691/1579 1537/1692/1579
f 1532/1643/1580 1564/1693/1580 1533/1650/1580
f 1520/1652/1581 1550/1690/1581 1551/1694/1581
f 1507/1653/1582 1537/1692/1582 1538/1695/1582
f 1534/1656/1583 1564/1693/1583 1565/1696/1583
f 1521/1658/1584 1551/1694/1584 1552/1697/1584
f 1508/1660/1585 1538/1695/1585 1539/1698/1585
f 1534/1656/1586 1566/1699/1586 1535/1661/1586
f 1521/1658/1587 1553/1700/1587 1522/1663/1587
f 1508/1660/1588 1540/1701/1588 1509/1665/1588
f 1535/1661/1589 1567/1702/1589 1536/1667/1589
f 1522/1663/1590 1554/1703/1590 1523/1669/1590
f 1510/1672/1591 1540/1701/1591 1541/1704/1591
f 1226/1705/1592 1536/1667/1592 1567/1702/1592
f 1524/1675/1593 1554/1703/1593 1555/1706/1593
f 1510/1672/1594 1542/1707/1594 1511/1676/1594
f 1524/1675/1595 1556/1708/1595 1525/1678/1595
f 1512/1620/1596 1542/1707/1596 1543/1709/1596
f 1525/1678/1597 1557/1710/1597 1526/1617/1597
f 1513/1621/1598 1543/1709/1598 1544/1711/1598
f 1526/1617/1599 1558/1680/1599 1527/1622/1599
f 1513/1621/1600 1545/1712/1600 1514/1624/1600
f 1560/1683/1601 1592/1713/1601 1561/1685/1601
f 1548/1686/1602 1578/1714/1602 1579/1715/1602
f 1561/1685/1603 1593/1716/1603 1562/1687/1603
f 1549/1688/1604 1579/1715/1604 1580/1717/1604
f 1563/1689/1605 1593/1716/1605 1594/1718/1605
f 1549/1688/1606 1581/1719/1606 1550/1690/1606
f 1537/1692/1607 1039/1720/1607 1568/1721/1607
f 1563/1689/1608 1595/1722/1608 1564/1693/1608
f 1551/1694/1609 1581/1719/1609 1582/1723/1609
f 1537/1692/1610 1569/1724/1610 1538/1695/1610
f 1565/1696/1611 1595/1722/1611 1596/1725/1611
f 1552/1697/1612 1582/1723/1612 1583/1726/1612
f 1538/1695/1613 1570/1727/1613 1539/1698/1613
f 1565/1696/1614 1597/1728/1614 1566/1699/1614
f 1552/1697/1615 1584/1729/1615 1553/1700/1615
f 1539/1698/1616 1571/1730/1616 1540/1701/1616
f 1566/1699/1617 1598/1731/1617 1567/1702/1617
f 1553/1700/1618 1585/1732/1618 1554/1703/1618
f 1540/1701/1619 1572/1733/1619 1541/1704/1619
f 1226/1734/1620 1567/1702/1620 1598/1731/1620
f 1555/1706/1621 1585/1732/1621 1586/1735/1621
f 1541/1704/1622 1573/1736/1622 1542/1707/1622
f 1555/1706/1623 1587/1737/1623 1556/1708/1623
f 1542/1707/1624 1574/1738/1624 1543/1709/1624
f 1556/1708/1625 1588/1739/1625 1557/1710/1625
f 1544/1711/1626 1574/1738/1626 1575/1740/1626
f 1557/1710/1627 1589/1741/1627 1558/1680/1627
f 1544/1711/1628 1576/1742/1628 1545/1712/1628
f 1559/1681/1629 1589/1741/1629 1590/1743/1629
f 1545/1712/1630 1577/1744/1630 1546/1682/1630
f 1560/1683/1631 1590/1743/1631 1591/1745/1631
f 1547/1684/1632 1577/1744/1632 1578/1714/1632
f 1590/1743/1633 1620/1746/1633 1621/1747/1633
f 1576/1742/1634 1608/1748/1634 1577/1744/1634
f 1591/1745/1635 1621/1747/1635 1622/1749/1635
f 1578/1714/1636 1608/1748/1636 1609/1750/1636
f 1591/1745/1637 1623/1751/1637 1592/1713/1637
f 1579/1715/1638 1609/1750/1638 1610/1752/1638
f 1592/1713/1639 1624/1753/1639 1593/1716/1639
f 1580/1717/1640 1610/1752/1640 1611/1754/1640
f 1594/1718/1641 1624/1753/1641 1625/1755/1641
f 1580/1717/1642 1612/1756/1642 1581/1719/1642
f 1568/1721/1643 1039/1757/1643 1599/1758/1643
f 1594/1718/1644 1626/1759/1644 1595/1722/1644
f 1582/1723/1645 1612/1756/1645 1613/1760/1645
f 1568/1721/1646 1600/1761/1646 1569/1724/1646
f 1596/1725/1647 1626/1759/1647 1627/1762/1647
f 1583/1726/1648 1613/1760/1648 1614/1763/1648
f 1569/1724/1649 1601/1764/1649 1570/1727/1649
f 1596/1725/1650 1628/1765/1650 1597/1728/1650
f 1583/1726/1651 1615/1766/1651 1584/1729/1651
f 1571/1730/1652 1601/1764/1652 1602/1767/1652
f 1597/1728/1653 1629/1768/1653 1598/1731/1653
f 1584/1729/1654 1616/1769/1654 1585/1732/1654
f 1572/1733/1655 1602/1767/1655 1603/1770/1655
f 1226/1771/1656 1598/1731/1656 1629/1768/1656
f 1586/1735/1657 1616/1769/1657 1617/1772/1657
f 1572/1733/1658 1604/1773/1658 1573/1736/1658
f 1586/1735/1659 1618/1774/1659 1587/1737/1659
f 1573/1736/1660 1605/1775/1660 1574/1738/1660
f 1587/1737/1661 1619/1776/1661 1588/1739/1661
f 1575/1740/1662 1605/1775/1662 1606/1777/1662
f 1588/1739/1663 1620/1746/1663 1589/1741/1663
f 1575/1740/1664 1607/1778/1664 1576/1742/1664
f 1622/1749/1665 1654/1779/1665 1623/1751/1665
f 1610/1752/1666 1640/1780/1666 1641/1781/1666
f 1623/1751/1667 1655/1782/1667 1624/1753/1667
f 1610/1752/1668 1642/1783/1668 1611/1754/1668
f 1625/1755/1669 1655/1782/1669 1656/1784/1669
f 1611/1754/1670 1643/1785/1670 1612/1756/1670
f 1599/1758/1671 1039/1786/1671 1630/1787/1671
f 1625/1755/1672 1657/1788/1672 1626/1759/1672
f 1613/1760/1673 1643/1785/1673 1644/1789/1673
f 1599/1758/1674 1631/1790/1674 1600/1761/1674
f 1626/1759/1675 1658/1791/1675 1627/1762/1675
f 1614/1763/1676 1644/1789/1676 1645/1792/1676
f 1600/1761/1677 1632/1793/1677 1601/1764/1677
f 1627/1762/1678 1659/1794/1678 1628/1765/1678
f 1614/1763/1679 1646/1795/1679 1615/1766/1679
f 1601/1764/1680 1633/1796/1680 1602/1767/1680
f 1629/1768/1681 1659/1794/1681 1660/1797/1681
f 1615/1766/1682 1647/1798/1682 1616/1769/1682
f 1602/1767/1683 1634/1799/1683 1603/1770/1683
f 1226/1800/1684 1629/1768/1684 1660/1797/1684
f 1617/1772/1685 1647/1798/1685 1648/1801/1685
f 1603/1770/1686 1635/1802/1686 1604/1773/1686
f 1617/1772/1687 1649/1803/1687 1618/1774/1687
f 1605/1775/1688 1635/1802/1688 1636/1804/1688
f 1618/1774/1689 1650/1805/1689 1619/1776/1689
f 1606/1777/1690 1636/1804/1690 1637/1806/1690
f 1619/1776/1691 1651/1807/1691 1620/1746/1691
f 1606/1777/1692 1638/1808/1692 1607/1778/1692
f 1621/1747/1693 1651/1807/1693 1652/1809/1693
f 1607/1778/1694 1639/1810/1694 1608/1748/1694
f 1622/1749/1695 1652/1809/1695 1653/1811/1695
f 1609/1750/1696 1639/1810/1696 1640/1780/1696
f 1656/1784/1697 1686/1812/1697 1687/1813/1697
f 1642/1783/1698 1674/1814/1698 1643/1785/1698
f 1630/1787/1699 1039/1815/1699 1661/1816/1699
f 1656/1784/1700 1688/1817/1700 1657/1788/1700
f 1644/1789/1701 1674/1814/1701 1675/1818/1701
f 1630/1787/1702 1662/1819/1702 1631/1790/1702
f 1657/1788/1703 1689/1820/1703 1658/1791/1703
f 1645/1792/1704 1675/1818/1704 1676/1821/1704
f 1631/1790/1705 1663/1822/1705 1632/1793/1705
f 1658/1791/1706 1690/1823/1706 1659/1794/1706
f 1645/1792/1707 1677/1824/1707 1646/1795/1707
f 1633/1796/1708 1663/1822/1708 1664/1825/1708
f 1660/1797/1709 1690/1823/1709 1691/1826/1709
f 1646/1795/1710 1678/1827/1710 1647/1798/1710
f 1634/1799/1711 1664/1825/1711 1665/1828/1711
f 1226/1829/1712 1660/1797/1712 1691/1826/1712
f 1648/1801/1713 1678/1827/1713 1679/1830/1713
f 1634/1799/1714 1666/1831/1714 1635/1802/1714
f 1648/1801/1715 1680/1832/1715 1649/1803/1715
f 1636/1804/1716 1666/1831/1716 1667/1833/1716
f 1649/1803/1717 1681/1834/1717 1650/1805/1717
f 1637/1806/1718 1667/1833/1718 1668/1835/1718
f 1650/1805/1719 1682/1836/1719 1651/1807/1719
f 1637/1806/1720 1669/1837/1720 1638/1808/1720
f 1651/1807/1721 1683/1838/1721 1652/1809/1721
f 1639/1810/1722 1669/1837/1722 1670/1839/1722
f 1653/1811/1723 1683/1838/1723 1684/1840/1723
f 1640/1780/1724 1670/1839/1724 1671/1841/1724
f 1653/1811/1725 1685/1842/1725 1654/1779/1725
f 1641/1781/1726 1671/1841/1726 1672/1843/1726
f 1655/1782/1727 1685/1842/1727 1686/1812/1727
f 1641/1781/1728 1673/1844/1728 1642/1783/1728
f 1661/1816/1729 1693/1845/1729 1662/1819/1729
f 1688/1817/1730 1720/1846/1730 1689/1820/1730
f 1676/1821/1731 1706/1847/1731 1707/1848/1731
f 1662/1819/1732 1694/1849/1732 1663/1822/1732
f 1689/1820/1733 1721/1850/1733 1690/1823/1733
f 1676/1821/1734 1708/1851/1734 1677/1824/1734
f 1663/1822/1735 1695/1852/1735 1664/1825/1735
f 1690/1823/1736 1722/1853/1736 1691/1826/1736
f 1677/1824/1737 1709/1854/1737 1678/1827/1737
f 1664/1825/1738 1696/1855/1738 1665/1828/1738
f 1226/1856/1739 1691/1826/1739 1722/1853/1739
f 1679/1830/1740 1709/1854/1740 1710/1857/1740
f 1665/1828/1741 1697/1858/1741 1666/1831/1741
f 1679/1830/1742 1711/1859/1742 1680/1832/1742
f 1667/1833/1743 1697/1858/1743 1698/1860/1743
f 1680/1832/1744 1712/1861/1744 1681/1834/1744
f 1668/1835/1745 1698/1860/1745 1699/1862/1745
f 1681/1834/1746 1713/1863/1746 1682/1836/1746
f 1668/1835/1747 1700/1864/1747 1669/1837/1747
f 1683/1838/1748 1713/1863/1748 1714/1865/1748
f 1669/1837/1749 1701/1866/1749 1670/1839/1749
f 1684/1840/1750 1714/1865/1750 1715/1867/1750
f 1671/1841/1751 1701/1866/1751 1702/1868/1751
f 1684/1840/1752 1716/1869/1752 1685/1842/1752
f 1672/1843/1753 1702/1868/1753 1703/1870/1753
f 1685/1842/1754 1717/1871/1754 1686/1812/1754
f 1673/1844/1755 1703/1870/1755 1704/1872/1755
f 1687/1813/1756 1717/1871/1756 1718/1873/1756
f 1673/1844/1757 1705/1874/1757 1674/1814/1757
f 1661/1816/1758 1039/1875/1758 1692/1876/1758
f 1687/1813/1759 1719/1877/1759 1688/1817/1759
f 1675/1818/1760 1705/1874/1760 1706/1847/1760
f 1694/1849/1761 1726/1878/1761 1695/1852/1761
f 1722/1853/1762 1752/1879/1762 1753/1880/1762
f 1708/1851/1763 1740/1881/1763 1709/1854/1763
f 1695/1852/1764 1727/1882/1764 1696/1855/1764
f 1226/1883/1765 1722/1853/1765 1753/1880/1765
f 1710/1857/1766 1740/1881/1766 1741/1884/1766
f 1696/1855/1767 1728/1885/1767 1697/1858/1767
f 1710/1857/1768 1742/1886/1768 1711/1859/1768
f 1697/1858/1769 1729/1887/1769 1698/1860/1769
f 1711/1859/1770 1743/1888/1770 1712/1861/1770
f 1699/1862/1771 1729/1887/1771 1730/1889/1771
f 1712/1861/1772 1744/1890/1772 1713/1863/1772
f 1699/1862/1773 1731/1891/1773 1700/1864/1773
f 1714/1865/1774 1744/1890/1774 1745/1892/1774
f 1700/1864/1775 1732/1893/1775 1701/1866/1775
f 1715/1867/1776 1745/1892/1776 1746/1894/1776
f 1702/1868/1777 1732/1893/1777 1733/1895/1777
f 1715/1867/1778 1747/1896/1778 1716/1869/1778
f 1703/1870/1779 1733/1895/1779 1734/1897/1779
f 1717/1871/1780 1747/1896/1780 1748/1898/1780
f 1704/1872/1781 1734/1897/1781 1735/1899/1781
f 1718/1873/1782 1748/1898/1782 1749/1900/1782
f 1704/1872/1783 1736/1901/1783 1705/1874/1783
f 1692/1876/1784 1039/1902/1784 1723/1903/1784
f 1718/1873/1785 1750/1904/1785 1719/1877/1785
f 1706/1847/1786 1736/1901/1786 1737/1905/1786
f 1692/1876/1787 1724/1906/1787 1693/1845/1787
f 1719/1877/1788 1751/1907/1788 1720/1846/1788
f 1707/1848/1789 1737/1905/1789 1738/1908/1789
f 1694/1849/1790 1724/1906/1790 1725/1909/1790
f 1720/1846/1791 1752/1879/1791 1721/1850/1791
f 1707/1848/1792 1739/1910/1792 1708/1851/1792
f 1727/1882/1793 1759/1911/1793 1728/1885/1793
f 1741/1884/1794 1773/1912/1794 1742/1886/1794
f 1728/1885/1795 1760/1913/1795 1729/1887/1795
f 1742/1886/1796 1774/1914/1796 1743/1888/1796
f 1730/1889/1797 1760/1913/1797 1761/1915/1797
f 1743/1888/1798 1775/1916/1798 1744/1890/1798
f 1730/1889/1799 1762/1917/1799 1731/1891/1799
f 1745/1892/1800 1775/1916/1800 1776/1918/1800
f 1731/1891/1801 1763/1919/1801 1732/1893/1801
f 1746/1894/1802 1776/1918/1802 1777/1920/1802
f 1733/1895/1803 1763/1919/1803 1764/1921/1803
f 1746/1894/1804 1778/1922/1804 1747/1896/1804
f 1734/1897/1805 1764/1921/1805 1765/1923/1805
f 1748/1898/1806 1778/1922/1806 1779/1924/1806
f 1734/1897/1807 1766/1925/1807 1735/1899/1807
f 1749/1900/1808 1779/1924/1808 1780/1926/1808
f 1735/1899/1809 1767/1927/1809 1736/1901/1809
f 1723/1903/1810 1039/1928/1810 1754/1929/1810
f 1749/1900/1811 1781/1930/1811 1750/1904/1811
f 1736/1901/1812 1768/1931/1812 1737/1905/1812
f 1723/1903/1813 1755/1932/1813 1724/1906/1813
f 1751/1907/1814 1781/1930/1814 1782/1933/1814
f 1738/1908/1815 1768/1931/1815 1769/1934/1815
f 1724/1906/1816 1756/1935/1816 1725/1909/1816
f 1751/1907/1817 1783/1936/1817 1752/1879/1817
f 1738/1908/1818 1770/1937/1818 1739/1910/1818
f 1725/1909/1819 1757/1938/1819 1726/1878/1819
f 1753/1880/1820 1783/1936/1820 1784/1939/1820
f 1739/1910/1821 1771/1940/1821 1740/1881/1821
f 1726/1878/1822 1758/1941/1822 1727/1882/1822
f 1226/1942/1823 1753/1880/1823 1784/1939/1823
f 1741/1884/1824 1771/1940/1824 1772/1943/1824
f 1761/1915/1825 1791/1944/1825 1792/1945/1825
f 1774/1914/1826 1806/1946/1826 1775/1916/1826
f 1761/1915/1827 1793/1947/1827 1762/1917/1827
f 1776/1918/1828 1806/1946/1828 1807/1948/1828
f 1762/1917/1829 1794/1949/1829 1763/1919/1829
f 1777/1920/1830 1807/1948/1830 1808/1950/1830
f 1764/1921/1831 1794/1949/1831 1795/1951/1831
f 1777/1920/1832 1809/1952/1832 1778/1922/1832
f 1765/1923/1833 1795/1951/1833 1796/1953/1833
f 1779/1924/1834 1809/1952/1834 1810/1954/1834
f 1766/1925/1835 1796/1953/1835 1797/1955/1835
f 1780/1926/1836 1810/1954/1836 1811/1956/1836
f 1766/1925/1837 1798/1957/1837 1767/1927/1837
f 1754/1929/1838 1039/1958/1838 1785/1959/1838
f 1781/1930/1839 1811/1956/1839 1812/1960/1839
f 1768/1931/1840 1798/1957/1840 1799/1961/1840
f 1754/1929/1841 1786/1962/1841 1755/1932/1841
f 1781/1930/1842 1813/1963/1842 1782/1933/1842
f 1769/1934/1843 1799/1961/1843 1800/1964/1843
f 1756/1935/1844 1786/1962/1844 1787/1965/1844
f 1782/1933/1845 1814/1966/1845 1783/1936/1845
f 1769/1934/1846 1801/1967/1846 1770/1937/1846
f 1756/1935/1847 1788/1968/1847 1757/1938/1847
f 1784/1939/1848 1814/1966/1848 1815/1969/1848
f 1770/1937/1849 1802/1970/1849 1771/1940/1849
f 1758/1941/1850 1788/1968/1850 1789/1971/1850
f 1226/1972/1851 1784/1939/1851 1815/1969/1851
f 1772/1943/1852 1802/1970/1852 1803/1973/1852
f 1758/1941/1853 1790/1974/1853 1759/1911/1853
f 1772/1943/1854 1804/1975/1854 1773/1912/1854
f 1759/1911/1855 1791/1944/1855 1760/1913/1855
f 1773/1912/1856 1805/1976/1856 1774/1914/1856
f 1793/1947/1857 1825/1977/1857 1794/1949/1857
f 1808/1950/1858 1838/1978/1858 1839/1979/1858
f 1795/1951/1859 1825/1977/1859 1826/1980/1859
f 1808/1950/1860 1840/1981/1860 1809/1952/1860
f 1795/1951/1861 1827/1982/1861 1796/1953/1861
f 1810/1954/1862 1840/1981/1862 1841/1983/1862
f 1797/1955/1863 1827/1982/1863 1828/1984/1863
f 1811/1956/1864 1841/1983/1864 1842/1985/1864
f 1797/1955/1865 1829/1986/1865 1798/1957/1865
f 1785/1959/1866 1039/1987/1866 1816/1988/1866
f 1811/1956/1867 1843/1989/1867 1812/1960/1867
f 1799/1961/1868 1829/1986/1868 1830/1990/1868
f 1785/1959/1869 1817/1991/1869 1786/1962/1869
f 1812/1960/1870 1844/1992/1870 1813/1963/1870
f 1800/1964/1871 1830/1990/1871 1831/1993/1871
f 1786/1962/1872 1818/1994/1872 1787/1965/1872
f 1813/1963/1873 1845/1995/1873 1814/1966/1873
f 1800/1964/1874 1832/1996/1874 1801/1967/1874
f 1787/1965/1875 1819/1997/1875 1788/1968/1875
f 1815/1969/1876 1845/1995/1876 1846/1998/1876
f 1801/1967/1877 1833/1999/1877 1802/1970/1877
f 1788/1968/1878 1820/2000/1878 1789/1971/1878
f 1226/2001/1879 1815/1969/1879 1846/1998/1879
f 1803/1973/1880 1833/1999/1880 1834/2002/1880
f 1789/1971/1881 1821/2003/1881 1790/1974/1881
f 1803/1973/1882 1835/2004/1882 1804/1975/1882
f 1790/1974/1883 1822/2005/1883 1791/1944/1883
f 1804/1975/1884 1836/2006/1884 1805/1976/1884
f 1792/1945/1885 1822/2005/1885 1823/2007/1885
f 1805/1976/1886 1837/2008/1886 1806/1946/1886
f 1792/1945/1887 1824/2009/1887 1793/1947/1887
f 1807/1948/1888 1837/2008/1888 1838/1978/1888
f 1826/1980/1889 1858/2010/1889 1827/1982/1889
f 1840/1981/1890 1872/2011/1890 1841/1983/1890
f 1828/1984/1891 1858/2010/1891 1859/2012/1891
f 1842/1985/1892 1872/2011/1892 1873/2013/1892
f 1828/1984/1893 1860/2014/1893 1829/1986/1893
f 1816/1988/1894 1039/2015/1894 1847/2016/1894
f 1842/1985/1895 1874/2017/1895 1843/1989/1895
f 1830/1990/1896 1860/2014/1896 1861/2018/1896
f 1816/1988/1897 1848/2019/1897 1817/1991/1897
f 1843/1989/1898 1875/2020/1898 1844/1992/1898
f 1831/1993/1899 1861/2018/1899 1862/2021/1899
f 1818/1994/1900 1848/2019/1900 1849/2022/1900
f 1844/1992/1901 1876/2023/1901 1845/1995/1901
f 1831/1993/1902 1863/2024/1902 1832/1996/1902
f 1819/1997/1903 1849/2022/1903 1850/2025/1903
f 1846/1998/1904 1876/2023/1904 1877/2026/1904
f 1832/1996/1905 1864/2027/1905 1833/1999/1905
f 1819/1997/1906 1851/2028/1906 1820/2000/1906
f 1226/2029/1907 1846/1998/1907 1877/2026/1907
f 1834/2002/1908 1864/2027/1908 1865/2030/1908
f 1820/2000/1909 1852/2031/1909 1821/2003/1909
f 1834/2002/1910 1866/2032/1910 1835/2004/1910
f 1821/2003/1911 1853/2033/1911 1822/2005/1911
f 1836/2006/1912 1866/2032/1912 1867/2034/1912
f 1823/2007/1913 1853/2033/1913 1854/2035/1913
f 1836/2006/1914 1868/2036/1914 1837/2008/1914
f 1823/2007/1915 1855/2037/1915 1824/2009/1915
f 1838/1978/1916 1868/2036/1916 1869/2038/1916
f 1824/2009/1917 1856/2039/1917 1825/1977/1917
f 1839/1979/1918 1869/2038/1918 1870/2040/1918
f 1826/1980/1919 1856/2039/1919 1857/2041/1919
f 1839/1979/1920 1871/2042/1920 1840/1981/1920
f 1859/2012/1921 1891/2043/1921 1860/2014/1921
f 1847/2016/1922 1039/2044/1922 1878/2045/1922
f 1873/2013/1923 1905/2046/1923 1874/2017/1923
f 1861/2018/1924 1891/2043/1924 1892/2047/1924
f 1847/2016/1925 1879/2048/1925 1848/2019/1925
f 1874/2017/1926 1906/2049/1926 1875/2020/1926
f 1862/2021/1927 1892/2047/1927 1893/2050/1927
f 1848/2019/1928 1880/2051/1928 1849/2022/1928
f 1875/2020/1929 1907/2052/1929 1876/2023/1929
f 1862/2021/1930 1894/2053/1930 1863/2024/1930
f 1849/2022/1931 1881/2054/1931 1850/2025/1931
f 1877/2026/1932 1907/2052/1932 1908/2055/1932
f 1863/2024/1933 1895/2056/1933 1864/2027/1933
f 1850/2025/1934 1882/2057/1934 1851/2028/1934
f 1226/2058/1935 1877/2026/1935 1908/2055/1935
f 1865/2030/1936 1895/2056/1936 1896/2059/1936
f 1851/2028/1937 1883/2060/1937 1852/2031/1937
f 1865/2030/1938 1897/2061/1938 1866/2032/1938
f 1853/2033/1939 1883/2060/1939 1884/2062/1939
f 1866/2032/1940 1898/2063/1940 1867/2034/1940
f 1854/2035/1941 1884/2062/1941 1885/2064/1941
f 1867/2034/1942 1899/2065/1942 1868/2036/1942
f 1854/2035/1943 1886/2066/1943 1855/2037/1943
f 1869/2038/1944 1899/2065/1944 1900/2067/1944
f 1855/2037/1945 1887/2068/1945 1856/2039/1945
f 1870/2040/1946 1900/2067/1946 1901/2069/1946
f 1857/2041/1947 1887/2068/1947 1888/2070/1947
f 1870/2040/1948 1902/2071/1948 1871/2042/1948
f 1857/2041/1949 1889/2072/1949 1858/2010/1949
f 1871/2042/1950 1903/2073/1950 1872/2011/1950
f 1859/2012/1951 1889/2072/1951 1890/2074/1951
f 1872/2011/1952 1904/2075/1952 1873/2013/1952
f 1893/2050/1953 1923/2076/1953 1924/2077/1953
f 1879/2048/1954 1911/2078/1954 1880/2051/1954
f 1906/2049/1955 1938/2079/1955 1907/2052/1955
f 1893/2050/1956 1925/2080/1956 1894/2053/1956
f 1880/2051/1957 1912/2081/1957 1881/2054/1957
f 1907/2052/1958 1939/2082/1958 1908/2055/1958
f 1894/2053/1959 1926/2083/1959 1895/2056/1959
f 1881/2054/1960 1913/2084/1960 1882/2057/1960
f 1226/2085/1961 1908/2055/1961 1939/2082/1961
f 1896/2059/1962 1926/2083/1962 1927/2086/1962
f 1882/2057/1963 1914/2087/1963 1883/2060/1963
f 1896/2059/1964 1928/2088/1964 1897/2061/1964
f 1883/2060/1965 1915/2089/1965 1884/2062/1965
f 1898/2063/1966 1928/2088/1966 1929/2090/1966
f 1885/2064/1967 1915/2089/1967 1916/2091/1967
f 1898/2063/1968 1930/2092/1968 1899/2065/1968
f 1885/2064/1969 1917/2093/1969 1886/2066/1969
f 1900/2067/1970 1930/2092/1970 1931/2094/1970
f 1886/2066/1971 1918/2095/1971 1887/2068/1971
f 1901/2069/1972 1931/2094/1972 1932/2096/1972
f 1888/2070/1973 1918/2095/1973 1919/2097/1973
f 1901/2069/1974 1933/2098/1974 1902/2071/1974
f 1888/2070/1975 1920/2099/1975 1889/2072/1975
f 1903/2073/1976 1933/2098/1976 1934/2100/1976
f 1890/2074/1977 1920/2099/1977 1921/2101/1977
f 1904/2075/1978 1934/2100/1978 1935/2102/1978
f 1890/2074/1979 1922/2103/1979 1891/2043/1979
f 1878/2045/1980 1039/2104/1980 1909/2105/1980
f 1904/2075/1981 1936/2106/1981 1905/2046/1981
f 1892/2047/1982 1922/2103/1982 1923/2076/1982
f 1878/2045/1983 1910/2107/1983 1879/2048/1983
f 1905/2046/1984 1937/2108/1984 1906/2049/1984
f 1925/2080/1985 1957/2109/1985 1926/2083/1985
f 1912/2081/1986 1944/2110/1986 1913/2084/1986
f 1226/2111/1987 1939/2082/1987 1970/2112/1987
f 1927/2086/1988 1957/2109/1988 1958/2113/1988
f 1913/2084/1989 1945/2114/1989 1914/2087/1989
f 1927/2086/1990 1959/2115/1990 1928/2088/1990
f 1915/2089/1991 1945/2114/1991 1946/2116/1991
f 1928/2088/1992 1960/2117/1992 1929/2090/1992
f 1916/2091/1993 1946/2116/1993 1947/2118/1993
f 1929/2090/1994 1961/2119/1994 1930/2092/1994
f 1916/2091/1995 1948/2120/1995 1917/2093/1995
f 1931/2094/1996 1961/2119/1996 1962/2121/1996
f 1917/2093/1997 1949/2122/1997 1918/2095/1997
f 1932/2096/1998 1962/2121/1998 1963/2123/1998
f 1919/2097/1999 1949/2122/1999 1950/2124/1999
f 1932/2096/2000 1964/2125/2000 1933/2098/2000
f 1919/2097/2001 1951/2126/2001 1920/2099/2001
f 1933/2098/2002 1965/2127/2002 1934/2100/2002
f 1921/2101/2003 1951/2126/2003 1952/2128/2003
f 1935/2102/2004 1965/2127/2004 1966/2129/2004
f 1921/2101/2005 1953/2130/2005 1922/2103/2005
f 1909/2105/2006 1039/2131/2006 1940/2132/2006
f 1936/2106/2007 1966/2129/2007 1967/2133/2007
f 1923/2076/2008 1953/2130/2008 1954/2134/2008
f 1909/2105/2009 1941/2135/2009 1910/2107/2009
f 1936/2106/2010 1968/2136/2010 1937/2108/2010
f 1924/2077/2011 1954/2134/2011 1955/2137/2011
f 1910/2107/2012 1942/2138/2012 1911/2078/2012
f 1937/2108/2013 1969/2139/2013 1938/2079/2013
f 1924/2077/2014 1956/2140/2014 1925/2080/2014
f 1912/2081/2015 1942/2138/2015 1943/2141/2015
f 1938/2079/2016 1970/2112/2016 1939/2082/2016
f 1958/2113/2017 12/28/2017 1959/2115/2017
f 1945/2114/2018 1973/30/2018 1946/2116/2018
f 1959/2115/2019 13/32/2019 1960/2117/2019
f 1947/2118/2020 1973/30/2020 1974/33/2020
f 1960/2117/2021 1979/36/2021 1961/2119/2021
f 1947/2118/2022 1975/37/2022 1948/2120/2022
f 1962/2121/2023 1979/36/2023 1980/40/2023
f 1948/2120/2024 1976/41/2024 1949/2122/2024
f 1963/2123/2025 1980/40/2025 1981/44/2025
f 1950/2124/2026 1976/41/2026 5/45/2026
f 1963/2123/2027 1982/48/2027 1964/2125/2027
f 1951/2126/2028 5/45/2028 6/50/2028
f 1964/2125/2029 1983/51/2029 1965/2127/2029
f 1952/2128/2030 6/50/2030 7/53/2030
f 1966/2129/2031 1983/51/2031 1984/55/2031
f 1952/2128/2032 1977/57/2032 1953/2130/2032
f 1940/2132/2033 1039/2142/2033 1/59/2033
f 1966/2129/2034 1985/1/2034 1967/2133/2034
f 1954/2134/2035 1977/57/2035 8/4/2035
f 1941/2135/2036 1/59/2036 2/7/2036
f 1968/2136/2037 1985/1/2037 14/3/2037
f 1955/2137/2038 8/4/2038 9/6/2038
f 1942/2138/2039 2/7/2039 3/9/2039
f 1969/2139/2040 14/3/2040 1986/11/2040
f 1955/2137/2041 10/13/2041 1956/2140/2041
f 1942/2138/2042 1971/14/2042 1943/2141/2042
f 1969/2139/2043 15/17/2043 1970/2112/2043
f 1956/2140/2044 1978/19/2044 1957/2109/2044
f 1944/2110/2045 1971/14/2045 4/20/2045
f 1226/2143/2046 1970/2112/2046 15/17/2046
f 1958/2113/2047 1978/19/2047 11/24/2047
f 1945/2114/2048 4/20/2048 1972/26/2048
f 1985/1/2049 43/62/2049 44/2/2049
f 8/4/2 30/63/2 31/5/2
f 2/7/3 17/64/3 18/8/3
f 14/3/4 44/2/4 45/10/4
f 9/6/5 31/5/5 32/12/5
f 1971/14/2050 3/9/2050 18/8/2050
f 1986/11/7 45/10/7 46/16/7
f 10/13/8 32/12/8 33/18/8
f 4/20/9 1971/14/9 19/15/9
f 1978/19/11 33/18/11 34/23/11
f 4/20/2051 20/21/2051 21/25/2051
f 11/24/13 34/23/13 35/27/13
f 1972/26/14 21/25/14 22/29/14
f 12/28/15 35/27/15 36/31/15
f 1974/33/16 1973/30/16 22/29/16
f 13/32/17 36/31/17 37/35/17
f 1975/37/18 1974/33/18 23/34/18
f 1979/36/19 37/35/19 38/39/19
f 1976/41/20 1975/37/20 24/38/20
f 1980/40/21 38/39/21 39/43/21
f 5/45/22 1976/41/22 25/42/22
f 1981/44/23 39/43/23 40/47/23
f 5/45/24 26/46/24 27/49/24
f 1983/51/25 1982/48/25 40/47/25
f 7/53/26 6/50/26 27/49/26
f 1984/55/2052 1983/51/2052 41/52/2052
f 1977/57/28 7/53/28 28/54/28
f 1984/55/30 42/56/30 43/62/30
f 1977/57/31 29/58/31 30/63/31
f 1/59/32 16/61/32 17/64/32
f 38/39/33 69/96/33 70/65/33
f 25/42/34 56/97/34 57/66/34
f 40/47/35 39/43/35 70/65/35
f 26/46/36 57/66/36 58/68/36
f 41/52/37 40/47/37 71/67/37
f 28/54/38 27/49/38 58/68/38
f 42/56/39 41/52/39 72/69/39
f 28/54/40 59/70/40 60/72/40
f 43/62/42 42/56/42 73/71/42
f 29/58/43 60/72/43 61/76/43
f 17/64/44 16/61/44 47/74/44
f 44/2/45 43/62/45 74/75/45
f 31/5/46 30/63/46 61/76/46
f 18/8/47 17/64/47 48/77/47
f 45/10/48 44/2/48 75/78/48
f 31/5/49 62/79/49 63/82/49
f 18/8/50 49/80/50 50/83/50
f 45/10/51 76/81/51 77/84/51
f 33/18/52 32/12/52 63/82/52
f 19/15/53 50/83/53 51/86/53
f 34/23/55 33/18/55 64/85/55
f 20/21/56 51/86/56 52/89/56
f 34/23/57 65/88/57 66/90/57
f 21/25/58 52/89/58 53/91/58
f 36/31/59 35/27/59 66/90/59
f 22/29/60 53/91/60 54/93/60
f 36/31/61 67/92/61 68/94/61
f 24/38/62 23/34/62 54/93/62
f 37/35/63 68/94/63 69/96/63
f 25/42/64 24/38/64 55/95/64
f 71/67/65 102/130/65 103/98/65
f 59/70/66 58/68/66 89/99/66
f 72/69/67 103/98/67 104/101/67
f 59/70/68 90/100/68 91/102/68
f 73/71/70 104/101/70 105/105/70
f 61/76/71 60/72/71 91/102/71
f 47/74/72 78/104/72 79/107/72
f 75/78/73 74/75/73 105/105/73
f 62/79/74 61/76/74 92/106/74
f 48/77/75 79/107/75 80/110/75
f 75/78/76 106/108/76 107/111/76
f 63/82/77 62/79/77 93/109/77
f 50/83/78 49/80/78 80/110/78
f 77/84/79 76/81/79 107/111/79
f 63/82/80 94/112/80 95/115/80
f 50/83/81 81/113/81 82/116/81
f 64/85/83 95/115/83 96/118/83
f 52/89/84 51/86/84 82/116/84
f 65/88/85 96/118/85 97/120/85
f 53/91/86 52/89/86 83/119/86
f 67/92/87 66/90/87 97/120/87
f 53/91/88 84/121/88 85/123/88
f 68/94/89 67/92/89 98/122/89
f 54/93/90 85/123/90 86/125/90
f 68/94/91 99/124/91 100/126/91
f 56/97/92 55/95/92 86/125/92
f 70/65/93 69/96/93 100/126/93
f 56/97/94 87/127/94 88/129/94
f 71/67/95 70/65/95 101/128/95
f 57/66/96 88/129/96 89/99/96
f 104/101/98 135/162/98 136/133/98
f 91/102/99 122/163/99 123/134/99
f 78/104/100 109/132/100 110/135/100
f 106/108/101 105/105/101 136/133/101
f 93/109/102 92/106/102 123/134/102
f 79/107/2053 110/135/2053 111/138/2053
f 106/108/104 137/136/104 138/139/104
f 93/109/105 124/137/105 125/140/105
f 80/110/106 111/138/106 112/141/106
f 108/114/107 107/111/107 138/139/107
f 95/115/108 94/112/108 125/140/108
f 81/113/109 112/141/109 113/144/109
f 95/115/111 126/143/111 127/146/111
f 82/116/112 113/144/112 114/147/112
f 96/118/113 127/146/113 128/148/113
f 84/121/114 83/119/114 114/147/114
f 98/122/115 97/120/115 128/148/115
f 84/121/116 115/149/116 116/151/116
f 99/124/117 98/122/117 129/150/117
f 85/123/118 116/151/118 117/153/118
f 99/124/119 130/152/119 131/154/119
f 87/127/120 86/125/120 117/153/120
f 101/128/121 100/126/121 131/154/121
f 87/127/122 118/155/122 119/157/122
f 101/128/123 132/156/123 133/158/123
f 88/129/124 119/157/124 120/159/124
f 102/130/125 133/158/125 134/160/125
f 90/100/126 89/99/126 120/159/126
f 103/98/2054 134/160/2054 135/162/2054
f 91/102/128 90/100/128 121/161/128
f 111/138/129 110/135/129 141/164/129
f 137/136/130 168/195/130 169/166/130
f 124/137/131 155/196/131 156/167/131
f 112/141/132 111/138/132 142/165/132
f 139/142/133 138/139/133 169/166/133
f 126/143/134 125/140/134 156/167/134
f 112/141/135 143/168/135 144/171/135
f 126/143/137 157/170/137 158/173/137
f 113/144/138 144/171/138 145/174/138
f 127/146/139 158/173/139 159/175/139
f 115/149/140 114/147/140 145/174/140
f 128/148/141 159/175/141 160/177/141
f 115/149/142 146/176/142 147/178/142
f 129/150/143 160/177/143 161/179/143
f 116/151/144 147/178/144 148/180/144
f 130/152/145 161/179/145 162/181/145
f 118/155/146 117/153/146 148/180/146
f 132/156/147 131/154/147 162/181/147
f 119/157/148 118/155/148 149/182/148
f 133/158/149 132/156/149 163/183/149
f 119/157/150 150/184/150 151/186/150
f 133/158/151 164/185/151 165/187/151
f 120/159/152 151/186/152 152/188/152
f 134/160/153 165/187/153 166/189/153
f 122/163/154 121/161/154 152/188/154
f 136/133/156 135/162/156 166/189/156
f 122/163/157 153/190/157 154/194/157
f 109/132/158 140/192/158 141/164/158
f 136/133/159 167/193/159 168/195/159
f 124/137/160 123/134/160 154/194/160
f 143/168/161 174/228/161 175/197/161
f 157/170/163 188/229/163 189/200/163
f 144/171/164 175/197/164 176/201/164
f 159/175/165 158/173/165 189/200/165
f 146/176/166 145/174/166 176/201/166
f 159/175/167 190/202/167 191/204/167
f 147/178/168 146/176/168 177/203/168
f 160/177/169 191/204/169 192/206/169
f 147/178/170 178/205/170 179/207/170
f 161/179/171 192/206/171 193/208/171
f 149/182/172 148/180/172 179/207/172
f 163/183/173 162/181/173 193/208/173
f 150/184/174 149/182/174 180/209/174
f 163/183/175 194/210/175 195/212/175
f 151/186/176 150/184/176 181/211/176
f 164/185/177 195/212/177 196/214/177
f 151/186/178 182/213/178 183/215/178
f 165/187/179 196/214/179 197/216/179
f 152/188/180 183/215/180 184/217/180
f 167/193/182 166/189/182 197/216/182
f 153/190/183 184/217/183 185/221/183
f 140/192/184 171/219/184 172/222/184
f 167/193/185 198/220/185 199/223/185
f 155/196/186 154/194/186 185/221/186
f 142/165/187 141/164/187 172/222/187
f 168/195/188 199/223/188 200/226/188
f 155/196/189 186/224/189 187/227/189
f 142/165/190 173/225/190 174/228/190
f 170/169/191 169/166/191 200/226/191
f 157/170/192 156/167/192 187/227/192
f 177/203/193 176/201/193 207/230/193
f 190/202/2055 221/262/2055 222/232/2055
f 178/205/195 177/203/195 208/231/195
f 191/204/196 222/232/196 223/234/196
f 178/205/197 209/233/197 210/235/197
f 192/206/198 223/234/198 224/236/198
f 180/209/199 179/207/199 210/235/199
f 194/210/200 193/208/200 224/236/200
f 181/211/201 180/209/201 211/237/201
f 194/210/202 225/238/202 226/240/202
f 181/211/203 212/239/203 213/241/203
f 195/212/204 226/240/204 227/242/204
f 182/213/205 213/241/205 214/243/205
f 197/216/206 196/214/206 227/242/206
f 184/217/207 183/215/207 214/243/207
f 197/216/209 228/244/209 229/248/209
f 184/217/210 215/245/210 216/249/210
f 172/222/2056 171/219/2056 202/247/2056
f 198/220/212 229/248/212 230/251/212
f 186/224/213 185/221/213 216/249/213
f 172/222/214 203/250/214 204/253/214
f 199/223/215 230/251/215 231/254/215
f 186/224/216 217/252/216 218/255/216
f 174/228/217 173/225/217 204/253/217
f 200/226/2057 231/254/2057 232/257/2057
f 188/229/219 187/227/219 218/255/219
f 174/228/220 205/256/220 206/259/220
f 188/229/222 219/258/222 220/261/222
f 175/197/223 206/259/223 207/230/223
f 190/202/224 189/200/224 220/261/224
f 209/233/225 240/295/225 241/263/225
f 224/236/226 223/234/226 254/264/226
f 210/235/227 241/263/227 242/266/227
f 225/238/228 224/236/228 255/265/228
f 212/239/229 211/237/229 242/266/229
f 225/238/230 256/267/230 257/269/230
f 213/241/231 212/239/231 243/268/231
f 226/240/232 257/269/232 258/271/232
f 213/241/233 244/270/233 245/272/233
f 228/244/234 227/242/234 258/271/234
f 215/245/235 214/243/235 245/272/235
f 228/244/237 259/273/237 260/277/237
f 215/245/2058 246/274/2058 247/278/2058
f 202/247/239 233/276/239 234/279/239
f 229/248/240 260/277/240 261/280/240
f 217/252/241 216/249/241 247/278/241
f 203/250/242 234/279/242 235/282/242
f 230/251/243 261/280/243 262/283/243
f 217/252/244 248/281/244 249/284/244
f 205/256/245 204/253/245 235/282/245
f 231/254/246 262/283/246 263/286/246
f 219/258/2059 218/255/2059 249/284/2059
f 206/259/248 205/256/248 236/285/248
f 219/258/250 250/287/250 251/290/250
f 206/259/251 237/288/251 238/291/251
f 221/262/252 220/261/252 251/290/252
f 207/230/253 238/291/253 239/293/253
f 221/262/254 252/292/254 253/294/254
f 209/233/255 208/231/255 239/293/255
f 222/232/256 253/294/256 254/264/256
f 243/268/257 242/266/257 273/296/257
f 256/267/258 287/328/258 288/298/258
f 244/270/259 243/268/259 274/297/259
f 257/269/260 288/298/260 289/300/260
f 244/270/261 275/299/261 276/301/261
f 259/273/262 258/271/262 289/300/262
f 246/274/263 245/272/263 276/301/263
f 259/273/265 290/302/265 291/306/265
f 246/274/266 277/303/266 278/307/266
f 233/276/2060 264/305/2060 265/308/2060
f 260/277/268 291/306/268 292/309/268
f 248/281/269 247/278/269 278/307/269
f 234/279/270 265/308/270 266/311/270
f 261/280/271 292/309/271 293/312/271
f 248/281/272 279/310/272 280/313/272
f 235/282/273 266/311/273 267/314/273
f 262/283/2061 293/312/2061 294/315/2061
f 249/284/275 280/313/275 281/316/275
f 237/288/276 236/285/276 267/314/276
f 250/287/278 281/316/278 282/319/278
f 237/288/279 268/317/279 269/320/279
f 252/292/280 251/290/280 282/319/280
f 239/293/281 238/291/281 269/320/281
f 252/292/282 283/321/282 284/323/282
f 240/295/283 239/293/283 270/322/283
f 253/294/284 284/323/284 285/325/284
f 240/295/285 271/324/285 272/326/285
f 254/264/286 285/325/286 286/327/286
f 241/263/287 272/326/287 273/296/287
f 256/267/288 255/265/288 286/327/288
f 275/299/289 306/361/289 307/329/289
f 290/302/290 289/300/290 320/330/290
f 277/303/291 276/301/291 307/329/291
f 290/302/293 321/331/293 322/335/293
f 277/303/294 308/332/294 309/336/294
f 265/308/295 264/305/295 295/334/295
f 291/306/296 322/335/296 323/338/296
f 279/310/297 278/307/297 309/336/297
f 266/311/298 265/308/298 296/337/298
f 292/309/299 323/338/299 324/341/299
f 279/310/300 310/339/300 311/342/300
f 266/311/301 297/340/301 298/343/301
f 293/312/302 324/341/302 325/344/302
f 280/313/303 311/342/303 312/345/303
f 268/317/304 267/314/304 298/343/304
f 281/316/306 312/345/306 313/348/306
f 268/317/307 299/346/307 300/349/307
f 283/321/308 282/319/308 313/348/308
f 269/320/309 300/349/309 301/351/309
f 283/321/310 314/350/310 315/352/310
f 271/324/311 270/322/311 301/351/311
f 284/323/312 315/352/312 316/354/312
f 271/324/313 302/353/313 303/355/313
f 286/327/314 285/325/314 316/354/314
f 272/326/315 303/355/315 304/357/315
f 287/328/316 286/327/316 317/356/316
f 274/297/317 273/296/317 304/357/317
f 287/328/318 318/358/318 319/360/318
f 274/297/319 305/359/319 306/361/319
f 289/300/320 288/298/320 319/360/320
f 309/336/321 308/332/321 339/362/321
f 295/334/322 326/394/322 327/364/322
f 323/338/323 322/335/323 353/365/323
f 309/336/324 340/363/324 341/367/324
f 296/337/325 327/364/325 328/368/325
f 324/341/326 323/338/326 354/366/326
f 310/339/327 341/367/327 342/370/327
f 297/340/328 328/368/328 329/371/328
f 325/344/329 324/341/329 355/369/329
f 311/342/330 342/370/330 343/373/330
f 299/346/331 298/343/331 329/371/331
f 312/345/333 343/373/333 344/376/333
f 299/346/334 330/374/334 331/377/334
f 314/350/335 313/348/335 344/376/335
f 301/351/336 300/349/336 331/377/336
f 314/350/337 345/378/337 346/380/337
f 302/353/338 301/351/338 332/379/338
f 315/352/339 346/380/339 347/382/339
f 302/353/340 333/381/340 334/383/340
f 316/354/341 347/382/341 348/384/341
f 303/355/342 334/383/342 335/385/342
f 318/358/343 317/356/343 348/384/343
f 305/359/344 304/357/344 335/385/344
f 318/358/345 349/386/345 350/388/345
f 306/361/346 305/359/346 336/387/346
f 319/360/347 350/388/347 351/390/347
f 306/361/348 337/389/348 338/391/348
f 321/331/349 320/330/349 351/390/349
f 308/332/350 307/329/350 338/391/350
f 321/331/352 352/392/352 353/365/352
f 342/370/353 341/367/353 372/395/353
f 329/371/354 328/368/354 359/397/354
f 356/372/355 355/369/355 386/399/355
f 342/370/356 373/396/356 374/401/356
f 329/371/357 360/398/357 361/402/357
f 343/373/359 374/401/359 375/404/359
f 330/374/360 361/402/360 362/405/360
f 345/378/361 344/376/361 375/404/361
f 331/377/362 362/405/362 363/407/362
f 345/378/363 376/406/363 377/408/363
f 333/381/364 332/379/364 363/407/364
f 346/380/365 377/408/365 378/410/365
f 333/381/366 364/409/366 365/411/366
f 348/384/367 347/382/367 378/410/367
f 334/383/368 365/411/368 366/413/368
f 349/386/369 348/384/369 379/412/369
f 336/387/370 335/385/370 366/413/370
f 349/386/371 380/414/371 381/416/371
f 337/389/372 336/387/372 367/415/372
f 350/388/373 381/416/373 382/418/373
f 337/389/374 368/417/374 369/419/374
f 352/392/375 351/390/375 382/418/375
f 339/362/376 338/391/376 369/419/376
f 352/392/378 383/420/378 384/424/378
f 340/363/379 339/362/379 370/421/379
f 326/394/380 357/423/380 358/426/380
f 353/365/381 384/424/381 385/427/381
f 340/363/382 371/425/382 372/395/382
f 327/364/383 358/426/383 359/397/383
f 354/366/384 385/427/384 386/399/384
f 374/401/385 405/458/385 406/428/385
f 361/402/386 392/459/386 393/429/386
f 376/406/387 375/404/387 406/428/387
f 362/405/388 393/429/388 394/431/388
f 376/406/389 407/430/389 408/432/389
f 364/409/390 363/407/390 394/431/390
f 377/408/391 408/432/391 409/434/391
f 364/409/392 395/433/392 396/435/392
f 378/410/393 409/434/393 410/436/393
f 365/411/394 396/435/394 397/437/394
f 380/414/395 379/412/395 410/436/395
f 367/415/396 366/413/396 397/437/396
f 380/414/397 411/438/397 412/440/397
f 367/415/398 398/439/398 399/441/398
f 381/416/399 412/440/399 413/442/399
f 368/417/400 399/441/400 400/443/400
f 383/420/401 382/418/401 413/442/401
f 370/421/402 369/419/402 400/443/402
f 383/420/404 414/444/404 415/448/404
f 371/425/405 370/421/405 401/445/405
f 357/423/406 388/447/406 389/450/406
f 384/424/407 415/448/407 416/451/407
f 371/425/408 402/449/408 403/452/408
f 359/397/409 358/426/409 389/450/409
f 385/427/410 416/451/410 417/454/410
f 373/396/411 372/395/411 403/452/411
f 360/398/412 359/397/412 390/453/412
f 386/399/413 417/454/413 418/457/413
f 373/396/414 404/455/414 405/458/414
f 361/402/415 360/398/415 391/456/415
f 407/430/417 438/493/417 439/461/417
f 395/433/418 394/431/418 425/462/418
f 408/432/419 439/461/419 440/464/419
f 395/433/420 426/463/420 427/465/420
f 410/436/421 409/434/421 440/464/421
f 396/435/422 427/465/422 428/467/422
f 411/438/423 410/436/423 441/466/423
f 398/439/424 397/437/424 428/467/424
f 411/438/425 442/468/425 443/470/425
f 399/441/426 398/439/426 429/469/426
f 412/440/427 443/470/427 444/472/427
f 399/441/428 430/471/428 431/473/428
f 414/444/429 413/442/429 444/472/429
f 401/445/430 400/443/430 431/473/430
f 415/448/2062 414/444/2062 445/474/2062
f 402/449/433 401/445/433 432/475/433
f 388/447/434 419/477/434 420/480/434
f 415/448/435 446/478/435 447/481/435
f 402/449/436 433/479/436 434/482/436
f 389/450/437 420/480/437 421/483/437
f 416/451/438 447/481/438 448/484/438
f 404/455/439 403/452/439 434/482/439
f 390/453/440 421/483/440 422/486/440
f 417/454/441 448/484/441 449/487/441
f 404/455/442 435/485/442 436/488/442
f 391/456/2063 422/486/2063 423/489/2063
f 405/458/445 436/488/445 437/491/445
f 392/459/446 423/489/446 424/492/446
f 407/430/447 406/428/447 437/491/447
f 393/429/448 424/492/448 425/462/448
f 440/464/449 471/525/449 472/494/449
f 427/465/450 458/526/450 459/495/450
f 442/468/451 441/466/451 472/494/451
f 429/469/452 428/467/452 459/495/452
f 442/468/453 473/496/453 474/498/453
f 429/469/454 460/497/454 461/499/454
f 443/470/455 474/498/455 475/500/455
f 430/471/456 461/499/456 462/501/456
f 445/474/457 444/472/457 475/500/457
f 432/475/458 431/473/458 462/501/458
f 446/478/460 445/474/460 476/502/460
f 433/479/461 432/475/461 463/503/461
f 419/477/462 450/505/462 451/508/462
f 446/478/463 477/506/463 478/509/463
f 433/479/464 464/507/464 465/510/464
f 420/480/465 451/508/465 452/511/465
f 447/481/466 478/509/466 479/512/466
f 435/485/467 434/482/467 465/510/467
f 422/486/468 421/483/468 452/511/468
f 449/487/469 448/484/469 479/512/469
f 435/485/470 466/513/470 467/516/470
f 422/486/471 453/514/471 454/517/471
f 436/488/473 467/516/473 468/519/473
f 423/489/474 454/517/474 455/520/474
f 438/493/475 437/491/475 468/519/475
f 425/462/476 424/492/476 455/520/476
f 438/493/477 469/521/477 470/523/477
f 426/463/478 425/462/478 456/522/478
f 439/461/479 470/523/479 471/525/479
f 426/463/480 457/524/480 458/526/480
f 473/496/481 504/558/481 505/527/481
f 460/497/482 491/559/482 492/528/482
f 474/498/483 505/527/483 506/529/483
f 461/499/484 492/528/484 493/530/484
f 476/502/485 475/500/485 506/529/485
f 463/503/486 462/501/486 493/530/486
f 476/502/488 507/531/488 508/535/488
f 464/507/489 463/503/489 494/532/489
f 450/505/490 481/534/490 482/537/490
f 478/509/491 477/506/491 508/535/491
f 464/507/492 495/536/492 496/539/492
f 452/511/493 451/508/493 482/537/493
f 479/512/494 478/509/494 509/538/494
f 466/513/495 465/510/495 496/539/495
f 452/511/496 483/540/496 484/543/496
f 479/512/497 510/541/497 511/544/497
f 466/513/498 497/542/498 498/545/498
f 453/514/499 484/543/499 485/546/499
f 467/516/501 498/545/501 499/548/501
f 454/517/502 485/546/502 486/549/502
f 469/521/503 468/519/503 499/548/503
f 455/520/504 486/549/504 487/551/504
f 469/521/505 500/550/505 501/552/505
f 457/524/506 456/522/506 487/551/506
f 470/523/507 501/552/507 502/554/507
f 457/524/508 488/553/508 489/555/508
f 472/494/509 471/525/509 502/554/509
f 458/526/510 489/555/510 490/557/510
f 473/496/511 472/494/511 503/556/511
f 460/497/512 459/495/512 490/557/512
f 507/531/513 506/529/513 537/560/513
f 494/532/514 493/530/514 524/562/514
f 507/531/516 538/561/516 539/566/516
f 495/536/517 494/532/517 525/563/517
f 481/534/518 512/565/518 513/568/518
f 508/535/519 539/566/519 540/569/519
f 495/536/520 526/567/520 527/570/520
f 483/540/521 482/537/521 513/568/521
f 509/538/522 540/569/522 541/572/522
f 497/542/523 496/539/523 527/570/523
f 483/540/524 514/571/524 515/574/524
f 510/541/525 541/572/525 542/575/525
f 497/542/526 528/573/526 529/576/526
f 484/543/527 515/574/527 516/577/527
f 498/545/529 529/576/529 530/579/529
f 485/546/530 516/577/530 517/580/530
f 500/550/531 499/548/531 530/579/531
f 486/549/532 517/580/532 518/582/532
f 500/550/533 531/581/533 532/583/533
f 488/553/534 487/551/534 518/582/534
f 501/552/535 532/583/535 533/585/535
f 488/553/536 519/584/536 520/586/536
f 503/556/537 502/554/537 533/585/537
f 489/555/538 520/586/538 521/588/538
f 504/558/539 503/556/539 534/587/539
f 491/559/540 490/557/540 521/588/540
f 504/558/541 535/589/541 536/591/541
f 492/528/542 491/559/542 522/590/542
f 506/529/543 505/527/543 536/591/543
f 492/528/544 523/592/544 524/562/544
f 539/566/545 570/624/545 571/593/545
f 526/567/546 557/625/546 558/594/546
f 514/571/547 513/568/547 544/595/547
f 540/569/548 571/593/548 572/597/548
f 528/573/549 527/570/549 558/594/549
f 514/571/550 545/596/550 546/599/550
f 541/572/551 572/597/551 573/600/551
f 528/573/552 559/598/552 560/601/552
f 515/574/553 546/599/553 547/602/553
f 529/576/555 560/601/555 561/604/555
f 516/577/556 547/602/556 548/605/556
f 531/581/557 530/579/557 561/604/557
f 517/580/558 548/605/558 549/607/558
f 531/581/559 562/606/559 563/608/559
f 519/584/560 518/582/560 549/607/560
f 532/583/561 563/608/561 564/610/561
f 519/584/562 550/609/562 551/611/562
f 534/587/563 533/585/563 564/610/563
f 520/586/564 551/611/564 552/613/564
f 535/589/565 534/587/565 565/612/565
f 522/590/566 521/588/566 552/613/566
f 535/589/567 566/614/567 567/616/567
f 522/590/568 553/615/568 554/617/568
f 537/560/569 536/591/569 567/616/569
f 523/592/570 554/617/570 555/619/570
f 538/561/571 537/560/571 568/618/571
f 525/563/572 524/562/572 555/619/572
f 538/561/574 569/620/574 570/624/574
f 526/567/575 525/563/575 556/621/575
f 512/565/576 543/623/576 544/595/576
f 572/597/577 603/656/577 604/626/577
f 559/598/578 590/657/578 591/627/578
f 546/599/579 577/658/579 578/628/579
f 560/601/581 591/627/581 592/630/581
f 547/602/582 578/628/582 579/631/582
f 562/606/583 561/604/583 592/630/583
f 549/607/584 548/605/584 579/631/584
f 562/606/585 593/632/585 594/634/585
f 550/609/586 549/607/586 580/633/586
f 563/608/587 594/634/587 595/636/587
f 550/609/588 581/635/588 582/637/588
f 564/610/589 595/636/589 596/638/589
f 552/613/590 551/611/590 582/637/590
f 566/614/591 565/612/591 596/638/591
f 553/615/592 552/613/592 583/639/592
f 566/614/593 597/640/593 598/642/593
f 553/615/594 584/641/594 585/643/594
f 567/616/595 598/642/595 599/644/595
f 554/617/596 585/643/596 586/645/596
f 568/618/597 599/644/597 600/646/597
f 556/621/598 555/619/598 586/645/598
f 570/624/600 569/620/600 600/646/600
f 557/625/601 556/621/601 587/647/601
f 543/623/2064 574/649/2064 575/652/2064
f 570/624/603 601/650/603 602/653/603
f 557/625/604 588/651/604 589/654/604
f 544/595/605 575/652/605 576/655/605
f 571/593/606 602/653/606 603/656/606
f 559/598/607 558/594/607 589/654/607
f 545/596/608 576/655/608 577/658/608
f 593/632/609 592/630/609 623/659/609
f 580/633/610 579/631/610 610/661/610
f 594/634/611 593/632/611 624/660/611
f 581/635/612 580/633/612 611/662/612
f 594/634/613 625/663/613 626/665/613
f 581/635/614 612/664/614 613/666/614
f 596/638/615 595/636/615 626/665/615
f 582/637/616 613/666/616 614/668/616
f 597/640/617 596/638/617 627/667/617
f 584/641/618 583/639/618 614/668/618
f 597/640/619 628/669/619 629/671/619
f 584/641/620 615/670/620 616/672/620
f 598/642/621 629/671/621 630/673/621
f 585/643/622 616/672/622 617/674/622
f 600/646/2065 599/644/2065 630/673/2065
f 587/647/624 586/645/624 617/674/624
f 600/646/626 631/675/626 632/679/626
f 588/651/627 587/647/627 618/676/627
f 574/649/628 605/678/628 606/681/628
f 602/653/629 601/650/629 632/679/629
f 588/651/630 619/680/630 620/683/630
f 575/652/631 606/681/631 607/684/631
f 602/653/632 633/682/632 634/685/632
f 590/657/633 589/654/633 620/683/633
f 576/655/634 607/684/634 608/687/634
f 603/656/635 634/685/635 635/688/635
f 590/657/636 621/686/636 622/689/636
f 578/628/637 577/658/637 608/687/637
f 591/627/639 622/689/639 623/659/639
f 578/628/2066 609/690/2066 610/661/2066
f 625/663/641 656/723/641 657/692/641
f 612/664/642 643/724/642 644/693/642
f 626/665/643 657/692/643 658/694/643
f 614/668/644 613/666/644 644/693/644
f 628/669/645 627/667/645 658/694/645
f 615/670/646 614/668/646 645/695/646
f 628/669/647 659/696/647 660/698/647
f 615/670/648 646/697/648 647/699/648
f 629/671/649 660/698/649 661/700/649
f 616/672/650 647/699/650 648/701/650
f 631/675/651 630/673/651 661/700/651
f 617/674/652 648/701/652 649/703/652
f 631/675/654 662/702/654 663/706/654
f 619/680/655 618/676/655 649/703/655
f 605/678/656 636/705/656 637/708/656
f 633/682/657 632/679/657 663/706/657
f 619/680/658 650/707/658 651/710/658
f 607/684/659 606/681/659 637/708/659
f 633/682/660 664/709/660 665/712/660
f 621/686/661 620/683/661 651/710/661
f 607/684/662 638/711/662 639/714/662
f 635/688/663 634/685/663 665/712/663
f 621/686/664 652/713/664 653/716/664
f 608/687/665 639/714/665 640/717/665
f 622/689/667 653/716/667 654/719/667
f 609/690/668 640/717/668 641/720/668
f 624/660/669 623/659/669 654/719/669
f 611/662/670 610/661/670 641/720/670
f 625/663/671 624/660/671 655/721/671
f 612/664/672 611/662/672 642/722/672
f 659/696/673 658/694/673 689/725/673
f 646/697/674 645/695/674 676/727/674
f 659/696/675 690/726/675 691/729/675
f 646/697/676 677/728/676 678/730/676
f 660/698/677 691/729/677 692/731/677
f 647/699/678 678/730/678 679/732/678
f 662/702/679 661/700/679 692/731/679
f 648/701/680 679/732/680 680/734/680
f 663/706/682 662/702/682 693/733/682
f 650/707/683 649/703/683 680/734/683
f 636/705/684 667/736/684 668/739/684
f 664/709/685 663/706/685 694/737/685
f 650/707/686 681/738/686 682/741/686
f 638/711/687 637/708/687 668/739/687
f 664/709/688 695/740/688 696/743/688
f 652/713/689 651/710/689 682/741/689
f 638/711/690 669/742/690 670/745/690
f 666/715/691 665/712/691 696/743/691
f 652/713/692 683/744/692 684/747/692
f 639/714/693 670/745/693 671/748/693
f 653/716/695 684/747/695 685/750/695
f 640/717/696 671/748/696 672/751/696
f 655/721/697 654/719/697 685/750/697
f 642/722/698 641/720/698 672/751/698
f 656/723/699 655/721/699 686/752/699
f 643/724/700 642/722/700 673/753/700
f 656/723/701 687/754/701 688/756/701
f 643/724/702 674/755/702 675/757/702
f 657/692/703 688/756/703 689/725/703
f 645/695/704 644/693/704 675/757/704
f 691/729/705 722/789/705 723/758/705
f 678/730/706 709/790/706 710/759/706
f 693/733/707 692/731/707 723/758/707
f 680/734/708 679/732/708 710/759/708
f 693/733/710 724/760/710 725/764/710
f 681/738/711 680/734/711 711/761/711
f 667/736/712 698/763/712 699/766/712
f 694/737/713 725/764/713 726/767/713
f 681/738/714 712/765/714 713/768/714
f 668/739/715 699/766/715 700/769/715
f 695/740/716 726/767/716 727/770/716
f 682/741/717 713/768/717 714/771/717
f 669/742/718 700/769/718 701/772/718
f 697/746/719 696/743/719 727/770/719
f 683/744/720 714/771/720 715/774/720
f 671/748/721 670/745/721 701/772/721
f 684/747/723 715/774/723 716/777/723
f 671/748/724 702/775/724 703/778/724
f 686/752/725 685/750/725 716/777/725
f 673/753/726 672/751/726 703/778/726
f 686/752/727 717/779/727 718/781/727
f 674/755/728 673/753/728 704/780/728
f 687/754/729 718/781/729 719/783/729
f 674/755/730 705/782/730 706/784/730
f 688/756/731 719/783/731 720/785/731
f 676/727/732 675/757/732 706/784/732
f 690/726/733 689/725/733 720/785/733
f 677/728/734 676/727/734 707/786/734
f 690/726/735 721/787/735 722/789/735
f 678/730/736 677/728/736 708/788/736
f 725/764/738 724/760/738 755/793/738
f 712/765/739 711/761/739 742/795/739
f 698/763/2067 729/792/2067 730/797/2067
f 726/767/741 725/764/741 756/794/741
f 713/768/742 712/765/742 743/796/742
f 700/769/743 699/766/743 730/797/743
f 726/767/744 757/798/744 758/801/744
f 713/768/745 744/799/745 745/802/745
f 700/769/746 731/800/746 732/803/746
f 727/770/747 758/801/747 759/804/747
f 714/771/748 745/802/748 746/805/748
f 701/772/749 732/803/749 733/806/749
f 715/774/751 746/805/751 747/808/751
f 702/775/752 733/806/752 734/809/752
f 717/779/753 716/777/753 747/808/753
f 704/780/754 703/778/754 734/809/754
f 717/779/755 748/810/755 749/812/755
f 705/782/756 704/780/756 735/811/756
f 718/781/757 749/812/757 750/814/757
f 705/782/758 736/813/758 737/815/758
f 719/783/759 750/814/759 751/816/759
f 707/786/760 706/784/760 737/815/760
f 721/787/761 720/785/761 751/816/761
f 708/788/762 707/786/762 738/817/762
f 721/787/763 752/818/763 753/820/763
f 709/790/764 708/788/764 739/819/764
f 722/789/765 753/820/765 754/822/765
f 709/790/766 740/821/766 741/823/766
f 724/760/767 723/758/767 754/822/767
f 710/759/768 741/823/768 742/795/768
f 731/800/769 730/797/769 761/824/769
f 757/798/770 788/855/770 789/826/770
f 744/799/771 775/856/771 776/827/771
f 731/800/772 762/825/772 763/828/772
f 759/804/773 758/801/773 789/826/773
f 745/802/774 776/827/774 777/830/774
f 733/806/775 732/803/775 763/828/775
f 746/805/777 777/830/777 778/833/777
f 733/806/778 764/831/778 765/834/778
f 748/810/779 747/808/779 778/833/779
f 735/811/780 734/809/780 765/834/780
f 748/810/781 779/835/781 780/837/781
f 736/813/782 735/811/782 766/836/782
f 749/812/783 780/837/783 781/839/783
f 736/813/784 767/838/784 768/840/784
f 750/814/785 781/839/785 782/841/785
f 738/817/786 737/815/786 768/840/786
f 752/818/787 751/816/787 782/841/787
f 739/819/788 738/817/788 769/842/788
f 752/818/789 783/843/789 784/845/789
f 740/821/790 739/819/790 770/844/790
f 753/820/791 784/845/791 785/847/791
f 740/821/792 771/846/792 772/848/792
f 755/793/793 754/822/793 785/847/793
f 741/823/794 772/848/794 773/850/794
f 755/793/796 786/849/796 787/853/796
f 743/796/797 742/795/797 773/850/797
f 729/792/798 760/852/798 761/824/798
f 757/798/799 756/794/799 787/853/799
f 744/799/800 743/796/800 774/854/800
f 763/828/801 794/889/801 795/857/801
f 778/833/803 777/830/803 808/860/803
f 764/831/804 795/857/804 796/862/804
f 779/835/805 778/833/805 809/861/805
f 766/836/806 765/834/806 796/862/806
f 779/835/807 810/863/807 811/865/807
f 767/838/808 766/836/808 797/864/808
f 780/837/809 811/865/809 812/867/809
f 767/838/810 798/866/810 799/868/810
f 781/839/811 812/867/811 813/869/811
f 769/842/812 768/840/812 799/868/812
f 783/843/813 782/841/813 813/869/813
f 770/844/814 769/842/814 800/870/814
f 783/843/815 814/871/815 815/873/815
f 771/846/816 770/844/816 801/872/816
f 784/845/817 815/873/817 816/875/817
f 771/846/818 802/874/818 803/876/818
f 786/849/819 785/847/819 816/875/819
f 773/850/820 772/848/820 803/876/820
f 786/849/822 817/877/822 818/881/822
f 774/854/823 773/850/823 804/878/823
f 760/852/2068 791/880/2068 792/883/2068
f 788/855/825 787/853/825 818/881/825
f 775/856/826 774/854/826 805/882/826
f 762/825/827 761/824/827 792/883/827
f 788/855/828 819/884/828 820/887/828
f 775/856/829 806/885/829 807/888/829
f 762/825/830 793/886/830 794/889/830
f 790/829/2069 789/826/2069 820/887/2069
f 776/827/832 807/888/832 808/860/832
f 806/885/833 837/922/833 838/890/833
f 794/889/834 793/886/834 824/891/834
f 821/859/835 820/887/835 851/893/835
f 807/888/836 838/890/836 839/895/836
f 795/857/837 794/889/837 825/892/837
f 809/861/839 808/860/839 839/895/839
f 795/857/2070 826/896/2070 827/899/2070
f 810/863/841 809/861/841 840/898/841
f 797/864/842 796/862/842 827/899/842
f 810/863/843 841/900/843 842/902/843
f 798/866/844 797/864/844 828/901/844
f 811/865/845 842/902/845 843/904/845
f 798/866/846 829/903/846 830/905/846
f 812/867/847 843/904/847 844/906/847
f 799/868/848 830/905/848 831/907/848
f 814/871/849 813/869/849 844/906/849
f 801/872/850 800/870/850 831/907/850
f 814/871/851 845/908/851 846/910/851
f 802/874/852 801/872/852 832/909/852
f 815/873/853 846/910/853 847/912/853
f 802/874/854 833/911/854 834/913/854
f 817/877/2071 816/875/2071 847/912/2071
f 803/876/856 834/913/856 835/915/856
f 817/877/858 848/914/858 849/918/858
f 805/882/859 804/878/859 835/915/859
f 791/880/860 822/917/860 823/920/860
f 819/884/861 818/881/861 849/918/861
f 806/885/862 805/882/862 836/919/862
f 793/886/863 792/883/863 823/920/863
f 819/884/864 850/921/864 851/893/864
f 840/898/865 839/895/865 870/923/865
f 826/896/866 857/954/866 858/925/866
f 841/900/867 840/898/867 871/924/867
f 828/901/868 827/899/868 858/925/868
f 841/900/869 872/926/869 873/928/869
f 829/903/870 828/901/870 859/927/870
f 842/902/871 873/928/871 874/930/871
f 829/903/872 860/929/872 861/931/872
f 843/904/873 874/930/873 875/932/873
f 830/905/874 861/931/874 862/933/874
f 845/908/875 844/906/875 875/932/875
f 832/909/876 831/907/876 862/933/876
f 845/908/877 876/934/877 877/936/877
f 833/911/878 832/909/878 863/935/878
f 846/910/879 877/936/879 878/938/879
f 833/911/880 864/937/880 865/939/880
f 848/914/881 847/912/881 878/938/881
f 834/913/882 865/939/882 866/941/882
f 848/914/884 879/940/884 880/944/884
f 836/919/885 835/915/885 866/941/885
f 822/917/2072 853/943/2072 854/946/2072
f 849/918/887 880/944/887 881/947/887
f 837/922/888 836/919/888 867/945/888
f 824/891/889 823/920/889 854/946/889
f 850/921/890 881/947/890 882/950/890
f 837/922/891 868/948/891 869/951/891
f 824/891/892 855/949/892 856/952/892
f 852/894/893 851/893/893 882/950/893
f 838/890/894 869/951/894 870/923/894
f 826/896/895 825/892/895 856/952/895
f 872/926/897 903/988/897 904/956/897
f 860/929/898 859/927/898 890/957/898
f 873/928/899 904/956/899 905/959/899
f 860/929/900 891/958/900 892/960/900
f 875/932/901 874/930/901 905/959/901
f 861/931/902 892/960/902 893/962/902
f 876/934/903 875/932/903 906/961/903
f 863/935/904 862/933/904 893/962/904
f 876/934/905 907/963/905 908/965/905
f 864/937/906 863/935/906 894/964/906
f 877/936/907 908/965/907 909/967/907
f 864/937/908 895/966/908 896/968/908
f 879/940/2073 878/938/2073 909/967/2073
f 865/939/910 896/968/910 897/970/910
f 880/944/912 879/940/912 910/969/912
f 867/945/913 866/941/913 897/970/913
f 853/943/914 884/972/914 885/975/914
f 881/947/915 880/944/915 911/973/915
f 868/948/916 867/945/916 898/974/916
f 855/949/2074 854/946/2074 885/975/2074
f 881/947/2075 912/976/2075 913/979/2075
f 868/948/919 899/977/919 900/980/919
f 855/949/920 886/978/920 887/981/920
f 882/950/921 913/979/921 914/982/921
f 869/951/922 900/980/922 901/983/922
f 856/952/923 887/981/923 888/984/923
f 871/924/925 870/923/925 901/983/925
f 857/954/2076 888/984/2076 889/987/2076
f 872/926/927 871/924/927 902/986/927
f 858/925/928 889/987/928 890/957/928
f 906/961/929 905/959/929 936/989/929
f 892/960/930 923/1021/930 924/991/930
f 907/963/931 906/961/931 937/990/931
f 894/964/932 893/962/932 924/991/932
f 907/963/933 938/992/933 939/994/933
f 894/964/934 925/993/934 926/995/934
f 908/965/935 939/994/935 940/996/935
f 895/966/936 926/995/936 927/997/936
f 910/969/937 909/967/937 940/996/937
f 896/968/938 927/997/938 928/999/938
f 910/969/940 941/998/940 942/1002/940
f 898/974/941 897/970/941 928/999/941
f 884/972/942 915/1001/942 916/1004/942
f 911/973/943 942/1002/943 943/1005/943
f 899/977/944 898/974/944 929/1003/944
f 886/978/945 885/975/945 916/1004/945
f 912/976/946 943/1005/946 944/1008/946
f 899/977/947 930/1006/947 931/1009/947
f 886/978/948 917/1007/948 918/1010/948
f 914/982/949 913/979/949 944/1008/949
f 900/980/950 931/1009/950 932/1012/950
f 887/981/951 918/1010/951 919/1013/951
f 902/986/953 901/983/953 932/1012/953
f 888/984/954 919/1013/954 920/1016/954
f 903/988/955 902/986/955 933/1015/955
f 889/987/956 920/1016/956 921/1018/956
f 903/988/957 934/1017/957 935/1019/957
f 891/958/958 890/957/958 921/1018/958
f 904/956/959 935/1019/959 936/989/959
f 891/958/960 922/1020/960 923/1021/960
f 938/992/961 969/1053/961 970/1022/961
f 925/993/962 956/1054/962 957/1023/962
f 939/994/963 970/1022/963 971/1024/963
f 926/995/964 957/1023/964 958/1025/964
f 941/998/965 940/996/965 971/1024/965
f 927/997/966 958/1025/966 959/1027/966
f 942/1002/968 941/998/968 972/1026/968
f 929/1003/969 928/999/969 959/1027/969
f 915/1001/970 946/1029/970 947/1032/970
f 942/1002/971 973/1030/971 974/1033/971
f 930/1006/972 929/1003/972 960/1031/972
f 916/1004/973 947/1032/973 948/1035/973
f 943/1005/974 974/1033/974 975/1036/974
f 930/1006/975 961/1034/975 962/1037/975
f 918/1010/976 917/1007/976 948/1035/976
f 945/1011/977 944/1008/977 975/1036/977
f 931/1009/978 962/1037/978 963/1040/978
f 918/1010/979 949/1038/979 950/1041/979
f 933/1015/981 932/1012/981 963/1040/981
f 919/1013/982 950/1041/982 951/1044/982
f 934/1017/983 933/1015/983 964/1043/983
f 921/1018/984 920/1016/984 951/1044/984
f 935/1019/985 934/1017/985 965/1045/985
f 922/1020/986 921/1018/986 952/1046/986
f 935/1019/987 966/1047/987 967/1049/987
f 922/1020/988 953/1048/988 954/1050/988
f 937/990/989 936/989/989 967/1049/989
f 923/1021/990 954/1050/990 955/1052/990
f 938/992/991 937/990/991 968/1051/991
f 925/993/992 924/991/992 955/1052/992
f 972/1026/993 971/1024/993 1002/1055/993
f 958/1025/994 989/1087/994 990/1057/994
f 972/1026/996 1003/1056/996 1004/1060/996
f 960/1031/997 959/1027/997 990/1057/997
f 946/1029/998 977/1059/998 978/1062/998
f 974/1033/999 973/1030/999 1004/1060/999
f 961/1034/1000 960/1031/1000 991/1061/1000
f 948/1035/1001 947/1032/1001 978/1062/1001
f 974/1033/1002 1005/1063/1002 1006/1066/1002
f 961/1034/1003 992/1064/1003 993/1067/1003
f 948/1035/1004 979/1065/1004 980/1068/1004
f 975/1036/1005 1006/1066/1005 1007/1069/1005
f 962/1037/1006 993/1067/1006 994/1070/1006
f 950/1041/1007 949/1038/1007 980/1068/1007
f 964/1043/1009 963/1040/1009 994/1070/1009
f 950/1041/1010 981/1071/1010 982/1074/1010
f 965/1045/1011 964/1043/1011 995/1073/1011
f 951/1044/1012 982/1074/1012 983/1076/1012
f 965/1045/1013 996/1075/1013 997/1077/1013
f 953/1048/1014 952/1046/1014 983/1076/1014
f 966/1047/1015 997/1077/1015 998/1079/1015
f 953/1048/1016 984/1078/1016 985/1080/1016
f 968/1051/1017 967/1049/1017 998/1079/1017
f 954/1050/1018 985/1080/1018 986/1082/1018
f 969/1053/1019 968/1051/1019 999/1081/1019
f 956/1054/1020 955/1052/1020 986/1082/1020
f 969/1053/1021 1000/1083/1021 1001/1085/1021
f 956/1054/1022 987/1084/1022 988/1086/1022
f 970/1022/1023 1001/1085/1023 1002/1055/1023
f 957/1023/1024 988/1086/1024 989/1087/1024
f 977/1059/1025 1008/1120/1025 1009/1088/1025
f 1005/1063/1026 1004/1060/1026 1035/1089/1026
f 992/1064/1027 991/1061/1027 1022/1091/1027
f 979/1065/1028 978/1062/1028 1009/1088/1028
f 1005/1063/1029 1036/1090/1029 1037/1094/1029
f 992/1064/1030 1023/1092/1030 1024/1095/1030
f 979/1065/1031 1010/1093/1031 1011/1096/1031
f 1007/1069/1032 1006/1066/1032 1037/1094/1032
f 993/1067/1033 1024/1095/1033 1025/1098/1033
f 980/1068/1034 1011/1096/1034 1012/1099/1034
f 995/1073/1036 994/1070/1036 1025/1098/1036
f 981/1071/1037 1012/1099/1037 1013/1102/1037
f 995/1073/1038 1026/1101/1038 1027/1103/1038
f 982/1074/1039 1013/1102/1039 1014/1104/1039
f 996/1075/1040 1027/1103/1040 1028/1105/1040
f 984/1078/1041 983/1076/1041 1014/1104/1041
f 997/1077/1042 1028/1105/1042 1029/1107/1042
f 984/1078/1043 1015/1106/1043 1016/1108/1043
f 999/1081/1044 998/1079/1044 1029/1107/1044
f 985/1080/1045 1016/1108/1045 1017/1110/1045
f 1000/1083/1046 999/1081/1046 1030/1109/1046
f 987/1084/1047 986/1082/1047 1017/1110/1047
f 1000/1083/1048 1031/1111/1048 1032/1113/1048
f 988/1086/1049 987/1084/1049 1018/1112/1049
f 1001/1085/1050 1032/1113/1050 1033/1115/1050
f 989/1087/1051 988/1086/1051 1019/1114/1051
f 1003/1056/1052 1002/1055/1052 1033/1115/1052
f 989/1087/1053 1020/1116/1053 1021/1118/1053
f 1003/1056/1055 1034/1117/1055 1035/1089/1055
f 991/1061/1056 990/1057/1056 1021/1118/1056
f 1010/1093/1057 1042/1151/1057 1043/1121/1057
f 1037/1094/1058 1069/1152/1058 1070/1122/1058
f 1024/1095/1059 1056/1153/1059 1057/1123/1059
f 1011/1096/1060 1043/1121/1060 1044/1124/1060
f 1026/1101/1062 1025/1098/1062 1057/1123/1062
f 1012/1099/1063 1044/1124/1063 1045/1127/1063
f 1027/1103/1064 1026/1101/1064 1058/1126/1064
f 1014/1104/1065 1013/1102/1065 1045/1127/1065
f 1027/1103/1066 1059/1128/1066 1060/1130/1066
f 1015/1106/1067 1014/1104/1067 1046/1129/1067
f 1028/1105/1068 1060/1130/1068 1061/1132/1068
f 1015/1106/1069 1047/1131/1069 1048/1133/1069
f 1029/1107/1070 1061/1132/1070 1062/1134/1070
f 1017/1110/1071 1016/1108/1071 1048/1133/1071
f 1031/1111/1072 1030/1109/1072 1062/1134/1072
f 1018/1112/1073 1017/1110/1073 1049/1135/1073
f 1031/1111/1074 1063/1136/1074 1064/1138/1074
f 1019/1114/1075 1018/1112/1075 1050/1137/1075
f 1032/1113/1076 1064/1138/1076 1065/1140/1076
f 1019/1114/1077 1051/1139/1077 1052/1141/1077
f 1034/1117/1078 1033/1115/1078 1065/1140/1078
f 1020/1116/1079 1052/1141/1079 1053/1143/1079
f 1035/1089/1081 1034/1117/1081 1066/1142/1081
f 1022/1091/1082 1021/1118/1082 1053/1143/1082
f 1008/1120/1083 1040/1145/1083 1041/1148/1083
f 1035/1089/1084 1067/1146/1084 1068/1149/1084
f 1023/1092/1085 1022/1091/1085 1054/1147/1085
f 1010/1093/1086 1009/1088/1086 1041/1148/1086
f 1036/1090/1087 1068/1149/1087 1069/1152/1087
f 1023/1092/1088 1055/1150/1088 1056/1153/1088
f 1044/1124/1089 1075/1184/1089 1076/1154/1089
f 1058/1126/1090 1089/1186/1090 1090/1155/1090
f 1045/1127/1091 1076/1154/1091 1077/1156/1091
f 1059/1128/1092 1090/1155/1092 1091/1157/1092
f 1047/1131/1093 1046/1129/1093 1077/1156/1093
f 1060/1130/1094 1091/1157/1094 1092/1159/1094
f 1047/1131/1095 1078/1158/1095 1079/1160/1095
f 1062/1134/1096 1061/1132/1096 1092/1159/1096
f 1048/1133/1097 1079/1160/1097 1080/1162/1097
f 1063/1136/1098 1062/1134/1098 1093/1161/1098
f 1050/1137/1099 1049/1135/1099 1080/1162/1099
f 1063/1136/1100 1094/1163/1100 1095/1165/1100
f 1050/1137/1101 1081/1164/1101 1082/1166/1101
f 1064/1138/1102 1095/1165/1102 1096/1167/1102
f 1052/1141/1103 1051/1139/1103 1082/1166/1103
f 1066/1142/1104 1065/1140/1104 1096/1167/1104
f 1052/1141/1105 1083/1168/1105 1084/1170/1105
f 1067/1146/1107 1066/1142/1107 1097/1169/1107
f 1054/1147/1108 1053/1143/1108 1084/1170/1108
f 1040/1145/1109 1071/1172/1109 1072/1175/1109
f 1068/1149/1110 1067/1146/1110 1098/1173/1110
f 1055/1150/1111 1054/1147/1111 1085/1174/1111
f 1041/1148/1112 1072/1175/1112 1073/1178/1112
f 1068/1149/1113 1099/1176/1113 1100/1179/1113
f 1055/1150/1114 1086/1177/1114 1087/1180/1114
f 1042/1151/1115 1073/1178/1115 1074/1181/1115
f 1070/1122/1116 1069/1152/1116 1100/1179/1116
f 1056/1153/1117 1087/1180/1117 1088/1183/1117
f 1043/1121/1118 1074/1181/1118 1075/1184/1118
f 1058/1126/1120 1057/1123/1120 1088/1183/1120
f 1078/1158/1121 1077/1156/1121 1108/1187/1121
f 1091/1157/1122 1122/1219/1122 1123/1189/1122
f 1078/1158/1123 1109/1188/1123 1110/1190/1123
f 1093/1161/1124 1092/1159/1124 1123/1189/1124
f 1079/1160/1125 1110/1190/1125 1111/1192/1125
f 1094/1163/1126 1093/1161/1126 1124/1191/1126
f 1081/1164/1127 1080/1162/1127 1111/1192/1127
f 1094/1163/1128 1125/1193/1128 1126/1195/1128
f 1081/1164/1129 1112/1194/1129 1113/1196/1129
f 1096/1167/1130 1095/1165/1130 1126/1195/1130
f 1083/1168/1131 1082/1166/1131 1113/1196/1131
f 1097/1169/1132 1096/1167/1132 1127/1197/1132
f 1083/1168/1133 1114/1198/1133 1115/1200/1133
f 1097/1169/1135 1128/1199/1135 1129/1203/1135
f 1085/1174/1136 1084/1170/1136 1115/1200/1136
f 1071/1172/1137 1102/1202/1137 1103/1205/1137
f 1098/1173/1138 1129/1203/1138 1130/1206/1138
f 1086/1177/1139 1085/1174/1139 1116/1204/1139
f 1072/1175/1140 1103/1205/1140 1104/1208/1140
f 1099/1176/2077 1130/1206/2077 1131/1209/2077
f 1086/1177/1142 1117/1207/1142 1118/1210/1142
f 1073/1178/1143 1104/1208/1143 1105/1211/1143
f 1101/1182/1144 1100/1179/1144 1131/1209/1144
f 1087/1180/1145 1118/1210/1145 1119/1213/1145
f 1075/1184/1146 1074/1181/1146 1105/1211/1146
f 1089/1186/1148 1088/1183/1148 1119/1213/1148
f 1075/1184/1149 1106/1214/1149 1107/1217/1149
f 1089/1186/1150 1120/1216/1150 1121/1218/1150
f 1076/1154/1151 1107/1217/1151 1108/1187/1151
f 1091/1157/1152 1090/1155/1152 1121/1218/1152
f 1110/1190/1153 1141/1252/1153 1142/1220/1153
f 1125/1193/1154 1124/1191/1154 1155/1221/1154
f 1112/1194/1155 1111/1192/1155 1142/1220/1155
f 1125/1193/1156 1156/1222/1156 1157/1224/1156
f 1112/1194/1157 1143/1223/1157 1144/1225/1157
f 1126/1195/1158 1157/1224/1158 1158/1226/1158
f 1114/1198/1159 1113/1196/1159 1144/1225/1159
f 1128/1199/1160 1127/1197/1160 1158/1226/1160
f 1114/1198/1161 1145/1227/1161 1146/1229/1161
f 1128/1199/1163 1159/1228/1163 1160/1232/1163
f 1116/1204/1164 1115/1200/1164 1146/1229/1164
f 1102/1202/1165 1133/1231/1165 1134/1234/1165
f 1130/1206/1166 1129/1203/1166 1160/1232/1166
f 1117/1207/1167 1116/1204/1167 1147/1233/1167
f 1103/1205/1168 1134/1234/1168 1135/1237/1168
f 1130/1206/1169 1161/1235/1169 1162/1238/1169
f 1117/1207/1170 1148/1236/1170 1149/1239/1170
f 1104/1208/1171 1135/1237/1171 1136/1240/1171
f 1132/1212/1172 1131/1209/1172 1162/1238/1172
f 1118/1210/1173 1149/1239/1173 1150/1242/1173
f 1106/1214/1174 1105/1211/1174 1136/1240/1174
f 1120/1216/1176 1119/1213/1176 1150/1242/1176
f 1106/1214/1177 1137/1243/1177 1138/1246/1177
f 1120/1216/1178 1151/1245/1178 1152/1247/1178
f 1108/1187/1179 1107/1217/1179 1138/1246/1179
f 1121/1218/1180 1152/1247/1180 1153/1249/1180
f 1109/1188/1181 1108/1187/1181 1139/1248/1181
f 1122/1219/1182 1153/1249/1182 1154/1251/1182
f 1109/1188/1183 1140/1250/1183 1141/1252/1183
f 1124/1191/1184 1123/1189/1184 1154/1251/1184
f 1143/1223/1185 1174/1284/1185 1175/1253/1185
f 1157/1224/1186 1188/1285/1186 1189/1254/1186
f 1145/1227/1187 1144/1225/1187 1175/1253/1187
f 1159/1228/1188 1158/1226/1188 1189/1254/1188
f 1145/1227/1189 1176/1255/1189 1177/1257/1189
f 1159/1228/1191 1190/1256/1191 1191/1260/1191
f 1147/1233/1192 1146/1229/1192 1177/1257/1192
f 1133/1231/1193 1164/1259/1193 1165/1262/1193
f 1161/1235/1194 1160/1232/1194 1191/1260/1194
f 1148/1236/1195 1147/1233/1195 1178/1261/1195
f 1134/1234/1196 1165/1262/1196 1166/1265/1196
f 1161/1235/1197 1192/1263/1197 1193/1266/1197
f 1148/1236/1198 1179/1264/1198 1180/1267/1198
f 1136/1240/1199 1135/1237/1199 1166/1265/1199
f 1163/1241/1200 1162/1238/1200 1193/1266/1200
f 1149/1239/1201 1180/1267/1201 1181/1270/1201
f 1137/1243/1202 1136/1240/1202 1167/1268/1202
f 1151/1245/1204 1150/1242/1204 1181/1270/1204
f 1137/1243/1205 1168/1271/1205 1169/1274/1205
f 1151/1245/1206 1182/1273/1206 1183/1275/1206
f 1139/1248/1207 1138/1246/1207 1169/1274/1207
f 1153/1249/1208 1152/1247/1208 1183/1275/1208
f 1140/1250/1209 1139/1248/1209 1170/1276/1209
f 1153/1249/1210 1184/1277/1210 1185/1279/1210
f 1140/1250/1211 1171/1278/1211 1172/1280/1211
f 1154/1251/1212 1185/1279/1212 1186/1281/1212
f 1142/1220/1213 1141/1252/1213 1172/1280/1213
f 1156/1222/1214 1155/1221/1214 1186/1281/1214
f 1143/1223/1215 1142/1220/1215 1173/1282/1215
f 1156/1222/1216 1187/1283/1216 1188/1285/1216
f 1176/1255/1217 1207/1317/1217 1208/1286/1217
f 1190/1256/1219 1221/1318/1219 1222/1289/1219
f 1178/1261/1220 1177/1257/1220 1208/1286/1220
f 1164/1259/1221 1195/1288/1221 1196/1291/1221
f 1192/1263/1222 1191/1260/1222 1222/1289/1222
f 1179/1264/1223 1178/1261/1223 1209/1290/1223
f 1166/1265/1224 1165/1262/1224 1196/1291/1224
f 1193/1266/1225 1192/1263/1225 1223/1292/1225
f 1179/1264/1226 1210/1293/1226 1211/1296/1226
f 1166/1265/1227 1197/1294/1227 1198/1297/1227
f 1193/1266/2078 1224/1295/2078 1225/1298/2078
f 1180/1267/1229 1211/1296/1229 1212/1299/1229
f 1167/1268/1230 1198/1297/1230 1199/1300/1230
f 1182/1273/1232 1181/1270/1232 1212/1299/1232
f 1168/1271/1233 1199/1300/1233 1200/1303/1233
f 1182/1273/1234 1213/1302/1234 1214/1304/1234
f 1169/1274/1235 1200/1303/1235 1201/1305/1235
f 1183/1275/1236 1214/1304/1236 1215/1306/1236
f 1171/1278/1237 1170/1276/1237 1201/1305/1237
f 1184/1277/1238 1215/1306/1238 1216/1308/1238
f 1171/1278/1239 1202/1307/1239 1203/1309/1239
f 1186/1281/1240 1185/1279/1240 1216/1308/1240
f 1173/1282/1241 1172/1280/1241 1203/1309/1241
f 1187/1283/1242 1186/1281/1242 1217/1310/1242
f 1174/1284/1243 1173/1282/1243 1204/1311/1243
f 1187/1283/1244 1218/1312/1244 1219/1314/1244
f 1175/1253/1245 1174/1284/1245 1205/1313/1245
f 1189/1254/1246 1188/1285/1246 1219/1314/1246
f 1176/1255/1247 1175/1253/1247 1206/1315/1247
f 1190/1256/1248 1189/1254/1248 1220/1316/1248
f 1210/1293/1249 1209/1290/1249 1241/1319/1249
f 1197/1294/1250 1196/1291/1250 1228/1321/1250
f 1223/1292/1251 1255/1351/1251 1256/1323/1251
f 1210/1293/1252 1242/1320/1252 1243/1324/1252
f 1197/1294/1253 1229/1322/1253 1230/1325/1253
f 1224/1295/1254 1256/1323/1254 1257/1326/1254
f 1211/1296/1255 1243/1324/1255 1244/1327/1255
f 1198/1297/1256 1230/1325/1256 1231/1328/1256
f 1213/1302/1258 1212/1299/1258 1244/1327/1258
f 1199/1300/1259 1231/1328/1259 1232/1331/1259
f 1213/1302/1260 1245/1330/1260 1246/1332/1260
f 1200/1303/1261 1232/1331/1261 1233/1333/1261
f 1214/1304/1262 1246/1332/1262 1247/1334/1262
f 1202/1307/1263 1201/1305/1263 1233/1333/1263
f 1215/1306/1264 1247/1334/1264 1248/1336/1264
f 1202/1307/1265 1234/1335/1265 1235/1337/1265
f 1217/1310/1266 1216/1308/1266 1248/1336/1266
f 1203/1309/1267 1235/1337/1267 1236/1339/1267
f 1218/1312/1268 1217/1310/1268 1249/1338/1268
f 1205/1313/1269 1204/1311/1269 1236/1339/1269
f 1218/1312/1270 1250/1340/1270 1251/1342/1270
f 1206/1315/1271 1205/1313/1271 1237/1341/1271
f 1219/1314/1272 1251/1342/1272 1252/1344/1272
f 1207/1317/1273 1206/1315/1273 1238/1343/1273
f 1221/1318/1274 1220/1316/1274 1252/1344/1274
f 1207/1317/1275 1239/1345/1275 1240/1347/1275
f 1221/1318/1277 1253/1346/1277 1254/1350/1277
f 1209/1290/1278 1208/1286/1278 1240/1347/1278
f 1195/1288/1279 1227/1349/1279 1228/1321/1279
f 1222/1289/1280 1254/1350/1280 1255/1351/1280
f 1243/1324/2079 1274/1384/2079 1275/1352/2079
f 1231/1328/1282 1230/1325/1282 1261/1353/1282
f 1245/1330/1284 1244/1327/1284 1275/1352/1284
f 1231/1328/1285 1262/1354/1285 1263/1358/1285
f 1246/1332/1286 1245/1330/1286 1276/1357/1286
f 1232/1331/1287 1263/1358/1287 1264/1360/1287
f 1246/1332/1288 1277/1359/1288 1278/1361/1288
f 1234/1335/1289 1233/1333/1289 1264/1360/1289
f 1247/1334/1290 1278/1361/1290 1279/1363/1290
f 1234/1335/1291 1265/1362/1291 1266/1364/1291
f 1248/1336/1292 1279/1363/1292 1280/1365/1292
f 1236/1339/1293 1235/1337/1293 1266/1364/1293
f 1250/1340/1294 1249/1338/1294 1280/1365/1294
f 1237/1341/1295 1236/1339/1295 1267/1366/1295
f 1250/1340/1296 1281/1367/1296 1282/1369/1296
f 1238/1343/1297 1237/1341/1297 1268/1368/1297
f 1251/1342/1298 1282/1369/1298 1283/1371/1298
f 1238/1343/1299 1269/1370/1299 1270/1372/1299
f 1253/1346/1300 1252/1344/1300 1283/1371/1300
f 1239/1345/1301 1270/1372/1301 1271/1374/1301
f 1253/1346/1303 1284/1373/1303 1285/1377/1303
f 1241/1319/2080 1240/1347/2080 1271/1374/2080
f 1227/1349/1305 1258/1376/1305 1259/1379/1305
f 1255/1351/1306 1254/1350/1306 1285/1377/1306
f 1242/1320/1307 1241/1319/1307 1272/1378/1307
f 1229/1322/1308 1228/1321/1308 1259/1379/1308
f 1255/1351/1309 1286/1380/1309 1287/1383/1309
f 1242/1320/1310 1273/1381/1310 1274/1384/1310
f 1229/1322/1311 1260/1382/1311 1261/1353/1311
f 1257/1326/1312 1256/1323/1312 1287/1383/1312
f 1276/1357/1313 1307/1416/1313 1308/1385/1313
f 1263/1358/1314 1294/1417/1314 1295/1386/1314
f 1277/1359/1315 1308/1385/1315 1309/1387/1315
f 1265/1362/1316 1264/1360/1316 1295/1386/1316
f 1278/1361/1317 1309/1387/1317 1310/1389/1317
f 1265/1362/1318 1296/1388/1318 1297/1390/1318
f 1279/1363/1319 1310/1389/1319 1311/1391/1319
f 1266/1364/1320 1297/1390/1320 1298/1392/1320
f 1281/1367/1321 1280/1365/1321 1311/1391/1321
f 1268/1368/1322 1267/1366/1322 1298/1392/1322
f 1281/1367/1323 1312/1393/1323 1313/1395/1323
f 1269/1370/1324 1268/1368/1324 1299/1394/1324
f 1283/1371/1325 1282/1369/1325 1313/1395/1325
f 1269/1370/1326 1300/1396/1326 1301/1398/1326
f 1284/1373/1327 1283/1371/1327 1314/1397/1327
f 1270/1372/1328 1301/1398/1328 1302/1400/1328
f 1284/1373/1330 1315/1399/1330 1316/1403/1330
f 1272/1378/1331 1271/1374/1331 1302/1400/1331
f 1258/1376/1332 1289/1402/1332 1290/1405/1332
f 1286/1380/1333 1285/1377/1333 1316/1403/1333
f 1273/1381/1334 1272/1378/1334 1303/1404/1334
f 1260/1382/1335 1259/1379/1335 1290/1405/1335
f 1286/1380/1336 1317/1406/1336 1318/1409/1336
f 1273/1381/1337 1304/1407/1337 1305/1410/1337
f 1260/1382/1338 1291/1408/1338 1292/1411/1338
f 1288/1356/1339 1287/1383/1339 1318/1409/1339
f 1274/1384/1340 1305/1410/1340 1306/1413/1340
f 1261/1353/1341 1292/1411/1341 1293/1414/1341
f 1276/1357/1343 1275/1352/1343 1306/1413/1343
f 1262/1354/1344 1293/1414/1344 1294/1417/1344
f 1309/1387/1345 1340/1449/1345 1341/1418/1345
f 1296/1388/1346 1327/1450/1346 1328/1419/1346
f 1311/1391/1347 1310/1389/1347 1341/1418/1347
f 1297/1390/1348 1328/1419/1348 1329/1421/1348
f 1312/1393/1349 1311/1391/1349 1342/1420/1349
f 1299/1394/1350 1298/1392/1350 1329/1421/1350
f 1312/1393/1351 1343/1422/1351 1344/1424/1351
f 1300/1396/1352 1299/1394/1352 1330/1423/1352
f 1313/1395/1353 1344/1424/1353 1345/1426/1353
f 1300/1396/1354 1331/1425/1354 1332/1427/1354
f 1315/1399/1355 1314/1397/1355 1345/1426/1355
f 1301/1398/1356 1332/1427/1356 1333/1429/1356
f 1316/1403/1358 1315/1399/1358 1346/1428/1358
f 1303/1404/1359 1302/1400/1359 1333/1429/1359
f 1289/1402/1360 1320/1431/1360 1321/1434/1360
f 1316/1403/1361 1347/1432/1361 1348/1435/1361
f 1304/1407/1362 1303/1404/1362 1334/1433/1362
f 1291/1408/1363 1290/1405/1363 1321/1434/1363
f 1317/1406/1364 1348/1435/1364 1349/1438/1364
f 1304/1407/1365 1335/1436/1365 1336/1439/1365
f 1291/1408/1366 1322/1437/1366 1323/1440/1366
f 1319/1412/1367 1318/1409/1367 1349/1438/1367
f 1305/1410/1368 1336/1439/1368 1337/1442/1368
f 1293/1414/1369 1292/1411/1369 1323/1440/1369
f 1307/1416/1371 1306/1413/1371 1337/1442/1371
f 1293/1414/1372 1324/1443/1372 1325/1446/1372
f 1308/1385/1373 1307/1416/1373 1338/1445/1373
f 1294/1417/1374 1325/1446/1374 1326/1448/1374
f 1308/1385/1375 1339/1447/1375 1340/1449/1375
f 1296/1388/1376 1295/1386/1376 1326/1448/1376
f 1343/1422/1377 1342/1420/1377 1373/1451/1377
f 1330/1423/1378 1329/1421/1378 1360/1453/1378
f 1343/1422/1379 1374/1452/1379 1375/1455/1379
f 1331/1425/1380 1330/1423/1380 1361/1454/1380
f 1344/1424/1381 1375/1455/1381 1376/1457/1381
f 1332/1427/1382 1331/1425/1382 1362/1456/1382
f 1346/1428/1383 1345/1426/1383 1376/1457/1383
f 1332/1427/1384 1363/1458/1384 1364/1460/1384
f 1346/1428/1386 1377/1459/1386 1378/1463/1386
f 1334/1433/1387 1333/1429/1387 1364/1460/1387
f 1320/1431/1388 1351/1462/1388 1352/1465/1388
f 1348/1435/1389 1347/1432/1389 1378/1463/1389
f 1335/1436/1390 1334/1433/1390 1365/1464/1390
f 1322/1437/1391 1321/1434/1391 1352/1465/1391
f 1348/1435/1392 1379/1466/1392 1380/1469/1392
f 1335/1436/1393 1366/1467/1393 1367/1470/1393
f 1323/1440/1394 1322/1437/1394 1353/1468/1394
f 1350/1441/1395 1349/1438/1395 1380/1469/1395
f 1336/1439/1396 1367/1470/1396 1368/1473/1396
f 1324/1443/1397 1323/1440/1397 1354/1471/1397
f 1338/1445/1399 1337/1442/1399 1368/1473/1399
f 1324/1443/1400 1355/1474/1400 1356/1477/1400
f 1338/1445/1401 1369/1476/1401 1370/1478/1401
f 1325/1446/1402 1356/1477/1402 1357/1479/1402
f 1339/1447/1403 1370/1478/1403 1371/1480/1403
f 1327/1450/1404 1326/1448/1404 1357/1479/1404
f 1340/1449/1405 1371/1480/1405 1372/1482/1405
f 1327/1450/1406 1358/1481/1406 1359/1483/1406
f 1342/1420/1407 1341/1418/1407 1372/1482/1407
f 1328/1419/1408 1359/1483/1408 1360/1453/1408
f 1375/1455/1409 1406/1515/1409 1407/1484/1409
f 1362/1456/1410 1393/1516/1410 1394/1485/1410
f 1377/1459/1411 1376/1457/1411 1407/1484/1411
f 1363/1458/1412 1394/1485/1412 1395/1487/1412
f 1377/1459/1414 1408/1486/1414 1409/1490/1414
f 1365/1464/1415 1364/1460/1415 1395/1487/1415
f 1351/1462/1416 1382/1489/1416 1383/1492/1416
f 1379/1466/1417 1378/1463/1417 1409/1490/1417
f 1366/1467/1418 1365/1464/1418 1396/1491/1418
f 1352/1465/1419 1383/1492/1419 1384/1495/1419
f 1379/1466/1420 1410/1493/1420 1411/1496/1420
f 1366/1467/1421 1397/1494/1421 1398/1497/1421
f 1353/1468/1422 1384/1495/1422 1385/1498/1422
f 1380/1469/1423 1411/1496/1423 1412/1499/1423
f 1367/1470/1424 1398/1497/1424 1399/1500/1424
f 1354/1471/1425 1385/1498/1425 1386/1501/1425
f 1369/1476/1427 1368/1473/1427 1399/1500/1427
f 1355/1474/1428 1386/1501/1428 1387/1504/1428
f 1370/1478/1429 1369/1476/1429 1400/1503/1429
f 1357/1479/1430 1356/1477/1430 1387/1504/1430
f 1370/1478/1431 1401/1505/1431 1402/1507/1431
f 1358/1481/1432 1357/1479/1432 1388/1506/1432
f 1371/1480/1433 1402/1507/1433 1403/1509/1433
f 1358/1481/1434 1389/1508/1434 1390/1510/1434
f 1373/1451/1435 1372/1482/1435 1403/1509/1435
f 1359/1483/1436 1390/1510/1436 1391/1512/1436
f 1374/1452/1437 1373/1451/1437 1404/1511/1437
f 1361/1454/1438 1360/1453/1438 1391/1512/1438
f 1374/1452/1439 1405/1513/1439 1406/1515/1439
f 1362/1456/1440 1361/1454/1440 1392/1514/1440
f 1408/1486/2081 1439/1547/2081 1440/1517/2081
f 1396/1491/1442 1395/1487/1442 1426/1518/1442
f 1382/1489/1443 1413/1549/1443 1414/1520/1443
f 1410/1493/1444 1409/1490/1444 1440/1517/1444
f 1397/1494/1445 1396/1491/1445 1427/1519/1445
f 1384/1495/1446 1383/1492/1446 1414/1520/1446
f 1410/1493/1447 1441/1521/1447 1442/1524/1447
f 1397/1494/1448 1428/1522/1448 1429/1525/1448
f 1384/1495/1449 1415/1523/1449 1416/1526/1449
f 1411/1496/1450 1442/1524/1450 1443/1527/1450
f 1398/1497/1451 1429/1525/1451 1430/1528/1451
f 1385/1498/2082 1416/1526/2082 1417/1529/2082
f 1400/1503/1454 1399/1500/1454 1430/1528/1454
f 1386/1501/1455 1417/1529/1455 1418/1532/1455
f 1400/1503/1456 1431/1531/1456 1432/1533/1456
f 1387/1504/1457 1418/1532/1457 1419/1534/1457
f 1401/1505/1458 1432/1533/1458 1433/1535/1458
f 1389/1508/1459 1388/1506/1459 1419/1534/1459
f 1402/1507/1460 1433/1535/1460 1434/1537/1460
f 1389/1508/1461 1420/1536/1461 1421/1538/1461
f 1404/1511/1462 1403/1509/1462 1434/1537/1462
f 1390/1510/1463 1421/1538/1463 1422/1540/1463
f 1405/1513/1464 1404/1511/1464 1435/1539/1464
f 1392/1514/1465 1391/1512/1465 1422/1540/1465
f 1405/1513/1466 1436/1541/1466 1437/1543/1466
f 1393/1516/1467 1392/1514/1467 1423/1542/1467
f 1407/1484/1468 1406/1515/1468 1437/1543/1468
f 1393/1516/1469 1424/1544/1469 1425/1546/1469
f 1408/1486/1470 1407/1484/1470 1438/1545/1470
f 1394/1485/1471 1425/1546/1471 1426/1518/1471
f 1441/1521/1473 1472/1581/1473 1473/1550/1473
f 1428/1522/1474 1459/1582/1474 1460/1551/1474
f 1416/1526/1475 1415/1523/1475 1446/1552/1475
f 1443/1527/1476 1442/1524/1476 1473/1550/1476
f 1429/1525/1477 1460/1551/1477 1461/1555/1477
f 1416/1526/1478 1447/1553/1478 1448/1556/1478
f 1431/1531/1480 1430/1528/1480 1461/1555/1480
f 1417/1529/1481 1448/1556/1481 1449/1559/1481
f 1432/1533/1482 1431/1531/1482 1462/1558/1482
f 1418/1532/1483 1449/1559/1483 1450/1561/1483
f 1432/1533/1484 1463/1560/1484 1464/1562/1484
f 1420/1536/1485 1419/1534/1485 1450/1561/1485
f 1433/1535/1486 1464/1562/1486 1465/1564/1486
f 1420/1536/1487 1451/1563/1487 1452/1565/1487
f 1435/1539/1488 1434/1537/1488 1465/1564/1488
f 1422/1540/1489 1421/1538/1489 1452/1565/1489
f 1436/1541/1490 1435/1539/1490 1466/1566/1490
f 1423/1542/1491 1422/1540/1491 1453/1567/1491
f 1436/1541/1492 1467/1568/1492 1468/1570/1492
f 1424/1544/1493 1423/1542/1493 1454/1569/1493
f 1438/1545/1494 1437/1543/1494 1468/1570/1494
f 1425/1546/1495 1424/1544/1495 1455/1571/1495
f 1439/1547/1496 1438/1545/1496 1469/1572/1496
f 1425/1546/1497 1456/1573/1497 1457/1575/1497
f 1439/1547/1499 1470/1574/1499 1471/1578/1499
f 1427/1519/1500 1426/1518/1500 1457/1575/1500
f 1413/1549/1501 1444/1577/1501 1445/1580/1501
f 1440/1517/1502 1471/1578/1502 1472/1581/1502
f 1428/1522/1503 1427/1519/1503 1458/1579/1503
f 1414/1520/1504 1445/1580/1504 1446/1552/1504
f 1462/1558/1506 1461/1555/1506 1492/1585/1506
f 1448/1556/1507 1479/1615/1507 1480/1587/1507
f 1463/1560/1508 1462/1558/1508 1493/1586/1508
f 1449/1559/1509 1480/1587/1509 1481/1589/1509
f 1463/1560/1510 1494/1588/1510 1495/1590/1510
f 1451/1563/1511 1450/1561/1511 1481/1589/1511
f 1464/1562/1512 1495/1590/1512 1496/1592/1512
f 1451/1563/1513 1482/1591/1513 1483/1593/1513
f 1466/1566/1514 1465/1564/1514 1496/1592/1514
f 1452/1565/1515 1483/1593/1515 1484/1595/1515
f 1467/1568/1516 1466/1566/1516 1497/1594/1516
f 1454/1569/1517 1453/1567/1517 1484/1595/1517
f 1467/1568/1518 1498/1596/1518 1499/1598/1518
f 1455/1571/1519 1454/1569/1519 1485/1597/1519
f 1468/1570/1520 1499/1598/1520 1500/1600/1520
f 1455/1571/1521 1486/1599/1521 1487/1601/1521
f 1470/1574/1522 1469/1572/1522 1500/1600/1522
f 1456/1573/1523 1487/1601/1523 1488/1603/1523
f 1470/1574/1525 1501/1602/1525 1502/1606/1525
f 1458/1579/1526 1457/1575/1526 1488/1603/1526
f 1444/1577/1527 1475/1605/1527 1476/1608/1527
f 1472/1581/1528 1471/1578/1528 1502/1606/1528
f 1459/1582/1529 1458/1579/1529 1489/1607/1529
f 1446/1552/1530 1445/1580/1530 1476/1608/1530
f 1472/1581/1531 1503/1609/1531 1504/1612/1531
f 1459/1582/1532 1490/1610/1532 1491/1613/1532
f 1446/1552/1533 1477/1611/1533 1478/1614/1533
f 1473/1550/1534 1504/1612/1534 1505/1584/1534
f 1460/1551/1535 1491/1613/1535 1492/1585/1535
f 1447/1553/1536 1478/1614/1536 1479/1615/1536
f 1494/1616/1537 1525/1678/1537 1526/1617/1537
f 1482/1619/1538 1481/1679/1538 1512/1620/1538
f 1495/1618/1539 1526/1617/1539 1527/1622/1539
f 1482/1619/1540 1513/1621/1540 1514/1624/1540
f 1497/1626/1541 1496/1623/1541 1527/1622/1541
f 1483/1625/1542 1514/1624/1542 1515/1628/1542
f 1498/1630/1543 1497/1626/1543 1528/1627/1543
f 1485/1632/1544 1484/1629/1544 1515/1628/1544
f 1498/1630/1545 1529/1631/1545 1530/1634/1545
f 1486/1636/1546 1485/1632/1546 1516/1633/1546
f 1500/1638/1547 1499/1635/1547 1530/1634/1547
f 1487/1640/1548 1486/1636/1548 1517/1637/1548
f 1501/1642/1549 1500/1638/1549 1531/1639/1549
f 1487/1640/1550 1518/1641/1550 1519/1644/1550
f 1502/1649/1552 1501/1642/1552 1532/1643/1552
f 1489/1651/1553 1488/1645/1553 1519/1644/1553
f 1475/1646/1554 1506/1648/1554 1507/1653/1554
f 1503/1655/1555 1502/1649/1555 1533/1650/1555
f 1490/1657/1556 1489/1651/1556 1520/1652/1556
f 1477/1659/1557 1476/1654/1557 1507/1653/1557
f 1503/1655/1558 1534/1656/1558 1535/1661/1558
f 1490/1657/1559 1521/1658/1559 1522/1663/1559
f 1477/1659/1560 1508/1660/1560 1509/1665/1560
f 1504/1662/1561 1535/1661/1561 1536/1667/1561
f 1491/1664/1562 1522/1663/1562 1523/1669/1562
f 1479/1671/1563 1478/1666/1563 1509/1665/1563
f 1493/1674/1565 1492/1670/1565 1523/1669/1565
f 1479/1671/1566 1510/1672/1566 1511/1676/1566
f 1493/1674/1567 1524/1675/1567 1525/1678/1567
f 1480/1677/1568 1511/1676/1568 1512/1620/1568
f 1528/1627/1569 1527/1622/1569 1558/1680/1569
f 1514/1624/1570 1545/1712/1570 1546/1682/1570
f 1529/1631/1571 1528/1627/1571 1559/1681/1571
f 1516/1633/1572 1515/1628/1572 1546/1682/1572
f 1529/1631/1573 1560/1683/1573 1561/1685/1573
f 1517/1637/1574 1516/1633/1574 1547/1684/1574
f 1530/1634/1575 1561/1685/1575 1562/1687/1575
f 1518/1641/1576 1517/1637/1576 1548/1686/1576
f 1532/1643/1577 1531/1639/1577 1562/1687/1577
f 1518/1641/1578 1549/1688/1578 1550/1690/1578
f 1532/1643/1580 1563/1689/1580 1564/1693/1580
f 1520/1652/1581 1519/1644/1581 1550/1690/1581
f 1507/1653/1582 1506/1648/1582 1537/1692/1582
f 1534/1656/1583 1533/1650/1583 1564/1693/1583
f 1521/1658/1584 1520/1652/1584 1551/1694/1584
f 1508/1660/1585 1507/1653/1585 1538/1695/1585
f 1534/1656/1586 1565/1696/1586 1566/1699/1586
f 1521/1658/1587 1552/1697/1587 1553/1700/1587
f 1508/1660/1588 1539/1698/1588 1540/1701/1588
f 1535/1661/1589 1566/1699/1589 1567/1702/1589
f 1522/1663/1590 1553/1700/1590 1554/1703/1590
f 1510/1672/1591 1509/1665/1591 1540/1701/1591
f 1524/1675/1593 1523/1669/1593 1554/1703/1593
f 1510/1672/1594 1541/1704/1594 1542/1707/1594
f 1524/1675/1595 1555/1706/1595 1556/1708/1595
f 1512/1620/1596 1511/1676/1596 1542/1707/1596
f 1525/1678/1597 1556/1708/1597 1557/1710/1597
f 1513/1621/1598 1512/1620/1598 1543/1709/1598
f 1526/1617/1599 1557/1710/1599 1558/1680/1599
f 1513/1621/1600 1544/1711/1600 1545/1712/1600
f 1560/1683/1601 1591/1745/1601 1592/1713/1601
f 1548/1686/1602 1547/1684/1602 1578/1714/1602
f 1561/1685/1603 1592/1713/1603 1593/1716/1603
f 1549/1688/1604 1548/1686/1604 1579/1715/1604
f 1563/1689/1605 1562/1687/1605 1593/1716/1605
f 1549/1688/1606 1580/1717/1606 1581/1719/1606
f 1563/1689/2083 1594/1718/2083 1595/1722/2083
f 1551/1694/1609 1550/1690/1609 1581/1719/1609
f 1537/1692/1610 1568/1721/1610 1569/1724/1610
f 1565/1696/1611 1564/1693/1611 1595/1722/1611
f 1552/1697/1612 1551/1694/1612 1582/1723/1612
f 1538/1695/1613 1569/1724/1613 1570/1727/1613
f 1565/1696/1614 1596/1725/1614 1597/1728/1614
f 1552/1697/1615 1583/1726/1615 1584/1729/1615
f 1539/1698/1616 1570/1727/1616 1571/1730/1616
f 1566/1699/1617 1597/1728/1617 1598/1731/1617
f 1553/1700/1618 1584/1729/1618 1585/1732/1618
f 1540/1701/2084 1571/1730/2084 1572/1733/2084
f 1555/1706/1621 1554/1703/1621 1585/1732/1621
f 1541/1704/1622 1572/1733/1622 1573/1736/1622
f 1555/1706/1623 1586/1735/1623 1587/1737/1623
f 1542/1707/1624 1573/1736/1624 1574/1738/1624
f 1556/1708/1625 1587/1737/1625 1588/1739/1625
f 1544/1711/1626 1543/1709/1626 1574/1738/1626
f 1557/1710/1627 1588/1739/1627 1589/1741/1627
f 1544/1711/1628 1575/1740/1628 1576/1742/1628
f 1559/1681/1629 1558/1680/1629 1589/1741/1629
f 1545/1712/1630 1576/1742/1630 1577/1744/1630
f 1560/1683/1631 1559/1681/1631 1590/1743/1631
f 1547/1684/1632 1546/1682/1632 1577/1744/1632
f 1590/1743/1633 1589/1741/1633 1620/1746/1633
f 1576/1742/1634 1607/1778/1634 1608/1748/1634
f 1591/1745/1635 1590/1743/1635 1621/1747/1635
f 1578/1714/1636 1577/1744/1636 1608/1748/1636
f 1591/1745/1637 1622/1749/1637 1623/1751/1637
f 1579/1715/1638 1578/1714/1638 1609/1750/1638
f 1592/1713/1639 1623/1751/1639 1624/1753/1639
f 1580/1717/1640 1579/1715/1640 1610/1752/1640
f 1594/1718/1641 1593/1716/1641 1624/1753/1641
f 1580/1717/1642 1611/1754/1642 1612/1756/1642
f 1594/1718/1644 1625/1755/1644 1626/1759/1644
f 1582/1723/1645 1581/1719/1645 1612/1756/1645
f 1568/1721/1646 1599/1758/1646 1600/1761/1646
f 1596/1725/1647 1595/1722/1647 1626/1759/1647
f 1583/1726/1648 1582/1723/1648 1613/1760/1648
f 1569/1724/1649 1600/1761/1649 1601/1764/1649
f 1596/1725/1650 1627/1762/1650 1628/1765/1650
f 1583/1726/1651 1614/1763/1651 1615/1766/1651
f 1571/1730/1652 1570/1727/1652 1601/1764/1652
f 1597/1728/1653 1628/1765/1653 1629/1768/1653
f 1584/1729/1654 1615/1766/1654 1616/1769/1654
f 1572/1733/1655 1571/1730/1655 1602/1767/1655
f 1586/1735/1657 1585/1732/1657 1616/1769/1657
f 1572/1733/1658 1603/1770/1658 1604/1773/1658
f 1586/1735/1659 1617/1772/1659 1618/1774/1659
f 1573/1736/1660 1604/1773/1660 1605/1775/1660
f 1587/1737/1661 1618/1774/1661 1619/1776/1661
f 1575/1740/1662 1574/1738/1662 1605/1775/1662
f 1588/1739/1663 1619/1776/1663 1620/1746/1663
f 1575/1740/1664 1606/1777/1664 1607/1778/1664
f 1622/1749/1665 1653/1811/1665 1654/1779/1665
f 1610/1752/1666 1609/1750/1666 1640/1780/1666
f 1623/1751/1667 1654/1779/1667 1655/1782/1667
f 1610/1752/1668 1641/1781/1668 1642/1783/1668
f 1625/1755/1669 1624/1753/1669 1655/1782/1669
f 1611/1754/1670 1642/1783/1670 1643/1785/1670
f 1625/1755/1672 1656/1784/1672 1657/1788/1672
f 1613/1760/1673 1612/1756/1673 1643/1785/1673
f 1599/1758/1674 1630/1787/1674 1631/1790/1674
f 1626/1759/1675 1657/1788/1675 1658/1791/1675
f 1614/1763/1676 1613/1760/1676 1644/1789/1676
f 1600/1761/1677 1631/1790/1677 1632/1793/1677
f 1627/1762/1678 1658/1791/1678 1659/1794/1678
f 1614/1763/1679 1645/1792/1679 1646/1795/1679
f 1601/1764/1680 1632/1793/1680 1633/1796/1680
f 1629/1768/1681 1628/1765/1681 1659/1794/1681
f 1615/1766/1682 1646/1795/1682 1647/1798/1682
f 1602/1767/1683 1633/1796/1683 1634/1799/1683
f 1617/1772/1685 1616/1769/1685 1647/1798/1685
f 1603/1770/1686 1634/1799/1686 1635/1802/1686
f 1617/1772/1687 1648/1801/1687 1649/1803/1687
f 1605/1775/1688 1604/1773/1688 1635/1802/1688
f 1618/1774/1689 1649/1803/1689 1650/1805/1689
f 1606/1777/1690 1605/1775/1690 1636/1804/1690
f 1619/1776/1691 1650/1805/1691 1651/1807/1691
f 1606/1777/1692 1637/1806/1692 1638/1808/1692
f 1621/1747/1693 1620/1746/1693 1651/1807/1693
f 1607/1778/1694 1638/1808/1694 1639/1810/1694
f 1622/1749/1695 1621/1747/1695 1652/1809/1695
f 1609/1750/1696 1608/1748/1696 1639/1810/1696
f 1656/1784/1697 1655/1782/1697 1686/1812/1697
f 1642/1783/1698 1673/1844/1698 1674/1814/1698
f 1656/1784/1700 1687/1813/1700 1688/1817/1700
f 1644/1789/1701 1643/1785/1701 1674/1814/1701
f 1630/1787/1702 1661/1816/1702 1662/1819/1702
f 1657/1788/1703 1688/1817/1703 1689/1820/1703
f 1645/1792/1704 1644/1789/1704 1675/1818/1704
f 1631/1790/1705 1662/1819/1705 1663/1822/1705
f 1658/1791/1706 1689/1820/1706 1690/1823/1706
f 1645/1792/1707 1676/1821/1707 1677/1824/1707
f 1633/1796/1708 1632/1793/1708 1663/1822/1708
f 1660/1797/1709 1659/1794/1709 1690/1823/1709
f 1646/1795/1710 1677/1824/1710 1678/1827/1710
f 1634/1799/1711 1633/1796/1711 1664/1825/1711
f 1648/1801/1713 1647/1798/1713 1678/1827/1713
f 1634/1799/1714 1665/1828/1714 1666/1831/1714
f 1648/1801/1715 1679/1830/1715 1680/1832/1715
f 1636/1804/1716 1635/1802/1716 1666/1831/1716
f 1649/1803/1717 1680/1832/1717 1681/1834/1717
f 1637/1806/1718 1636/1804/1718 1667/1833/1718
f 1650/1805/1719 1681/1834/1719 1682/1836/1719
f 1637/1806/1720 1668/1835/1720 1669/1837/1720
f 1651/1807/1721 1682/1836/1721 1683/1838/1721
f 1639/1810/1722 1638/1808/1722 1669/1837/1722
f 1653/1811/1723 1652/1809/1723 1683/1838/1723
f 1640/1780/1724 1639/1810/1724 1670/1839/1724
f 1653/1811/1725 1684/1840/1725 1685/1842/1725
f 1641/1781/1726 1640/1780/1726 1671/1841/1726
f 1655/1782/1727 1654/1779/1727 1685/1842/1727
f 1641/1781/1728 1672/1843/1728 1673/1844/1728
f 1661/1816/1729 1692/1876/1729 1693/1845/1729
f 1688/1817/1730 1719/1877/1730 1720/1846/1730
f 1676/1821/1731 1675/1818/1731 1706/1847/1731
f 1662/1819/1732 1693/1845/1732 1694/1849/1732
f 1689/1820/1733 1720/1846/1733 1721/1850/1733
f 1676/1821/1734 1707/1848/1734 1708/1851/1734
f 1663/1822/1735 1694/1849/1735 1695/1852/1735
f 1690/1823/1736 1721/1850/1736 1722/1853/1736
f 1677/1824/1737 1708/1851/1737 1709/1854/1737
f 1664/1825/1738 1695/1852/1738 1696/1855/1738
f 1679/1830/1740 1678/1827/1740 1709/1854/1740
f 1665/1828/1741 1696/1855/1741 1697/1858/1741
f 1679/1830/1742 1710/1857/1742 1711/1859/1742
f 1667/1833/1743 1666/1831/1743 1697/1858/1743
f 1680/1832/1744 1711/1859/1744 1712/1861/1744
f 1668/1835/1745 1667/1833/1745 1698/1860/1745
f 1681/1834/1746 1712/1861/1746 1713/1863/1746
f 1668/1835/1747 1699/1862/1747 1700/1864/1747
f 1683/1838/1748 1682/1836/1748 1713/1863/1748
f 1669/1837/1749 1700/1864/1749 1701/1866/1749
f 1684/1840/1750 1683/1838/1750 1714/1865/1750
f 1671/1841/1751 1670/1839/1751 1701/1866/1751
f 1684/1840/1752 1715/1867/1752 1716/1869/1752
f 1672/1843/1753 1671/1841/1753 1702/1868/1753
f 1685/1842/1754 1716/1869/1754 1717/1871/1754
f 1673/1844/1755 1672/1843/1755 1703/1870/1755
f 1687/1813/1756 1686/1812/1756 1717/1871/1756
f 1673/1844/1757 1704/1872/1757 1705/1874/1757
f 1687/1813/1759 1718/1873/1759 1719/1877/1759
f 1675/1818/1760 1674/1814/1760 1705/1874/1760
f 1694/1849/1761 1725/1909/1761 1726/1878/1761
f 1722/1853/2085 1721/1850/2085 1752/1879/2085
f 1708/1851/1763 1739/1910/1763 1740/1881/1763
f 1695/1852/1764 1726/1878/1764 1727/1882/1764
f 1710/1857/1766 1709/1854/1766 1740/1881/1766
f 1696/1855/1767 1727/1882/1767 1728/1885/1767
f 1710/1857/1768 1741/1884/1768 1742/1886/1768
f 1697/1858/1769 1728/1885/1769 1729/1887/1769
f 1711/1859/1770 1742/1886/1770 1743/1888/1770
f 1699/1862/1771 1698/1860/1771 1729/1887/1771
f 1712/1861/1772 1743/1888/1772 1744/1890/1772
f 1699/1862/1773 1730/1889/1773 1731/1891/1773
f 1714/1865/1774 1713/1863/1774 1744/1890/1774
f 1700/1864/1775 1731/1891/1775 1732/1893/1775
f 1715/1867/1776 1714/1865/1776 1745/1892/1776
f 1702/1868/1777 1701/1866/1777 1732/1893/1777
f 1715/1867/1778 1746/1894/1778 1747/1896/1778
f 1703/1870/1779 1702/1868/1779 1733/1895/1779
f 1717/1871/1780 1716/1869/1780 1747/1896/1780
f 1704/1872/1781 1703/1870/1781 1734/1897/1781
f 1718/1873/1782 1717/1871/1782 1748/1898/1782
f 1704/1872/1783 1735/1899/1783 1736/1901/1783
f 1718/1873/1785 1749/1900/1785 1750/1904/1785
f 1706/1847/1786 1705/1874/1786 1736/1901/1786
f 1692/1876/2086 1723/1903/2086 1724/1906/2086
f 1719/1877/1788 1750/1904/1788 1751/1907/1788
f 1707/1848/1789 1706/1847/1789 1737/1905/1789
f 1694/1849/1790 1693/1845/1790 1724/1906/1790
f 1720/1846/1791 1751/1907/1791 1752/1879/1791
f 1707/1848/1792 1738/1908/1792 1739/1910/1792
f 1727/1882/1793 1758/1941/1793 1759/1911/1793
f 1741/1884/1794 1772/1943/1794 1773/1912/1794
f 1728/1885/1795 1759/1911/1795 1760/1913/1795
f 1742/1886/1796 1773/1912/1796 1774/1914/1796
f 1730/1889/1797 1729/1887/1797 1760/1913/1797
f 1743/1888/1798 1774/1914/1798 1775/1916/1798
f 1730/1889/1799 1761/1915/1799 1762/1917/1799
f 1745/1892/1800 1744/1890/1800 1775/1916/1800
f 1731/1891/1801 1762/1917/1801 1763/1919/1801
f 1746/1894/1802 1745/1892/1802 1776/1918/1802
f 1733/1895/1803 1732/1893/1803 1763/1919/1803
f 1746/1894/1804 1777/1920/1804 1778/1922/1804
f 1734/1897/1805 1733/1895/1805 1764/1921/1805
f 1748/1898/1806 1747/1896/1806 1778/1922/1806
f 1734/1897/1807 1765/1923/1807 1766/1925/1807
f 1749/1900/1808 1748/1898/1808 1779/1924/1808
f 1735/1899/1809 1766/1925/1809 1767/1927/1809
f 1749/1900/1811 1780/1926/1811 1781/1930/1811
f 1736/1901/1812 1767/1927/1812 1768/1931/1812
f 1723/1903/1813 1754/1929/1813 1755/1932/1813
f 1751/1907/1814 1750/1904/1814 1781/1930/1814
f 1738/1908/1815 1737/1905/1815 1768/1931/1815
f 1724/1906/1816 1755/1932/1816 1756/1935/1816
f 1751/1907/1817 1782/1933/1817 1783/1936/1817
f 1738/1908/1818 1769/1934/1818 1770/1937/1818
f 1725/1909/1819 1756/1935/1819 1757/1938/1819
f 1753/1880/1820 1752/1879/1820 1783/1936/1820
f 1739/1910/1821 1770/1937/1821 1771/1940/1821
f 1726/1878/1822 1757/1938/1822 1758/1941/1822
f 1741/1884/1824 1740/1881/1824 1771/1940/1824
f 1761/1915/1825 1760/1913/1825 1791/1944/1825
f 1774/1914/1826 1805/1976/1826 1806/1946/1826
f 1761/1915/1827 1792/1945/1827 1793/1947/1827
f 1776/1918/1828 1775/1916/1828 1806/1946/1828
f 1762/1917/1829 1793/1947/1829 1794/1949/1829
f 1777/1920/1830 1776/1918/1830 1807/1948/1830
f 1764/1921/1831 1763/1919/1831 1794/1949/1831
f 1777/1920/1832 1808/1950/1832 1809/1952/1832
f 1765/1923/1833 1764/1921/1833 1795/1951/1833
f 1779/1924/1834 1778/1922/1834 1809/1952/1834
f 1766/1925/1835 1765/1923/1835 1796/1953/1835
f 1780/1926/1836 1779/1924/1836 1810/1954/1836
f 1766/1925/1837 1797/1955/1837 1798/1957/1837
f 1781/1930/1839 1780/1926/1839 1811/1956/1839
f 1768/1931/1840 1767/1927/1840 1798/1957/1840
f 1754/1929/2087 1785/1959/2087 1786/1962/2087
f 1781/1930/1842 1812/1960/1842 1813/1963/1842
f 1769/1934/1843 1768/1931/1843 1799/1961/1843
f 1756/1935/1844 1755/1932/1844 1786/1962/1844
f 1782/1933/1845 1813/1963/1845 1814/1966/1845
f 1769/1934/1846 1800/1964/1846 1801/1967/1846
f 1756/1935/1847 1787/1965/1847 1788/1968/1847
f 1784/1939/2088 1783/1936/2088 1814/1966/2088
f 1770/1937/1849 1801/1967/1849 1802/1970/1849
f 1758/1941/1850 1757/1938/1850 1788/1968/1850
f 1772/1943/1852 1771/1940/1852 1802/1970/1852
f 1758/1941/1853 1789/1971/1853 1790/1974/1853
f 1772/1943/1854 1803/1973/1854 1804/1975/1854
f 1759/1911/1855 1790/1974/1855 1791/1944/1855
f 1773/1912/1856 1804/1975/1856 1805/1976/1856
f 1793/1947/1857 1824/2009/1857 1825/1977/1857
f 1808/1950/1858 1807/1948/1858 1838/1978/1858
f 1795/1951/1859 1794/1949/1859 1825/1977/1859
f 1808/1950/1860 1839/1979/1860 1840/1981/1860
f 1795/1951/1861 1826/1980/1861 1827/1982/1861
f 1810/1954/1862 1809/1952/1862 1840/1981/1862
f 1797/1955/1863 1796/1953/1863 1827/1982/1863
f 1811/1956/1864 1810/1954/1864 1841/1983/1864
f 1797/1955/1865 1828/1984/1865 1829/1986/1865
f 1811/1956/1867 1842/1985/1867 1843/1989/1867
f 1799/1961/1868 1798/1957/1868 1829/1986/1868
f 1785/1959/1869 1816/1988/1869 1817/1991/1869
f 1812/1960/1870 1843/1989/1870 1844/1992/1870
f 1800/1964/1871 1799/1961/1871 1830/1990/1871
f 1786/1962/1872 1817/1991/1872 1818/1994/1872
f 1813/1963/1873 1844/1992/1873 1845/1995/1873
f 1800/1964/1874 1831/1993/1874 1832/1996/1874
f 1787/1965/1875 1818/1994/1875 1819/1997/1875
f 1815/1969/1876 1814/1966/1876 1845/1995/1876
f 1801/1967/1877 1832/1996/1877 1833/1999/1877
f 1788/1968/1878 1819/1997/1878 1820/2000/1878
f 1803/1973/1880 1802/1970/1880 1833/1999/1880
f 1789/1971/1881 1820/2000/1881 1821/2003/1881
f 1803/1973/1882 1834/2002/1882 1835/2004/1882
f 1790/1974/1883 1821/2003/1883 1822/2005/1883
f 1804/1975/1884 1835/2004/1884 1836/2006/1884
f 1792/1945/1885 1791/1944/1885 1822/2005/1885
f 1805/1976/1886 1836/2006/1886 1837/2008/1886
f 1792/1945/1887 1823/2007/1887 1824/2009/1887
f 1807/1948/1888 1806/1946/1888 1837/2008/1888
f 1826/1980/1889 1857/2041/1889 1858/2010/1889
f 1840/1981/1890 1871/2042/1890 1872/2011/1890
f 1828/1984/1891 1827/1982/1891 1858/2010/1891
f 1842/1985/1892 1841/1983/1892 1872/2011/1892
f 1828/1984/1893 1859/2012/1893 1860/2014/1893
f 1842/1985/1895 1873/2013/1895 1874/2017/1895
f 1830/1990/1896 1829/1986/1896 1860/2014/1896
f 1816/1988/1897 1847/2016/1897 1848/2019/1897
f 1843/1989/1898 1874/2017/1898 1875/2020/1898
f 1831/1993/1899 1830/1990/1899 1861/2018/1899
f 1818/1994/1900 1817/1991/1900 1848/2019/1900
f 1844/1992/1901 1875/2020/1901 1876/2023/1901
f 1831/1993/1902 1862/2021/1902 1863/2024/1902
f 1819/1997/1903 1818/1994/1903 1849/2022/1903
f 1846/1998/1904 1845/1995/1904 1876/2023/1904
f 1832/1996/1905 1863/2024/1905 1864/2027/1905
f 1819/1997/1906 1850/2025/1906 1851/2028/1906
f 1834/2002/1908 1833/1999/1908 1864/2027/1908
f 1820/2000/1909 1851/2028/1909 1852/2031/1909
f 1834/2002/1910 1865/2030/1910 1866/2032/1910
f 1821/2003/1911 1852/2031/1911 1853/2033/1911
f 1836/2006/1912 1835/2004/1912 1866/2032/1912
f 1823/2007/1913 1822/2005/1913 1853/2033/1913
f 1836/2006/1914 1867/2034/1914 1868/2036/1914
f 1823/2007/1915 1854/2035/1915 1855/2037/1915
f 1838/1978/1916 1837/2008/1916 1868/2036/1916
f 1824/2009/1917 1855/2037/1917 1856/2039/1917
f 1839/1979/1918 1838/1978/1918 1869/2038/1918
f 1826/1980/1919 1825/1977/1919 1856/2039/1919
f 1839/1979/1920 1870/2040/1920 1871/2042/1920
f 1859/2012/1921 1890/2074/1921 1891/2043/1921
f 1873/2013/1923 1904/2075/1923 1905/2046/1923
f 1861/2018/1924 1860/2014/1924 1891/2043/1924
f 1847/2016/1925 1878/2045/1925 1879/2048/1925
f 1874/2017/1926 1905/2046/1926 1906/2049/1926
f 1862/2021/1927 1861/2018/1927 1892/2047/1927
f 1848/2019/1928 1879/2048/1928 1880/2051/1928
f 1875/2020/2089 1906/2049/2089 1907/2052/2089
f 1862/2021/1930 1893/2050/1930 1894/2053/1930
f 1849/2022/1931 1880/2051/1931 1881/2054/1931
f 1877/2026/1932 1876/2023/1932 1907/2052/1932
f 1863/2024/1933 1894/2053/1933 1895/2056/1933
f 1850/2025/1934 1881/2054/1934 1882/2057/1934
f 1865/2030/1936 1864/2027/1936 1895/2056/1936
f 1851/2028/2090 1882/2057/2090 1883/2060/2090
f 1865/2030/1938 1896/2059/1938 1897/2061/1938
f 1853/2033/1939 1852/2031/1939 1883/2060/1939
f 1866/2032/1940 1897/2061/1940 1898/2063/1940
f 1854/2035/1941 1853/2033/1941 1884/2062/1941
f 1867/2034/1942 1898/2063/1942 1899/2065/1942
f 1854/2035/1943 1885/2064/1943 1886/2066/1943
f 1869/2038/1944 1868/2036/1944 1899/2065/1944
f 1855/2037/1945 1886/2066/1945 1887/2068/1945
f 1870/2040/1946 1869/2038/1946 1900/2067/1946
f 1857/2041/1947 1856/2039/1947 1887/2068/1947
f 1870/2040/1948 1901/2069/1948 1902/2071/1948
f 1857/2041/1949 1888/2070/1949 1889/2072/1949
f 1871/2042/1950 1902/2071/1950 1903/2073/1950
f 1859/2012/1951 1858/2010/1951 1889/2072/1951
f 1872/2011/2091 1903/2073/2091 1904/2075/2091
f 1893/2050/1953 1892/2047/1953 1923/2076/1953
f 1879/2048/1954 1910/2107/1954 1911/2078/1954
f 1906/2049/1955 1937/2108/1955 1938/2079/1955
f 1893/2050/1956 1924/2077/1956 1925/2080/1956
f 1880/2051/1957 1911/2078/1957 1912/2081/1957
f 1907/2052/1958 1938/2079/1958 1939/2082/1958
f 1894/2053/1959 1925/2080/1959 1926/2083/1959
f 1881/2054/1960 1912/2081/1960 1913/2084/1960
f 1896/2059/1962 1895/2056/1962 1926/2083/1962
f 1882/2057/1963 1913/2084/1963 1914/2087/1963
f 1896/2059/1964 1927/2086/1964 1928/2088/1964
f 1883/2060/1965 1914/2087/1965 1915/2089/1965
f 1898/2063/1966 1897/2061/1966 1928/2088/1966
f 1885/2064/1967 1884/2062/1967 1915/2089/1967
f 1898/2063/1968 1929/2090/1968 1930/2092/1968
f 1885/2064/1969 1916/2091/1969 1917/2093/1969
f 1900/2067/1970 1899/2065/1970 1930/2092/1970
f 1886/2066/1971 1917/2093/1971 1918/2095/1971
f 1901/2069/1972 1900/2067/1972 1931/2094/1972
f 1888/2070/1973 1887/2068/1973 1918/2095/1973
f 1901/2069/1974 1932/2096/1974 1933/2098/1974
f 1888/2070/1975 1919/2097/1975 1920/2099/1975
f 1903/2073/1976 1902/2071/1976 1933/2098/1976
f 1890/2074/1977 1889/2072/1977 1920/2099/1977
f 1904/2075/1978 1903/2073/1978 1934/2100/1978
f 1890/2074/1979 1921/2101/1979 1922/2103/1979
f 1904/2075/1981 1935/2102/1981 1936/2106/1981
f 1892/2047/1982 1891/2043/1982 1922/2103/1982
f 1878/2045/1983 1909/2105/1983 1910/2107/1983
f 1905/2046/1984 1936/2106/1984 1937/2108/1984
f 1925/2080/1985 1956/2140/1985 1957/2109/1985
f 1912/2081/1986 1943/2141/1986 1944/2110/1986
f 1927/2086/1988 1926/2083/1988 1957/2109/1988
f 1913/2084/1989 1944/2110/1989 1945/2114/1989
f 1927/2086/1990 1958/2113/1990 1959/2115/1990
f 1915/2089/1991 1914/2087/1991 1945/2114/1991
f 1928/2088/1992 1959/2115/1992 1960/2117/1992
f 1916/2091/1993 1915/2089/1993 1946/2116/1993
f 1929/2090/1994 1960/2117/1994 1961/2119/1994
f 1916/2091/1995 1947/2118/1995 1948/2120/1995
f 1931/2094/1996 1930/2092/1996 1961/2119/1996
f 1917/2093/1997 1948/2120/1997 1949/2122/1997
f 1932/2096/1998 1931/2094/1998 1962/2121/1998
f 1919/2097/1999 1918/2095/1999 1949/2122/1999
f 1932/2096/2000 1963/2123/2000 1964/2125/2000
f 1919/2097/2001 1950/2124/2001 1951/2126/2001
f 1933/2098/2002 1964/2125/2002 1965/2127/2002
f 1921/2101/2003 1920/2099/2003 1951/2126/2003
f 1935/2102/2004 1934/2100/2004 1965/2127/2004
f 1921/2101/2005 1952/2128/2005 1953/2130/2005
f 1936/2106/2007 1935/2102/2007 1966/2129/2007
f 1923/2076/2008 1922/2103/2008 1953/2130/2008
f 1909/2105/2009 1940/2132/2009 1941/2135/2009
f 1936/2106/2010 1967/2133/2010 1968/2136/2010
f 1924/2077/2011 1923/2076/2011 1954/2134/2011
f 1910/2107/2012 1941/2135/2012 1942/2138/2012
f 1937/2108/2013 1968/2136/2013 1969/2139/2013
f 1924/2077/2014 1955/2137/2014 1956/2140/2014
f 1912/2081/2015 1911/2078/2015 1942/2138/2015
f 1938/2079/2016 1969/2139/2016 1970/2112/2016
f 1958/2113/2017 11/24/2017 12/28/2017
f 1945/2114/2018 1972/26/2018 1973/30/2018
f 1959/2115/2019 12/28/2019 13/32/2019
f 1947/2118/2020 1946/2116/2020 1973/30/2020
f 1960/2117/2021 13/32/2021 1979/36/2021
f 1947/2118/2022 1974/33/2022 1975/37/2022
f 1962/2121/2023 1961/2119/2023 1979/36/2023
f 1948/2120/2024 1975/37/2024 1976/41/2024
f 1963/2123/2025 1962/2121/2025 1980/40/2025
f 1950/2124/2026 1949/2122/2026 1976/41/2026
f 1963/2123/2027 1981/44/2027 1982/48/2027
f 1951/2126/2028 1950/2124/2028 5/45/2028
f 1964/2125/2029 1982/48/2029 1983/51/2029
f 1952/2128/2030 1951/2126/2030 6/50/2030
f 1966/2129/2031 1965/2127/2031 1983/51/2031
f 1952/2128/2032 7/53/2032 1977/57/2032
f 1966/2129/2034 1984/55/2034 1985/1/2034
f 1954/2134/2035 1953/2130/2035 1977/57/2035
f 1941/2135/2036 1940/2132/2036 1/59/2036
f 1968/2136/2092 1967/2133/2092 1985/1/2092
f 1955/2137/2038 1954/2134/2038 8/4/2038
f 1942/2138/2039 1941/2135/2039 2/7/2039
f 1969/2139/2040 1968/2136/2040 14/3/2040
f 1955/2137/2041 9/6/2041 10/13/2041
f 1942/2138/2093 3/9/2093 1971/14/2093
f 1969/2139/2043 1986/11/2043 15/17/2043
f 1956/2140/2044 10/13/2044 1978/19/2044
f 1944/2110/2045 1943/2141/2045 1971/14/2045
f 1958/2113/2047 1957/2109/2047 1978/19/2047
f 1945/2114/2094 1944/2110/2094 4/20/2094
